amount,transaction_hour,account_age_days,num_transactions_last_24h,distance_from_home_km,is_foreign_transaction,is_online,class
9.39,11,2659,5,7.0228248007933765,0,0,0
120.09,12,386,2,6.304859047879092,0,0,0
14.22,7,1502,2,1.39377378997197,0,0,0
35.12,10,1737,2,21.9909396899336,0,0,0
28.1,11,2772,1,0.02826586551173449,0,1,0
22.23,22,2597,2,1.6921401331247146,0,0,0
106.48,13,1255,1,9.949816867154242,0,1,0
65.63,10,637,1,6.533816733864911,0,0,0
443.21,0,216,11,200.7398178385068,0,1,1
164.14,13,456,5,6.823268303594965,0,0,0
70.47,13,1644,3,4.289856718211984,0,0,0
53.76,16,2707,8,11.854258138133726,0,0,0
107.78,9,498,5,0.8701548874099752,0,0,0
30.84,13,1492,2,0.34337193529869037,0,1,0
58.13,14,1313,0,9.25144213732772,0,0,0
118.62,18,859,3,0.10038686318942691,0,1,0
23.9,20,2159,0,0.20101080338352872,0,0,0
119.24,13,1495,4,1.864754122789825,0,0,0
47.32,11,1505,4,10.019458641551129,0,0,0
85.66,11,1979,6,15.440075080449677,0,0,0
120.65,14,1004,1,8.188346354814508,0,0,0
70.29,16,2773,3,12.008864102362292,0,0,0
27.0,15,2174,4,15.976670801366714,0,1,0
21.99,15,795,2,13.338296850824692,0,1,0
82.08,10,33,0,5.270150027671231,0,0,0
46.37,15,1366,2,13.501286752727443,0,0,0
125.94,11,1387,5,19.262291951305194,0,0,0
166.18,19,1545,4,4.284671396708136,0,0,0
24.62,18,2765,4,11.391403690060459,0,0,0
63.63,18,2272,5,21.68241167249473,0,0,0
42.95,12,2679,5,5.257213891263256,0,0,0
9.92,7,188,3,8.224142939282823,1,1,0
18.89,16,2316,2,2.9783690277480126,0,0,0
21.29,23,975,4,5.480003713010876,0,1,0
84.62,20,538,2,16.831171870272847,0,1,0
124.65,10,1988,4,16.285612281935286,0,0,0
35.65,15,1961,2,24.000630415796138,0,1,0
67.3,16,990,1,13.387328461143852,0,0,0
154.68,7,873,4,19.229571639726444,0,0,0
87.17,5,946,1,7.45781316361248,0,0,0
176.67,17,2887,3,3.3116767667013303,0,0,0
35.78,16,75,1,13.937208707180915,0,0,0
85.16,12,1116,3,2.066594558755346,0,1,0
65.67,18,296,3,15.684726242909305,0,0,0
42.03,23,182,3,3.1727974757482382,0,0,0
909.5,1,54,10,675.5269311892807,1,1,1
84.06,15,792,1,10.155966078378341,0,0,0
34.61,15,1726,2,8.761630359514491,0,1,0
181.38,18,2125,3,6.225952126916388,0,0,0
55.43,15,1226,6,1.1255789594172807,0,0,0
129.91,10,1553,3,9.86299877351765,0,0,0
75.17,12,2822,2,16.32797262211406,0,1,0
8.4,9,1633,3,10.229550247388868,0,0,0
60.72,14,2337,0,22.811799570536664,0,0,0
60.64,19,2048,3,11.062962768538409,0,0,0
152.97,11,501,2,6.613976237715643,0,0,0
116.89,9,1269,4,11.180311828667946,0,1,0
274.09,12,1341,1,4.301366817496657,0,1,0
20.75,12,1735,2,1.656973921110295,0,0,0
149.38,13,2663,4,18.679025598326362,0,1,0
47.57,15,2727,2,6.011991653529345,0,0,0
63.32,15,2265,5,19.580649129647124,0,0,0
30.89,10,2787,1,4.330528422904083,0,0,0
107.32,9,796,0,13.17938167330173,0,0,0
14.77,15,482,5,9.954028422310477,0,1,0
107.48,17,962,6,1.9076697101794302,0,0,0
42.47,17,2502,3,16.226251316658555,0,1,0
65.58,13,200,4,6.132476615417909,0,0,0
66.2,15,923,1,5.013358004983495,0,1,0
86.71,4,970,4,3.5185568236985088,0,0,0
118.14,22,2836,3,3.714850834467919,0,0,0
243.12,15,2829,1,8.713991229101577,0,1,0
45.06,12,1642,3,16.986333856862423,0,0,0
66.86,23,71,6,11.417812462643965,0,1,0
124.6,12,187,5,10.369471821228764,0,1,0
22.34,14,296,3,14.418362821959338,0,0,0
48.98,12,1806,7,13.674774071630136,0,0,0
146.47,18,1739,2,14.898789527884766,0,1,0
255.14,11,2290,1,17.106444737708408,0,0,0
43.85,16,1280,0,18.12752300523708,0,0,0
5.03,10,532,4,7.5530682303836345,0,0,0
29.86,18,226,1,21.420245024588446,0,1,0
29.16,13,2201,3,1.3281128114712883,0,1,0
38.24,17,2899,6,10.149161263254982,0,0,0
17.5,7,981,4,0.45464653138025923,0,1,0
162.76,10,176,6,7.6985964247790974,0,0,0
69.77,17,446,2,3.90895569705509,0,0,0
49.01,15,1543,5,6.645037198483207,0,0,0
18.78,13,1042,1,10.9180863914398,0,0,0
99.75,13,722,1,2.7061069519016163,0,1,0
11.2,11,2854,1,13.281144740216734,0,0,0
238.76,8,1007,3,1.2100394856938097,1,0,0
72.55,15,841,1,4.897604083704193,0,1,0
99.39,10,2305,1,7.945694499143759,0,1,0
92.13,13,2064,3,5.443307505044514,0,0,0
230.12,11,2979,3,7.111904976486203,0,0,0
42.97,20,484,1,4.3524335674452885,0,0,0
71.8,17,825,1,1.186807140558126,0,1,0
28.9,14,1124,3,0.5978362330794953,1,1,0
94.71,12,993,3,5.900591549773289,0,0,0
31.35,12,1740,3,5.3679796200577385,0,1,0
55.9,23,2197,3,1.0931136472798118,0,1,0
213.14,9,1120,5,1.2233329345406223,0,0,0
71.17,14,1976,4,8.773301249197637,1,1,0
17.37,9,956,4,1.2939971732773543,0,1,0
23.08,13,1705,4,11.779586211487963,0,0,0
112.2,11,451,1,7.9427717186742495,0,1,0
53.45,12,447,3,5.656134796183635,0,0,0
36.94,12,369,4,0.7870967121981822,0,1,0
54.41,20,1853,3,8.80608788204339,0,0,0
65.2,10,1461,3,4.980972342470641,0,1,0
100.08,19,708,6,6.178577297321343,0,0,0
43.89,9,1662,0,0.03279880040597405,0,0,0
166.22,14,2246,2,8.04659654775761,0,0,0
44.57,14,2330,6,14.785178336599735,0,0,0
42.24,15,2934,2,9.042862475075669,0,0,0
125.66,10,2225,1,0.040827690281436624,0,0,0
52.81,12,1429,7,12.037715562273437,0,0,0
129.22,14,2310,3,8.42045813897234,0,1,0
20.25,14,871,4,12.121878391142381,0,0,0
23.46,8,2829,3,2.9852549637453945,0,1,0
97.81,9,2243,5,0.6415230937273,0,0,0
49.45,14,2446,1,4.240383598882857,0,1,0
24.79,6,620,4,11.574599607627896,0,1,0
50.61,23,1274,4,15.54539600625024,0,0,0
131.68,19,375,4,11.049760687853269,0,0,0
29.04,19,2426,5,10.126983675072905,0,0,0
71.04,9,301,8,1.6031798443161622,0,0,0
144.26,15,1000,3,5.053369228645055,0,1,0
53.76,10,2081,1,1.49628834275468,0,0,0
35.92,21,2600,2,6.354320250616434,0,0,0
42.18,18,2885,5,0.4898229996181529,0,0,0
115.7,14,604,4,13.98996698927331,0,0,0
212.43,15,2927,3,9.8745907690763,0,0,0
290.33,9,2797,3,9.501991184408027,0,1,0
71.68,14,2098,3,9.403697429802207,0,0,0
75.1,15,651,0,11.055752181681857,0,1,0
139.95,19,2796,1,8.129271307723743,0,1,0
172.02,8,1590,5,7.155833595821072,0,0,0
36.43,15,848,4,3.0507061941527684,0,0,0
55.78,18,585,3,14.28056936218215,0,1,0
98.67,14,2868,1,33.222229626433545,0,0,0
152.49,20,1836,4,16.27279022147244,0,0,0
193.68,20,2271,4,3.0456250617462803,0,0,0
105.59,16,1002,4,7.872504426494736,0,0,0
36.32,6,2331,7,6.909258938351291,0,1,0
121.46,12,1379,3,6.9991386505748405,0,0,0
6.95,10,2680,2,15.115439269267192,0,0,0
53.57,13,2759,3,2.0813149277993395,1,0,0
79.42,13,477,5,25.071299029735915,1,0,0
107.39,7,1139,4,10.71427755437163,0,1,0
48.79,9,157,4,9.879561040364418,0,1,0
53.62,13,2678,1,5.001373425116878,0,1,0
11.77,15,1405,3,21.937360420726893,0,1,0
139.15,13,1270,1,9.003229562463623,1,0,0
46.87,12,486,4,0.34896741314904034,0,0,0
122.7,11,2061,0,6.852380030280186,0,0,0
120.81,10,971,3,4.695624558586566,0,1,0
89.71,16,304,0,0.7702641763866236,0,1,0
86.89,2,347,5,2.702453639807766,0,0,0
198.13,10,2294,3,3.6355739128784883,0,0,0
24.47,7,2083,7,3.2604506248488363,0,0,0
96.17,13,1731,2,2.3798136716578555,1,1,0
39.24,15,2249,2,2.1430040458855126,0,1,0
201.42,16,347,1,4.1847425684356505,0,1,0
258.85,11,1219,6,4.280234277054419,0,1,0
172.83,10,2677,2,3.64769354156995,0,0,0
6.69,18,382,3,7.427671369495624,0,0,0
34.77,10,2831,3,6.6819069344153625,1,1,0
25.9,13,502,3,4.891028407704379,0,1,0
71.24,15,220,2,7.904480349709292,0,1,0
127.74,15,1872,5,13.31335812874369,0,0,0
136.05,16,1660,3,15.255961873038308,0,0,0
227.55,13,2669,5,22.03516614787154,0,0,0
182.82,18,300,2,6.1646874960289075,0,1,0
58.62,17,2249,3,3.320634968170962,0,1,0
180.42,13,1265,0,4.500430109994621,0,0,0
675.03,1,374,14,323.2286609354415,1,1,1
144.61,15,650,1,8.414647235578059,0,1,0
109.52,15,1023,2,8.136123520011273,0,0,0
146.73,12,1984,3,18.451456603598174,0,1,0
135.87,15,1553,1,0.0022314848622304595,0,0,0
75.86,9,501,3,8.784392548738978,0,1,0
82.89,14,2321,4,17.02414848468735,0,0,0
55.02,8,2283,6,0.4968534387070509,0,1,0
266.77,11,2640,3,1.6936123208446432,0,1,0
123.39,14,2315,1,8.011893068920235,0,1,0
61.66,21,1539,5,3.1748795851841844,0,0,0
95.37,11,1028,2,7.024576008031522,1,0,0
26.11,13,1475,1,11.157837787048429,0,1,0
47.82,9,1392,2,0.8724668312790591,0,0,0
226.26,9,765,2,1.2699651295337238,0,0,0
37.31,16,168,7,13.501627068097543,0,0,0
61.85,13,925,5,17.394677732236882,0,0,0
65.49,18,2519,4,7.508774751509012,0,1,0
48.73,18,1928,4,9.999022252486103,0,1,0
202.38,9,2622,2,12.329980157526155,0,0,0
104.0,7,517,1,2.7615712350717816,0,0,0
142.33,9,2282,1,3.8231098694787686,0,1,0
39.88,12,1917,3,11.58516977863122,0,0,0
9.7,14,206,6,3.002420668356855,0,1,0
51.97,4,818,2,0.32613930845472616,0,1,0
46.02,15,711,6,0.6201453982568772,0,0,0
62.22,8,2250,2,1.5876552541456013,0,1,0
58.23,9,621,5,19.588247957334417,0,0,0
11.06,9,1735,3,1.3360298391897527,0,0,0
96.48,4,1366,3,0.8267688324829976,0,1,0
135.52,18,352,4,6.9750723904296,0,0,0
61.78,12,1862,2,17.961962589883,0,1,0
109.29,5,2962,3,1.890631624739783,0,1,0
544.41,16,546,5,14.311889855264289,0,1,0
31.36,14,751,3,6.387066964439396,0,0,0
32.74,13,1401,2,7.0300524705907765,0,1,0
59.04,14,595,3,11.349126786729986,0,1,0
137.42,11,1980,2,3.105377898394198,0,0,0
21.43,14,1469,2,0.920573617442078,0,1,0
21.16,15,1858,2,0.5537598693920334,0,0,0
140.08,15,1359,4,3.8988875065900928,0,1,0
177.61,3,1705,5,15.75478961570377,0,1,0
10.85,17,1892,2,2.9878175612747278,0,1,0
62.92,15,1763,3,19.000532397315034,0,1,0
104.09,17,138,1,16.933798021662522,0,1,0
24.79,15,2986,3,0.9162481400272622,0,1,0
22.66,9,2155,3,1.169122606013703,0,0,0
251.13,17,2911,7,6.909812181257352,0,0,0
41.58,6,2853,6,4.334070839438402,0,0,0
156.07,10,813,3,1.5642857016008498,0,0,0
64.47,14,1192,5,17.22607708843106,0,0,0
118.14,16,1300,4,9.98758120032668,0,1,0
106.29,12,2113,3,12.286511313530042,0,1,0
192.22,7,2200,1,0.2504730233230372,0,1,0
34.33,20,1206,4,15.438641735132043,0,0,0
17.53,17,155,2,8.063839937901854,1,1,0
173.15,12,2818,2,5.8440114254886115,0,1,0
22.42,14,696,2,7.403010800841695,0,1,0
110.85,18,1841,8,10.762232815350542,0,0,0
9.76,10,2120,2,12.52610266229348,0,0,0
165.05,8,160,3,9.066507453271758,0,0,0
77.83,16,2819,3,2.9632088208790677,0,0,0
273.23,3,379,3,3.4847617932214305,0,0,0
511.51,0,61,3,256.9251505283056,1,1,1
64.36,14,1305,6,7.8105482646499205,0,1,0
72.78,18,1792,1,13.459733050754814,0,0,0
42.56,11,1062,3,8.655197746706964,0,0,0
105.69,9,2217,6,8.280712661373368,0,1,0
22.25,19,1845,2,3.5205689858699305,1,1,0
76.71,12,1289,4,1.6764999091875517,0,0,0
153.61,8,2855,5,3.775793248563801,0,1,0
107.57,11,479,5,6.803763158143673,0,0,0
77.27,16,1493,2,10.144311223669437,0,0,0
28.09,12,2880,2,12.453099469616678,0,1,0
86.97,12,2022,4,5.260765144228436,0,1,0
128.99,8,1311,5,4.438725671441706,0,1,0
100.81,16,42,6,3.351403058039554,0,0,0
240.18,12,1799,2,8.568809480337952,0,0,0
66.96,14,746,1,5.335214506594029,0,0,0
8.6,19,2004,2,2.4621799834282023,0,0,0
52.07,12,809,4,0.06127689974292583,1,1,0
60.3,16,955,2,6.257876526498013,0,1,0
124.45,14,373,5,14.727232304693361,0,0,0
13.65,14,1607,1,0.21714731250839314,0,0,0
164.18,12,972,6,0.8715563327052234,0,1,0
70.75,18,1800,4,2.2192663451344297,0,0,0
86.22,11,650,2,5.306450744159215,0,1,0
236.39,1,197,6,686.8399322174569,1,1,1
44.05,18,1102,4,7.299337383037266,0,0,0
104.15,15,1688,1,0.6835924669630407,0,0,0
79.14,13,1581,2,7.657133109135392,0,1,0
344.71,13,2663,1,14.238334245333167,0,0,0
76.16,18,1749,2,7.865706486182255,0,1,0
74.28,10,1271,3,0.10687177845260187,0,0,0
56.29,23,906,3,11.54213233660499,0,1,0
172.06,3,428,2,0.1827601740433593,0,1,0
70.5,12,2880,9,13.2329530671837,0,0,0
111.08,11,2224,5,13.041725054215583,0,0,0
41.82,15,1023,3,0.8939466547922708,0,1,0
86.89,23,2979,3,11.265509290172798,0,1,0
59.11,13,1574,3,2.558604580450849,0,0,0
83.9,9,2629,3,4.853878541835117,0,1,0
273.38,5,246,13,531.892661613931,1,1,1
22.57,16,2126,4,13.973781444218092,0,1,0
68.49,19,756,1,9.762893263365914,0,1,0
26.43,14,435,2,6.923312696155195,0,1,0
11.83,18,1804,4,3.592306801478334,0,0,0
25.89,17,855,2,13.27619568159201,1,0,0
43.43,13,2149,0,10.224478821055367,0,0,0
38.27,9,387,1,2.9357644297636942,0,0,0
119.23,7,1612,2,13.768059433034354,0,1,0
23.27,14,2561,6,4.885985150050232,0,1,0
31.04,1,945,3,8.185669156538621,0,1,0
66.58,9,1432,2,12.902510799499002,0,0,0
57.99,11,1059,3,19.095880255699594,0,0,0
48.91,16,708,3,3.058128374612293,1,0,0
69.79,12,2552,9,8.734591829162301,0,1,0
122.39,18,2128,4,23.070663318764925,0,0,0
103.43,9,2042,3,4.416251454013281,0,0,0
36.76,18,543,3,3.494165115306659,0,1,0
23.54,8,1913,4,9.82978076683273,0,1,0
55.45,12,2212,6,14.191605716612711,0,1,0
74.63,14,2687,2,0.5631893537678856,0,0,0
38.82,11,2550,2,0.016644496015556065,0,1,0
326.33,18,2360,5,6.1186950080235665,0,0,0
47.96,10,643,3,5.912808949407633,0,0,0
67.79,5,2558,4,6.0659309683452465,0,1,0
60.21,18,1372,1,1.9499520660499936,0,0,0
32.33,14,1355,5,9.728331627405257,0,0,0
595.78,1,166,7,70.67879571096648,0,1,1
61.42,2,1945,6,12.539842733302034,0,0,0
77.02,3,432,1,10.875427166264464,0,0,0
186.6,9,1197,5,6.894464553937333,0,0,0
99.77,12,2997,5,9.018893284299885,0,1,0
88.65,14,72,3,21.752654490959387,0,1,0
32.57,11,1439,2,5.702484573320991,0,0,0
53.41,7,1191,0,0.108583644303752,0,0,0
38.18,18,559,5,0.6331358976960697,0,1,0
92.22,15,263,1,5.50204751963292,0,0,0
109.26,15,2196,1,24.340932106932566,0,0,0
16.38,19,1978,1,12.615929847887802,0,1,0
57.54,16,1738,5,3.252520566228853,0,1,0
176.0,5,1005,1,17.50557623958923,0,0,0
145.39,10,444,4,5.2541811948164465,0,0,0
19.09,12,2653,4,3.546637704836223,0,0,0
141.24,11,100,1,11.0315711445466,0,0,0
45.99,19,2666,1,2.97065430725066,0,0,0
38.11,6,2865,2,4.883193201227343,0,0,0
169.84,19,566,4,9.757424742682764,1,0,0
64.88,12,1357,6,8.862606301916859,0,1,0
34.76,9,1304,4,4.323025830378346,1,0,0
70.99,17,2856,7,6.902391417919986,0,1,0
108.63,14,2923,1,5.445881061730308,1,0,0
77.93,17,1794,2,9.777086804475282,0,1,0
81.59,15,224,2,12.486141202973556,0,1,0
40.13,12,2720,3,7.212252663052114,0,0,0
147.41,8,698,3,3.61487829940521,0,0,0
87.34,6,1242,1,9.573345800753522,0,0,0
35.34,16,2291,5,2.5833712926343027,0,1,0
163.72,2,1124,6,2.63124377423096,0,1,0
11.46,16,776,8,6.242182325963192,0,1,0
299.69,14,2445,6,4.216551315977196,0,1,0
56.26,15,1722,2,2.695846432394551,0,0,0
128.27,18,255,5,1.1563740024856983,0,1,0
75.22,4,1903,2,3.3867283019146353,0,0,0
7.63,10,808,2,9.407657942350598,0,0,0
34.15,17,163,5,4.099681425740814,0,0,0
82.87,22,223,4,7.434736619142745,0,1,0
30.16,18,2393,2,5.318072004270129,0,0,0
21.13,14,295,2,18.53010300357853,0,1,0
42.81,15,2889,5,3.4831292277515535,0,1,0
56.54,17,2494,2,5.573702991904099,0,0,0
88.82,17,263,7,2.2336845875673945,0,0,0
65.38,14,446,3,2.3522994929067673,0,0,0
238.43,22,761,2,14.1259578262794,0,0,0
20.81,13,487,2,6.803561720667549,0,0,0
86.67,14,1389,1,7.220951998450202,0,0,0
29.23,10,2768,3,12.614371788442346,0,1,0
10.42,12,1719,1,7.594484871264505,0,1,0
107.46,18,2141,3,14.476797041110439,1,0,0
40.67,20,1597,3,2.9631778255299857,0,0,0
39.8,20,2495,3,22.000850463399605,0,0,0
45.47,10,1273,6,31.2546428761732,0,0,0
57.77,12,485,6,4.689926572374186,0,1,0
96.73,11,1491,3,3.249765754820171,0,1,0
108.22,14,2910,5,3.989358667475946,0,1,0
51.92,11,2618,2,9.420030923950886,0,1,0
96.87,13,1555,1,1.3575493786739434,0,1,0
111.2,13,1555,0,6.101464745184803,0,0,0
74.19,8,775,2,3.5355863210170746,0,1,0
90.59,11,2883,2,0.6878606916897221,1,0,0
89.33,13,2865,2,0.672364323950136,0,0,0
46.48,19,1275,6,3.2590432409657772,0,0,0
68.13,21,1139,5,8.548792314948647,0,1,0
16.31,10,262,0,7.349814695162664,0,1,0
11.05,14,754,3,4.289775236109942,0,0,0
18.37,4,719,2,5.570796237784982,0,0,0
83.89,9,2729,4,6.221577138553255,0,0,0
44.97,9,452,2,1.2727505250521514,0,1,0
146.19,11,2186,1,12.298714498337265,0,0,0
101.1,8,2375,5,8.95673429815688,0,1,0
64.57,13,265,1,4.25043911823885,0,0,0
104.45,11,2693,0,3.997054786050245,0,1,0
93.81,21,2826,4,5.512501534153965,0,1,0
34.56,6,2459,5,11.286015479525695,0,0,0
32.04,11,2189,3,1.4216519804347776,0,0,0
27.1,14,872,0,2.6853129683913304,0,0,0
125.38,13,2205,1,1.655576037128228,0,0,0
110.77,15,748,2,19.124176365893373,0,1,0
67.67,13,1075,5,5.553007413113144,0,0,0
95.25,17,1326,3,7.77527029024985,0,0,0
79.96,17,1477,2,7.680164503648455,0,0,0
23.32,9,2667,1,14.166492644091903,0,0,0
108.99,17,2046,4,6.2722086569093936,0,0,0
49.64,11,416,3,1.2144149718995472,0,0,0
42.83,12,2319,3,7.735578886956623,0,0,0
79.2,7,1790,4,1.1832468727270724,0,0,0
231.94,5,2607,1,11.67390973000293,0,1,0
87.96,14,1374,4,2.847717805443851,0,1,0
5.98,13,2497,3,9.500220918468724,0,0,0
24.53,12,1025,3,4.99848300051386,0,1,0
37.79,10,2838,3,4.184825179001908,1,1,0
36.38,23,1772,2,7.873082668084951,1,0,0
35.48,17,626,3,3.3147384525851438,0,0,0
34.1,20,414,4,8.674773964335357,0,0,0
42.93,13,2982,4,6.361403530900311,0,0,0
16.36,9,1157,5,2.591780583948648,0,0,0
153.7,12,1907,3,10.493509972448432,0,0,0
26.53,16,2199,1,6.6802934926747195,0,0,0
24.04,15,2118,1,2.332731705700927,0,0,0
108.08,12,2069,5,19.317037170177457,1,1,0
17.6,17,782,4,0.8629846053453694,0,0,0
29.84,16,1572,1,5.098480157184208,0,0,0
23.66,15,1707,3,7.034097508604863,0,0,0
61.5,12,1889,2,11.54645420236708,0,0,0
13.24,10,1605,6,3.889138674070788,0,0,0
300.81,14,1129,9,6.605497637032956,0,1,0
88.0,5,1028,4,9.512720790388027,0,1,0
22.97,20,366,6,14.072702286645526,0,1,0
196.92,19,524,2,3.322009691040969,0,0,0
35.46,14,418,4,0.5554422158393235,0,1,0
73.71,11,1163,2,27.038825372006407,0,1,0
126.97,17,202,0,6.622615297535629,0,0,0
109.07,10,505,1,11.425336524524585,0,0,0
31.05,15,2154,2,2.183307833642268,0,0,0
113.05,12,2412,6,6.554666882083127,0,0,0
79.29,18,2602,4,10.510985663850683,0,1,0
88.58,12,89,3,3.5390385055141724,0,0,0
112.33,16,1966,3,2.6655488671601644,0,0,0
95.6,19,754,2,1.1620978011406544,0,1,0
83.75,9,1564,5,3.4808871556491026,0,1,0
2.52,18,73,0,1.9866504918597503,1,0,0
97.61,9,1873,1,17.681262801295933,0,1,0
40.52,19,858,0,17.24853565912671,0,0,0
90.61,17,2443,3,3.569368909310162,0,0,0
62.98,19,1678,4,2.162270724463402,0,1,0
87.28,10,1844,2,5.047716302632617,0,1,0
21.17,16,2305,3,7.063703820197709,0,1,0
7.39,18,621,2,4.7160139199994475,0,1,0
84.75,12,2037,2,9.460742049244024,0,1,0
8.15,15,101,2,7.65391273252234,0,0,0
60.81,15,2235,5,1.2656156537004422,0,0,0
18.99,16,602,2,3.1766983389208834,0,1,0
58.13,10,1708,5,12.868399490677596,0,1,0
196.22,10,351,2,9.200889861135192,0,1,0
9.39,16,1536,0,1.8348132635681909,0,0,0
25.81,15,864,1,7.801644694865304,0,0,0
3.45,11,939,1,2.082927831092606,0,0,0
35.68,15,2513,2,4.884851305588956,0,1,0
160.93,19,2978,2,8.163475680908888,0,1,0
29.68,16,2351,2,14.627062248029294,0,1,0
85.6,10,159,2,2.1483078263123003,0,1,0
48.64,17,1848,3,1.7915659510331245,0,1,0
48.17,9,1075,0,6.757839063453261,0,0,0
137.88,5,1474,2,16.342586869022153,0,1,0
36.38,9,2873,2,0.9119889958352685,0,1,0
44.92,16,702,3,13.06621898500828,0,0,0
195.43,13,172,10,3.56236034364788,0,0,0
130.33,16,2696,4,8.5003040755531,0,1,0
35.64,18,2151,4,1.5033106669281908,0,1,0
25.66,11,454,3,11.518232189658388,0,1,0
135.61,6,2519,0,4.270804282170651,0,1,0
41.09,14,1851,0,7.693071084165714,0,0,0
58.2,12,2835,2,18.229471595172633,0,1,0
88.51,11,198,2,17.925808456343027,0,0,0
70.2,17,941,1,11.195249957100359,0,0,0
9.05,13,1371,2,11.759549763164216,0,0,0
77.0,13,461,4,15.239140631765377,1,1,0
35.16,12,646,2,2.099775683460513,0,0,0
205.44,13,2966,4,5.147187429095837,0,0,0
99.7,17,1278,4,4.0250758771291775,0,1,0
41.95,12,1188,2,20.061775165529923,0,0,0
7.14,14,2109,4,14.513535890171818,0,0,0
89.48,14,607,4,15.324672660708744,0,0,0
33.11,15,30,3,6.1876526757556665,1,1,0
32.59,13,1827,2,3.996214408247221,0,1,0
54.55,20,764,6,13.201658852036456,1,1,0
124.53,7,2149,3,1.8867482369371187,0,0,0
30.43,11,227,3,3.345176054360353,0,0,0
18.88,17,1819,5,9.716146009921378,0,1,0
99.49,19,2727,3,17.157653103409505,0,1,0
18.61,18,925,2,6.492715846259032,0,0,0
85.36,17,686,3,11.106052552457127,0,1,0
33.12,17,2009,5,5.731055365247814,0,1,0
11.86,10,401,4,12.442296274473996,0,0,0
186.42,16,2472,5,7.891915419445899,0,0,0
65.86,15,916,3,10.177850448487092,0,0,0
61.07,5,2963,2,9.917533649769595,0,0,0
121.57,13,1181,3,2.164496365925208,0,0,0
69.82,10,1258,3,12.102702271203253,0,1,0
15.74,12,1014,1,12.744668698176254,1,1,0
69.41,19,1532,4,11.424379392414028,0,1,0
164.22,17,1764,5,3.0919487068708267,0,1,0
54.94,15,2524,4,4.689024798555581,0,1,0
130.98,14,402,2,7.053947877203458,0,0,0
11.36,12,740,3,6.213687309249715,0,1,0
77.98,14,399,2,15.794152144133827,0,0,0
4.45,20,584,5,15.719745912791327,1,0,0
27.78,13,1615,5,12.452089837991112,0,1,0
98.41,14,2867,0,19.150021323946163,0,1,0
105.86,16,2955,0,1.8868792191426298,0,1,0
92.05,18,1116,0,17.37093291886775,0,0,0
72.48,19,2912,2,1.77285383301072,0,0,0
42.0,11,119,4,1.7116452910852256,0,0,0
109.46,15,342,2,6.722224890523576,0,0,0
127.11,15,2138,3,7.846861650214475,0,0,0
68.39,13,2580,5,3.674918559219285,0,0,0
167.48,9,1279,1,29.675719404052398,0,0,0
138.22,15,2270,3,6.109236139431793,0,1,0
104.19,13,1669,1,11.106348231650855,0,0,0
55.55,15,882,3,7.484807035868169,0,0,0
167.24,17,288,3,5.645611006673396,0,0,0
45.96,18,136,2,0.7896039204742511,0,0,0
57.8,11,721,2,6.990115376577737,0,1,0
12.0,8,1522,3,3.8900007362636693,0,1,0
270.43,15,2533,0,7.699982041042286,0,0,0
164.73,15,2045,4,6.693244555588599,0,0,0
37.24,17,422,1,7.478048398120986,0,1,0
86.06,13,1796,1,0.9688658709897,0,0,0
152.93,14,2364,4,7.595815109470944,0,1,0
47.93,10,2804,3,7.986380675086686,0,0,0
54.5,15,2993,5,7.469513902429094,0,0,0
72.9,11,485,3,14.483993839660435,0,0,0
58.92,10,463,3,2.940650350122429,0,1,0
96.15,16,816,2,2.8570944456312475,0,1,0
4.86,10,2646,5,4.672893372383982,0,0,0
49.92,16,1342,2,4.395116540861897,0,0,0
26.8,12,531,4,8.001742546077738,0,0,0
297.5,5,75,4,409.124135772708,1,1,1
105.4,18,2792,4,4.977568887240246,0,0,0
190.6,18,2734,3,9.109707009654016,0,1,0
183.35,20,1022,3,6.016160798363758,0,0,0
93.37,12,1183,5,5.231335621003928,0,0,0
43.9,15,968,2,0.9295806885971798,0,0,0
53.7,14,2687,1,8.829648309361962,0,0,0
158.3,12,2022,3,12.155651540354956,0,0,0
223.82,13,1240,0,11.315896825624348,0,0,0
124.45,21,2347,2,4.936507934616734,0,0,0
161.19,15,320,4,2.611499192871232,0,0,0
210.64,15,1135,2,7.114434549437245,0,0,0
88.1,11,987,3,1.2026561115156849,0,1,0
33.04,16,1332,3,7.517059533298724,0,0,0
29.62,7,486,2,10.062646755597639,0,0,0
122.53,15,1634,3,0.9475974046240427,0,1,0
57.17,14,2956,3,14.249825218059975,0,1,0
52.6,14,1704,3,2.3970124294153514,0,0,0
109.18,12,2593,3,3.337304873964664,0,1,0
83.72,11,1782,8,8.05480380023247,0,0,0
98.09,9,1116,6,2.2072439683731337,0,1,0
49.25,7,120,4,10.170589230679592,0,1,0
93.06,8,1535,1,6.657174773321724,0,0,0
16.25,22,382,1,4.635009862755753,0,1,0
74.38,7,2433,0,6.795165653988918,0,0,0
70.31,14,1862,7,8.67017489902258,0,1,0
73.93,9,1115,0,6.885068719019289,0,0,0
293.56,15,2652,1,2.625474106065031,0,0,0
359.96,0,19,4,671.737512399603,0,1,1
6.8,18,2185,2,9.762104792324974,0,0,0
170.41,5,205,5,221.79014385073006,1,1,1
120.19,17,2106,0,11.704256659182242,0,0,0
20.13,10,237,1,0.6009051302974111,0,1,0
29.33,12,2647,1,6.127118981648154,0,1,0
60.5,11,640,3,3.962378689133679,0,1,0
50.28,20,2218,5,3.7907904050139263,0,0,0
39.44,12,40,2,8.818229888962087,0,0,0
37.71,15,390,1,4.1760637093239605,0,0,0
47.05,17,2947,5,10.957053135909508,0,1,0
61.86,10,747,2,4.837313811369317,0,0,0
6.66,10,1568,4,5.075977048833563,0,0,0
20.36,10,2746,2,7.86875657711559,0,0,0
89.6,20,2769,2,0.4857254741900867,1,0,0
97.72,6,2219,4,8.945857592403422,0,0,0
90.95,7,520,3,4.132627113617238,0,0,0
52.31,11,2899,3,4.107772261486074,0,0,0
198.86,17,945,1,23.901007962338994,0,0,0
14.52,12,412,4,7.3740783572542625,0,0,0
113.88,14,566,2,1.456311682377324,0,0,0
48.44,6,1344,3,9.408169575243274,0,0,0
110.87,16,922,4,8.801647653854047,1,1,0
63.69,19,553,2,15.910255781194923,0,0,0
47.08,18,1569,4,5.045335322340212,0,0,0
144.64,14,2744,1,2.0004913892884097,0,0,0
33.08,14,2410,2,5.822802166915703,0,1,0
49.46,19,706,4,0.3058394539649365,0,1,0
49.1,14,1495,3,2.992069894372407,0,0,0
227.06,12,764,2,8.018361823035237,0,1,0
173.35,7,1106,2,3.3055464984977787,0,1,0
71.99,11,1499,4,5.823474917801634,0,0,0
28.52,13,1235,2,3.5340183625649466,0,1,0
132.46,10,1178,2,7.4892048626825565,0,0,0
75.52,16,2828,2,0.3968442807204795,0,1,0
200.67,12,120,3,14.525709739157678,0,0,0
150.98,16,1488,4,10.33743146686353,0,0,0
69.05,16,2120,4,4.793772796364414,0,0,0
22.79,12,2211,5,9.72080363616982,0,0,0
16.5,20,2995,2,1.8425661930596338,0,0,0
109.44,7,1961,2,7.74816452464324,0,1,0
32.33,17,35,2,13.710825118447724,0,1,0
87.5,19,2327,4,5.113570236555162,0,0,0
41.76,14,1153,4,6.524884133453305,0,0,0
8.69,17,147,2,9.796566062034668,0,0,0
128.47,13,2956,3,7.098369098479983,0,0,0
44.07,20,1331,1,5.4005007028840755,0,0,0
18.85,13,2421,2,20.676912428741716,0,0,0
48.24,3,375,6,383.1999313435827,1,1,1
81.32,7,1240,2,6.55246578683708,0,0,0
47.03,21,2307,4,8.453603891333625,0,0,0
107.46,13,100,2,7.400915657769634,0,0,0
72.84,16,1787,1,0.5284760891228109,0,1,0
91.22,21,523,0,7.1237119587484745,0,1,0
84.25,18,595,2,9.195678684907582,0,0,0
84.0,15,2945,1,3.6106636144074074,0,0,0
129.56,9,1958,5,15.546457071357793,0,0,0
163.6,19,1724,4,8.095990928540429,0,0,0
17.77,11,1991,3,17.385218284438658,0,0,0
48.45,17,1750,7,2.432467596207947,0,1,0
92.46,20,938,4,2.194878157133501,0,0,0
50.91,15,1972,2,10.46167619758101,0,1,0
170.31,15,237,1,1.6307695338348727,0,0,0
17.91,17,1486,4,8.560985591244856,0,1,0
54.63,7,1010,5,2.7046013993017004,0,1,0
53.57,15,427,3,6.600397294585179,0,0,0
40.59,9,1824,5,2.3762190558097793,0,1,0
109.22,8,1756,7,7.099669595918632,0,0,0
12.54,20,657,1,4.461400295715277,0,0,0
80.79,17,1484,4,5.784588191462013,0,0,0
84.97,17,181,1,10.500462491420315,0,0,0
114.82,6,1788,1,14.047218390936543,1,1,0
129.5,16,1751,4,3.6312772913089306,0,0,0
70.87,4,1691,2,10.614523382658113,0,1,0
139.06,19,1313,4,6.380286438460878,0,0,0
70.15,8,536,7,4.498782671115144,0,1,0
28.82,11,912,4,6.809225470088673,0,0,0
18.82,12,96,1,0.630821194746968,0,0,0
249.82,22,2453,1,8.461373251571068,0,0,0
25.68,14,2355,2,3.098250247828739,0,1,0
135.28,14,300,3,2.1613287122424216,0,0,0
77.69,17,473,1,12.842949155159687,0,1,0
74.47,11,1607,1,7.537442470094134,0,0,0
33.69,8,2318,6,0.6487725603515795,0,0,0
40.06,14,2846,2,15.051788882526182,0,1,0
38.75,17,1050,2,13.08274055524356,0,0,0
53.23,13,1730,4,13.048670340907366,1,1,0
42.69,8,874,5,2.193533143217884,0,1,0
113.23,9,2505,2,9.280965263325298,0,1,0
109.3,9,2228,2,13.317011149573297,0,1,0
112.31,14,2520,2,3.941943968331433,0,0,0
62.13,14,1245,7,7.625294758403118,0,1,0
47.81,11,1511,4,11.04931994866564,0,0,0
46.23,18,1835,1,5.391335831972116,0,0,0
114.33,10,150,1,11.867638359621157,0,0,0
96.52,14,1578,1,6.129285834182575,0,1,0
29.23,8,1998,3,13.151671198854908,0,0,0
69.07,7,693,3,6.674224595319018,0,1,0
13.77,14,2764,2,13.194035226326356,0,0,0
206.85,10,2283,0,12.914189937093674,0,0,0
63.46,8,872,4,6.3143869800040875,0,0,0
138.04,15,2139,2,6.27237796689717,0,1,0
701.93,3,142,4,321.90053390727456,0,1,1
38.11,12,2653,2,1.0782777760187785,0,0,0
77.99,14,136,2,20.50023672783378,0,0,0
70.26,17,742,5,2.9976901908656535,1,1,0
77.17,19,2983,2,7.046730712371094,0,1,0
17.63,10,2356,2,6.2224585295408374,0,0,0
40.88,9,2448,1,10.937497482363788,0,1,0
19.89,13,2525,2,7.429206550612006,0,0,0
76.24,13,2155,5,8.729495702393354,0,0,0
52.58,18,2030,1,3.3154892286793203,0,1,0
61.66,20,2220,4,7.464027083826554,0,1,0
116.14,17,1751,2,17.92434818693294,0,1,0
88.07,11,1080,2,7.557198627131259,0,0,0
9.63,11,1285,3,14.057741851851844,0,1,0
39.36,12,2348,3,1.2890336248197949,0,1,0
44.4,14,2217,0,0.73234857287229,1,0,0
151.87,13,1271,0,8.180218304704908,0,0,0
39.82,14,94,2,8.835375347242069,0,0,0
120.68,22,2086,1,20.29249995555262,0,0,0
208.81,15,190,3,9.46108472061581,0,1,0
34.2,11,2049,1,4.654060654234705,0,1,0
49.02,14,2355,4,6.901560149225755,0,1,0
6.61,11,1070,1,8.159923672355623,0,0,0
72.13,18,345,0,1.9704508539469758,0,1,0
10.52,13,2956,3,7.547195696901685,0,0,0
64.34,10,2820,8,3.649955415574258,0,0,0
25.66,13,2287,2,6.243492250058293,0,0,0
4.77,14,1565,5,19.790390476899653,0,1,0
63.19,14,1152,1,2.0807167746519224,0,0,0
43.86,19,903,1,6.499369666443005,0,0,0
71.15,11,1659,1,16.173873004057988,0,0,0
119.51,15,492,4,9.620837685273138,0,0,0
216.19,14,935,0,16.22648375075707,0,0,0
68.82,16,126,2,14.03597028588898,0,0,0
77.62,12,1450,1,1.167088446540598,0,0,0
87.83,8,2772,4,0.2720836074563735,0,1,0
134.81,9,969,3,8.646960714530257,0,0,0
148.87,12,1657,3,10.191344773175318,0,0,0
61.77,11,2935,1,11.593498257697952,0,0,0
20.19,0,2724,4,10.039944028859715,0,1,0
171.75,13,955,2,13.919435007734611,0,0,0
39.56,13,2084,1,5.4559070950439565,0,0,0
23.92,11,2434,3,5.278633028154746,0,0,0
36.32,4,2758,1,5.0363743915974934,0,0,0
60.34,15,2861,2,2.6564662725326027,0,1,0
63.42,15,2443,2,6.0863087350673855,0,1,0
48.25,19,711,0,18.719506283426217,0,0,0
179.34,11,2826,8,0.7792982599607532,0,1,0
24.73,12,1279,1,0.28059004274409105,0,0,0
53.21,17,369,6,6.191941622980195,0,0,0
107.41,20,2311,4,7.23247664150683,0,1,0
156.35,11,247,1,13.296243125107608,0,1,0
137.85,15,246,2,12.472373454709377,0,0,0
49.82,12,1509,2,0.6406616984709386,0,1,0
154.93,18,2743,3,6.302644126192556,1,1,0
78.37,12,1725,3,10.864967810992175,0,0,0
27.56,11,1742,3,11.78751597939742,0,0,0
144.86,15,2438,4,5.496230340506549,0,0,0
135.1,13,159,2,6.546167148154182,0,1,0
33.11,12,1828,4,7.688993066744395,0,1,0
33.55,9,1451,3,2.1273985855395883,0,1,0
140.56,15,1911,3,11.469953646952,0,0,0
94.67,8,682,1,12.16156133565442,0,0,0
11.11,7,1228,2,5.027860620505562,0,1,0
399.21,3,149,11,628.277616644121,1,1,1
131.98,18,2351,4,6.669270510040433,0,0,0
37.87,12,880,4,0.578416601984169,0,0,0
201.41,19,2342,6,1.8078641963849313,0,1,0
27.59,13,1545,2,5.717790011795996,0,0,0
67.35,18,2689,1,15.680717460743525,0,0,0
77.81,16,2293,2,5.317807943101023,0,1,0
157.76,23,2548,1,5.556802404946086,0,1,0
66.32,16,512,4,16.002818367498875,0,0,0
107.31,19,1784,3,6.88495247447483,0,0,0
60.57,13,1546,3,5.4684838309575845,0,1,0
51.46,10,1659,2,6.807443956967761,0,1,0
127.06,11,125,1,3.4358620381240197,0,1,0
96.42,15,2897,2,18.66473617681954,0,1,0
52.9,14,833,0,8.437273841184592,0,1,0
73.84,14,1222,2,18.196902581719126,0,0,0
137.47,19,2901,3,9.089865555718493,0,1,0
21.25,12,120,6,1.4124912497621414,0,0,0
54.62,13,2360,2,12.00562785369906,0,0,0
61.93,17,624,3,12.379572436357606,0,0,0
22.43,12,1085,3,3.8958554884391723,0,1,0
54.43,19,926,2,19.44695901278681,0,1,0
15.33,9,1953,1,6.638016083000024,1,0,0
97.68,15,902,3,11.574224931926565,0,1,0
45.51,9,2804,3,14.105802175852535,0,1,0
45.19,14,245,7,8.469353357052864,0,0,0
42.46,12,1143,3,3.9855404585711836,0,0,0
78.2,8,57,2,0.09198290526117603,0,0,0
40.12,8,1711,2,0.9491904574295447,0,1,0
63.29,13,1314,3,4.43393410283138,0,0,0
59.46,9,1137,2,10.531267387318419,0,0,0
58.34,11,1870,5,7.194679839733848,0,1,0
33.03,8,2105,2,2.9039530541826495,0,1,0
30.12,12,2911,2,2.364757091670768,0,0,0
43.51,11,597,4,11.14755748588337,0,0,0
80.94,17,484,3,14.245780716404692,1,1,0
134.04,11,440,1,5.857303177917993,0,0,0
84.51,23,2230,4,1.6344665455344263,0,1,0
63.0,15,1138,2,8.864346195326387,0,0,0
84.76,15,2594,6,4.703192494938524,0,1,0
28.32,16,2412,2,1.929455103001105,0,0,0
22.62,8,2442,3,3.030020682944806,0,0,0
64.97,16,1327,1,18.653113897281525,0,1,0
12.04,16,2663,3,11.719716040063574,0,0,0
249.29,7,1488,4,15.418461836675778,0,0,0
190.89,16,2506,2,4.667268194356366,0,0,0
151.48,8,1008,4,7.841358430288873,0,1,0
17.18,11,2322,4,12.123364822889695,0,0,0
99.1,9,341,6,9.293679580920218,0,0,0
120.7,19,2397,6,7.991564366383219,0,0,0
22.39,14,618,1,16.52028410277663,0,0,0
82.07,15,190,3,4.551650741198618,0,0,0
85.7,11,2739,2,3.6225129440456163,0,0,0
43.63,13,2536,2,1.2244523531993607,0,1,0
103.57,12,750,3,2.815897441359257,0,1,0
101.69,19,1991,4,9.212702880126763,0,1,0
41.08,17,2261,3,12.569884544787172,0,0,0
96.95,9,753,5,4.7045028418052,0,0,0
97.5,15,2227,1,2.1721269113527075,0,0,0
158.78,20,2231,0,8.439700915983748,0,0,0
71.01,7,2660,4,16.555573256142257,0,0,0
249.71,18,2852,4,7.579039244410115,0,0,0
81.08,5,702,5,0.4331170221681937,0,0,0
120.47,12,2580,1,4.241184235514565,0,0,0
145.2,12,2111,3,21.764231011555342,0,0,0
55.45,18,1881,1,15.264202936225844,0,0,0
24.54,17,2018,2,29.359159455332605,0,1,0
111.59,10,2815,5,4.113938684388257,1,1,0
377.89,3,320,6,790.9829934678174,1,1,1
9.27,13,1706,4,2.6477609991533466,0,1,0
99.39,16,1263,1,0.4236521708460339,0,0,0
165.76,14,2000,3,4.180239185088461,0,0,0
0.92,9,2915,1,4.654808793187875,0,0,0
55.28,18,2656,5,19.124185741525274,0,1,0
177.51,21,2289,7,9.828425809364898,0,0,0
137.11,3,302,9,150.2755213741798,1,1,1
29.36,15,2119,2,10.167524228150377,0,0,0
149.01,9,831,3,11.111160495204686,0,1,0
112.62,22,94,3,14.255443792552033,0,1,0
68.08,12,2722,4,7.469427239405295,0,0,0
20.42,14,2421,2,8.021864132137559,0,0,0
12.57,16,1866,2,8.622385798520067,0,0,0
40.72,18,2389,2,4.523762892066959,0,0,0
175.64,16,1708,4,5.230437067848481,0,0,0
32.49,5,2347,2,9.933541997627621,0,0,0
47.73,17,2980,3,3.39674432419534,0,0,0
98.41,15,746,2,4.945662172193748,0,1,0
128.59,19,2392,3,13.479198689440155,0,1,0
34.42,12,1941,2,3.4894058704546023,0,0,0
36.51,9,469,3,2.1971516722448543,0,0,0
220.25,15,1263,6,9.030524450805622,0,1,0
155.98,13,1850,1,7.759036713707921,0,0,0
60.64,16,2176,1,6.980532026659954,0,1,0
48.88,17,2978,0,12.568594249984855,0,1,0
54.49,9,2893,8,1.42877611251992,0,0,0
126.67,15,981,3,2.430994719980151,0,1,0
36.99,15,871,1,21.1861577582631,0,0,0
212.9,12,2102,3,5.41132425496624,0,1,0
30.42,19,324,4,5.973846977074185,0,0,0
20.8,10,2905,4,13.629420133542032,0,1,0
167.17,10,778,3,0.8377711718488428,1,0,0
28.17,4,107,2,5.897577019741537,0,0,0
107.51,15,954,3,0.504993539766855,0,1,0
118.86,16,1532,2,11.229142200781002,0,1,0
41.08,15,131,2,5.446314556059226,0,0,0
45.18,14,518,0,0.35251483900133884,0,1,0
107.48,9,2064,2,4.382876698625289,0,1,0
15.38,23,751,3,4.633468905298512,0,0,0
39.48,6,2907,3,3.7450554599113968,0,0,0
38.26,14,931,4,12.882753384607412,0,1,0
44.38,13,1917,2,0.2698912486478289,0,1,0
37.4,13,1070,2,13.386950148335787,0,1,0
56.81,14,690,2,4.828193607669627,0,0,0
57.39,18,1029,4,9.882190126552604,0,0,0
95.85,15,81,2,4.215819369407772,0,0,0
9.82,14,987,3,0.18432258286752656,0,0,0
175.01,14,90,3,21.361529401428598,0,0,0
217.77,13,1160,2,3.8030993088004736,0,0,0
12.38,13,92,0,6.554996210626213,0,0,0
41.31,11,914,3,0.9313234551160896,0,0,0
133.63,17,2260,6,12.187072718878335,0,1,0
71.19,10,1203,1,3.3144416113556296,0,0,0
71.2,13,1365,0,11.780569510185511,0,1,0
126.62,19,779,0,8.747542262760556,0,0,0
31.68,17,2825,5,17.25039859867333,0,0,0
24.29,7,2322,1,11.91606963767456,0,0,0
72.26,9,1078,4,8.63232959770334,1,1,0
53.0,18,2701,3,1.635079831758167,0,0,0
104.75,15,2792,3,3.8757493296247505,0,0,0
114.22,16,1219,5,9.070202166559152,0,0,0
124.63,6,655,3,6.830230042784268,0,0,0
131.58,15,1326,6,3.724075474827492,0,0,0
43.17,8,974,4,0.023956132406608432,0,0,0
172.16,16,2707,4,12.937975795562906,0,0,0
89.68,19,1627,1,10.585208579841623,0,0,0
34.17,12,1905,4,0.49530722566322893,0,0,0
61.62,10,1043,3,0.4457097494692839,0,0,0
28.57,15,83,1,13.578357864479628,0,1,0
32.68,7,1476,2,3.195349722945174,0,1,0
199.41,5,2144,2,1.5500740890999944,0,0,0
99.29,15,215,3,9.519362030322268,0,0,0
81.43,9,504,3,2.880518247904668,0,0,0
112.22,12,2080,8,4.639972529107102,0,0,0
34.65,9,1758,2,8.685587602319863,0,1,0
65.17,17,38,4,5.344088226441009,0,0,0
23.69,15,1919,2,2.4555604157166764,0,1,0
50.09,9,481,1,3.8456022613404786,0,1,0
18.08,8,569,0,0.15650973716608085,0,1,0
0.74,19,2292,0,4.924920509280896,0,1,0
51.38,9,1527,4,8.439206453823903,0,0,0
53.93,18,1356,2,19.071271705742248,0,0,0
152.26,11,1387,1,7.5704118677586685,0,1,0
23.24,11,2179,2,7.367842096633561,0,0,0
230.02,20,2229,2,9.375589055226854,0,0,0
60.29,17,2499,4,14.191424439011138,0,0,0
19.79,15,1716,2,1.8083487496539492,0,1,0
72.77,23,1709,6,1.242261719884696,0,0,0
74.71,19,322,4,11.390581338854929,0,1,0
25.3,14,245,4,1.8755200341615144,0,0,0
42.75,18,1515,0,4.940447638828505,0,0,0
80.37,15,1234,3,9.467611538783451,0,1,0
49.83,10,1817,2,0.15902243612027078,0,1,0
630.65,2,248,6,795.0763687142884,1,1,1
177.67,2,310,9,598.4914674697119,1,1,1
34.6,17,1653,4,17.00739812601978,0,1,0
145.66,11,1590,0,16.461316788686844,0,0,0
87.69,12,1397,3,8.391689571334389,0,0,0
34.99,11,1731,5,16.4207692749782,0,1,0
13.23,15,2785,6,6.375255722569192,0,0,0
47.46,7,2063,0,9.418554926848877,0,0,0
55.76,17,2997,1,0.509127335871737,0,0,0
105.29,18,1103,2,14.75061343393186,0,0,0
40.08,13,1819,3,10.614240488501327,0,1,0
121.57,14,1842,2,5.876543161723864,0,0,0
24.56,8,2580,1,10.257870288719939,0,0,0
123.77,20,138,2,6.976017101315202,0,0,0
65.5,16,2162,2,12.945609642409691,0,1,0
219.81,19,1834,4,1.8067624149489503,0,0,0
47.84,20,2196,1,1.8898398713362354,0,1,0
87.1,16,2152,3,6.957247610740366,0,1,0
22.05,15,292,4,9.41572130628354,0,1,0
42.08,14,516,1,5.338930993989954,0,1,0
74.19,15,1904,5,13.995943498869089,0,1,0
47.33,17,1332,2,13.134388427235905,0,1,0
89.26,11,2319,1,14.219343008491602,0,1,0
75.54,17,358,2,10.06644619045829,0,0,0
1002.93,2,44,12,419.97912191343124,1,1,1
828.14,3,158,11,785.5230395267481,1,1,1
106.21,18,133,2,9.554527162520253,0,1,0
155.99,10,2998,1,3.573767244527088,0,0,0
14.43,14,1758,3,8.71745888865109,0,0,0
60.06,13,509,2,10.015106434765682,0,0,0
208.7,18,2455,3,4.4383025332753165,0,0,0
136.69,14,1387,5,4.3884621894094,0,1,0
23.39,10,1180,2,4.763425609180698,0,1,0
47.98,20,925,3,25.35306453899541,0,1,0
152.69,12,2913,2,3.8258443014508026,0,0,0
6.39,12,849,4,15.556262612875836,0,1,0
108.83,11,2317,4,13.834832258085715,0,1,0
95.48,13,1561,1,7.154064432391646,0,1,0
204.92,23,1390,8,3.201465148691245,0,0,0
58.67,20,744,3,10.798458718117727,0,0,0
27.72,10,2479,3,6.378476086410407,0,0,0
63.43,10,1882,5,3.9089001697765844,0,0,0
68.12,15,583,0,5.458314439721156,0,0,0
24.63,15,1237,2,15.12857021527175,0,0,0
366.02,0,367,7,487.4994942080766,0,1,1
60.36,17,1823,5,6.395669930699787,0,1,0
61.83,11,458,3,0.8365280232331775,0,1,0
175.3,13,620,3,12.808987658955306,1,1,0
89.29,11,1418,1,6.159905463778493,0,1,0
41.16,10,1125,2,6.813239709489176,0,1,0
51.54,14,2824,5,9.535917188961538,0,1,0
85.07,23,2541,2,8.431320122877946,0,0,0
74.57,19,2940,2,11.65311147510652,0,1,0
75.17,6,1486,3,1.821521690955767,0,0,0
40.13,14,1901,5,14.660234267872305,0,1,0
69.71,12,1766,1,11.782226492254686,0,1,0
35.71,15,2636,1,3.149565094894879,0,1,0
127.38,10,809,1,3.908310442419075,0,0,0
27.19,8,1493,2,0.3802927917303842,0,1,0
83.2,0,212,9,820.4019539610431,0,1,1
46.02,15,133,5,9.750237910415768,0,0,0
54.84,12,504,0,20.735474767842355,0,1,0
47.38,8,1077,5,16.430730006837067,0,0,0
148.7,11,829,2,3.7243980091743687,0,1,0
247.11,15,1446,4,13.986486209894217,0,1,0
142.56,19,1924,3,20.065654975879113,0,0,0
126.88,4,62,2,2.8758652329254604,0,1,0
134.57,17,1423,2,2.067923137909697,0,0,0
82.35,19,2955,4,11.72750127043005,0,0,0
65.55,18,512,3,4.427901705194357,0,1,0
215.87,10,476,1,8.441015820490627,1,1,0
53.17,14,297,4,6.427121978233652,0,0,0
73.84,13,2365,3,15.725448787794603,0,1,0
86.53,12,390,1,11.259927948583245,0,0,0
207.04,15,310,3,5.195106576160854,0,0,0
71.25,5,1296,3,10.13817599792464,0,0,0
201.11,10,943,4,0.2128603430505951,0,0,0
135.34,14,2715,0,0.7364256544603682,0,1,0
99.67,18,1597,5,1.7544116928374587,0,1,0
72.66,11,1205,2,8.692450713874385,0,0,0
160.89,12,2280,5,10.197912874318424,0,0,0
223.93,13,1585,3,17.29138007479338,0,1,0
77.6,17,2242,2,6.5420076117010755,0,0,0
49.13,15,286,3,8.239939144247666,0,0,0
94.21,16,2413,3,13.44446120341072,0,1,0
56.33,12,782,3,8.974787965945435,0,1,0
34.89,12,1619,2,7.609935809305195,0,0,0
181.48,18,744,3,4.671074784410687,0,1,0
91.24,15,1275,2,6.736829396813311,0,0,0
147.52,17,1273,2,6.078805993091802,0,0,0
16.67,18,2942,6,14.106945032028111,0,0,0
510.2,5,82,6,417.830604875828,1,1,1
74.04,17,481,4,2.666781869175675,0,0,0
17.58,14,168,1,5.7134312011346555,0,0,0
179.13,19,1297,1,7.672764980312511,0,0,0
10.12,13,2794,2,0.3039769240181043,0,1,0
23.97,9,941,1,22.49792985416181,0,1,0
226.2,7,2488,3,14.606038201597439,0,0,0
14.74,9,2945,3,1.1120553190136189,0,0,0
56.23,17,708,3,3.721498636985908,0,0,0
90.41,23,1347,6,2.42803963299059,0,0,0
39.62,8,808,1,5.048696425157075,0,1,0
183.44,15,2250,2,5.220486369164859,0,0,0
190.06,11,1648,3,3.428679051374635,0,0,0
105.14,13,1147,0,1.1221743330501481,0,0,0
50.81,3,2403,2,16.651878996526534,0,1,0
59.22,15,2285,2,6.686244423732996,0,0,0
145.45,18,2733,4,0.6306021033180738,0,1,0
88.21,19,1885,1,7.261962726621299,0,0,0
151.62,12,2402,4,13.78416572949547,0,1,0
132.31,17,922,2,9.319401660670415,0,1,0
111.62,15,1261,2,13.380763927971469,0,0,0
69.88,15,861,4,4.493199098036033,0,1,0
109.7,9,1182,1,1.0318339717099967,0,1,0
29.71,8,1068,4,6.193279912007515,0,1,0
253.35,13,1441,2,11.95041462678735,0,0,0
67.43,10,2664,3,10.433505825211547,0,1,0
141.58,15,306,1,6.1464787283568585,0,1,0
81.01,10,82,3,2.0967595489438544,0,1,0
70.38,13,1908,0,3.572500238017998,0,0,0
86.86,17,2295,3,2.3057644084726974,0,0,0
48.12,18,777,2,1.5798357186483627,0,0,0
56.84,14,402,0,5.644048413128232,0,1,0
78.95,13,2332,6,6.597789241078684,0,1,0
18.24,13,619,7,14.91309106760865,0,1,0
71.9,21,1110,1,11.523322609262,0,1,0
120.78,15,2969,1,5.582766100988422,0,0,0
62.49,9,1580,1,23.339455004275724,1,0,0
74.5,12,2950,3,1.1608705148386935,0,0,0
27.0,16,603,2,8.857884772765779,0,0,0
182.54,12,2479,6,8.370345928437587,0,0,0
4.09,16,2360,2,1.3212156915818358,0,0,0
8.76,15,991,6,9.630727541217802,0,0,0
36.25,15,609,2,24.66461887083723,0,0,0
43.34,15,700,3,4.377623121511601,0,0,0
148.84,11,1422,6,8.56050933952732,1,0,0
63.21,8,1159,3,17.257849341335504,0,0,0
80.27,6,386,3,3.8040949062880216,0,0,0
115.82,15,1191,5,3.0659153127204473,0,0,0
92.07,12,2429,6,8.295292030880205,0,1,0
108.84,13,2827,3,8.238052692869656,0,1,0
155.56,13,2092,9,5.533812343617933,0,1,0
58.59,17,2440,5,2.313308651671751,0,1,0
27.46,16,2548,3,3.945442861974721,0,1,0
96.33,15,2077,3,4.542095975983164,0,1,0
151.83,15,1170,3,3.9758137099011837,0,0,0
120.87,12,1154,5,0.8165741575891143,0,0,0
113.81,10,1286,3,14.028217029265953,0,0,0
16.87,13,2382,2,6.647729840044452,0,1,0
135.15,16,1810,1,8.935340474682508,0,0,0
112.27,14,2034,5,3.168465128004488,0,1,0
45.84,15,1544,3,19.14186940102691,0,0,0
25.93,3,194,1,1.3521667233409511,0,0,0
22.51,18,1639,3,0.20225114578382186,0,0,0
108.42,10,1963,6,5.206526787195245,0,0,0
41.96,12,2247,1,12.725591376003479,0,0,0
22.93,14,1475,2,14.712351136912993,1,0,0
70.88,11,972,1,17.529885010386774,0,1,0
112.31,11,2019,1,6.59937050398965,0,1,0
190.12,17,439,2,7.18036060328882,0,0,0
103.63,18,335,5,7.920807649601908,0,1,0
58.89,18,1271,3,4.249950051230811,0,1,0
77.02,15,2096,5,7.332009276078335,0,1,0
214.12,3,245,11,0.9432262851847781,1,1,1
72.12,12,2976,2,3.8774822953405845,0,0,0
93.3,10,465,1,15.942028755548222,1,0,0
107.92,18,2042,5,6.173703858710212,0,0,0
84.93,14,475,1,14.849212657626698,0,0,0
6.75,20,1060,3,7.636034571276397,1,0,0
21.08,20,1293,3,10.81309912103396,0,0,0
95.57,11,850,2,0.07551358035896971,0,1,0
129.33,12,755,0,6.82463229170087,0,1,0
20.03,16,2285,3,8.81532839496213,0,0,0
21.51,21,1151,2,4.166564098707551,0,0,0
54.11,12,583,3,16.700314279375412,0,1,0
110.66,11,1851,4,5.578771518272576,0,0,0
89.3,10,739,0,1.4886196652531494,0,0,0
62.17,18,2835,3,3.8697454977903836,0,1,0
16.82,14,1926,1,6.088689550718794,0,0,0
64.08,12,2557,4,5.611062227963071,0,1,0
94.83,13,2371,3,11.34268192242098,0,1,0
42.09,18,563,3,7.538249145438067,0,0,0
40.52,14,752,3,7.5602539689635,0,1,0
19.36,11,2522,8,1.8198687072820627,0,0,0
113.9,13,1325,0,4.076154410145988,1,0,0
103.34,9,1402,3,3.375784388539282,0,0,0
21.58,12,810,4,0.1262392899665601,0,0,0
111.86,15,439,3,15.12016479996419,0,1,0
26.85,21,2621,6,2.307247274937327,0,0,0
39.87,16,1551,4,18.001846889769432,0,1,0
36.02,14,2235,2,3.3436957237314244,1,1,0
18.86,18,2626,2,2.34289020753396,0,0,0
237.49,9,1269,4,6.336254110129931,1,1,0
135.86,12,2040,2,0.04259634052756933,0,0,0
56.76,16,2426,2,7.105634564889242,0,0,0
42.7,21,1542,3,25.50760631531483,0,1,0
36.3,11,1944,3,2.280005493051115,0,1,0
90.71,13,433,5,10.563784102763854,0,0,0
65.41,8,2582,2,2.9177554909391206,0,1,0
89.62,17,730,7,3.019432740456347,0,0,0
38.53,17,2298,3,0.20172846262452282,0,0,0
60.09,10,2601,3,10.98232934053286,0,1,0
19.71,18,2380,4,8.98596392400662,0,0,0
39.89,16,269,1,21.47821009712707,0,0,0
18.47,15,1336,8,3.3324178264960773,0,0,0
115.24,17,762,0,21.96466890669634,0,0,0
71.39,17,940,4,12.183006995864517,0,0,0
107.22,12,1339,4,0.7447916306717257,0,0,0
33.7,9,1187,2,27.388579289483616,0,1,0
34.83,10,963,3,2.0439968711024967,0,0,0
6.0,17,1600,1,10.652571707391203,0,0,0
122.05,16,2516,5,1.587210399824663,0,0,0
29.41,14,408,4,9.012835766896693,0,1,0
25.25,11,1726,4,4.1906350085903235,0,1,0
16.9,17,1739,3,11.16299862568462,0,0,0
55.12,20,2351,2,3.410608898090098,1,1,0
87.68,12,766,1,3.917848877605266,0,0,0
5.57,15,2895,2,0.47228510984961414,0,1,0
88.65,13,2074,2,12.876463230466378,1,0,0
25.75,12,801,2,3.508672549760408,0,0,0
35.39,3,688,3,6.9735314602664005,0,0,0
165.61,8,969,3,20.64676570659317,0,0,0
20.92,10,114,1,7.925933153109253,0,1,0
25.57,13,2709,4,11.91557763839453,0,1,0
43.3,12,2492,7,0.3645930678476095,0,0,0
72.11,14,2214,2,1.848240388732691,0,0,0
10.25,15,2858,3,7.231187435333579,0,0,0
78.29,21,1288,2,9.463030518498899,0,1,0
132.51,8,176,2,15.65592477616082,0,0,0
64.06,5,2502,3,2.4064750978401985,0,1,0
24.95,22,280,3,5.732862374078717,0,0,0
156.8,13,1060,4,4.089925855882753,0,0,0
51.14,10,2414,2,13.26257369234008,0,1,0
82.34,15,2652,1,10.325982360445554,0,1,0
37.46,13,889,2,1.3743961700428962,0,1,0
202.56,7,1947,2,3.149546188251055,0,1,0
108.25,13,1288,3,14.376797513101982,0,0,0
79.87,18,763,4,3.420073247254984,0,0,0
37.16,10,2148,1,17.163790899423162,0,1,0
508.65,3,111,8,923.1853164821613,0,1,1
120.58,10,1757,3,3.602450470929468,1,1,0
32.7,17,2071,4,9.529523796080705,0,1,0
35.73,14,2557,4,7.70725903758756,0,0,0
149.17,13,1652,4,1.1271125541733946,0,1,0
36.19,10,372,3,16.898978882364233,0,1,0
110.81,12,58,0,24.178041478057537,0,0,0
84.45,23,1923,1,0.7641618838771542,0,1,0
90.52,16,383,1,13.130097798833212,1,0,0
160.07,14,958,3,2.3148501099771437,0,1,0
50.08,19,2818,3,8.193297032951147,0,0,0
61.31,12,1522,1,0.12015707409624365,0,1,0
31.63,17,201,2,1.9681989171919732,0,0,0
25.05,15,2525,2,3.053285656579334,0,1,0
33.36,16,1718,1,1.8646942817394008,0,0,0
88.85,10,2470,4,9.059698806598753,0,1,0
59.49,17,1212,2,0.31368986940096466,0,0,0
3.78,11,2044,3,5.32046371940302,1,0,0
23.14,13,374,2,12.693565778658877,0,1,0
130.4,18,365,4,6.27346011063163,0,1,0
82.99,11,1796,2,14.71739568451108,0,0,0
124.82,14,498,2,10.290696922942034,0,1,0
77.04,17,1422,5,14.790947473233649,0,0,0
129.81,11,637,2,8.896753895675669,0,1,0
60.42,13,2238,2,1.1592711739205592,0,0,0
42.88,9,1487,3,15.02900210301507,0,0,0
50.84,14,1271,2,13.112041661311443,0,0,0
44.61,10,218,3,2.954848290610096,0,1,0
30.29,21,1613,3,11.71481899375453,0,0,0
66.38,16,2678,6,22.09175201447079,0,1,0
52.89,12,934,4,11.734782187010747,0,1,0
73.43,13,1065,4,3.543038523037508,0,0,0
16.83,17,745,6,4.432772367496974,0,1,0
48.58,15,191,2,13.668905014336667,0,0,0
43.3,7,2907,3,11.181763395135047,0,1,0
74.55,14,2163,5,11.261770755842607,0,0,0
24.54,20,2487,0,12.956741443167711,0,0,0
34.89,14,1790,1,0.016974313702576183,0,1,0
23.91,11,2826,1,2.8711896327091853,0,1,0
46.12,14,111,4,2.77120250206665,0,0,0
13.65,17,2843,4,19.396241249667085,0,1,0
24.6,14,2268,3,22.8109938231492,0,0,0
99.44,20,2460,2,8.110713673343863,0,0,0
11.07,12,1835,4,14.14893364630452,0,0,0
15.7,10,179,3,19.650974172775896,0,0,0
26.02,8,574,4,5.577512587708872,0,0,0
21.36,15,960,5,19.09684506575026,0,0,0
2.73,9,2725,4,2.1184738948177824,0,0,0
39.03,15,2149,2,11.152017730771993,0,0,0
36.09,9,1741,5,16.062944681698475,0,1,0
112.31,17,1094,2,11.854938841366893,0,0,0
39.92,18,1680,3,1.0569789784634862,0,0,0
35.07,23,243,6,0.4103330406927208,0,0,0
76.48,3,1051,5,13.339449328102425,0,1,0
91.88,19,631,2,16.143993534073665,0,1,0
68.92,13,2706,1,18.26608532884595,0,0,0
24.82,8,327,5,10.535555462812567,0,1,0
33.16,15,1858,4,0.8993778407366237,0,0,0
27.13,5,2068,3,7.946451892637963,0,0,0
66.44,14,2549,1,5.2987406480288,0,1,0
100.6,10,370,6,2.9092380135371037,0,1,0
47.24,20,2157,4,9.192101547303613,0,1,0
100.38,14,1264,3,7.278856407900943,0,1,0
21.97,19,2780,4,11.247183687163751,0,1,0
148.43,15,903,3,12.951249487978796,0,1,0
92.03,10,157,3,11.212790005170007,0,1,0
117.65,11,2956,3,17.181813440065362,1,0,0
46.14,14,651,1,7.09193291651912,1,1,0
109.76,11,693,1,5.271743916471797,0,0,0
33.25,17,458,2,12.558878266089826,0,1,0
20.16,14,2968,5,19.04420955868983,0,1,0
188.16,15,174,6,0.784589141104953,0,1,0
126.53,9,1052,5,14.398607895945046,0,0,0
342.3,2,310,4,220.15200235552166,0,1,1
188.06,10,2871,3,20.277653453170977,0,0,0
84.27,9,2725,2,4.575708694077749,0,0,0
73.67,12,2575,4,6.740728020381631,0,0,0
53.85,16,2393,4,22.834355875497106,0,0,0
91.5,13,37,3,7.365998460455428,0,0,0
160.29,17,1594,4,6.433216675727897,0,1,0
41.3,16,1377,4,5.432566347158317,0,0,0
108.32,7,2481,4,11.245084385399434,0,0,0
68.38,18,1780,5,2.8059767596266187,0,0,0
12.31,8,2041,8,12.250762363710923,0,1,0
55.29,10,2372,4,0.6491481249250315,0,0,0
62.64,14,178,2,8.26816768994639,0,0,0
139.26,16,45,4,4.073100651645503,0,0,0
71.18,13,2282,5,10.15786520680671,0,0,0
62.51,10,1522,1,10.000220698618659,0,0,0
44.35,11,1363,1,9.034418063395574,0,0,0
27.93,9,2906,2,2.1814330400104374,0,0,0
42.09,10,1164,5,5.284723704168516,0,0,0
53.68,17,1021,3,12.554818595649058,0,1,0
116.81,8,1912,2,0.8939481211573437,0,1,0
41.04,13,209,7,4.655614589262591,0,0,0
136.31,13,65,6,6.0660713430580255,0,0,0
26.29,9,2380,6,4.99308770836994,0,1,0
64.63,5,1034,6,21.066328318776907,0,0,0
119.91,16,1996,5,10.24471463447685,0,0,0
30.84,7,1135,3,9.346970312932164,0,0,0
22.19,11,1067,2,5.816274508195953,0,1,0
23.63,17,1589,3,3.2064679049953106,0,0,0
95.36,15,2072,3,10.81794802268675,1,0,0
87.14,16,711,5,1.5706526205304057,0,1,0
41.89,13,2055,6,9.832762407750462,0,0,0
74.25,12,935,5,2.47158227063594,0,1,0
51.35,15,2910,1,3.0612695486302712,0,1,0
260.62,16,317,3,9.998117877917577,0,1,0
20.2,5,2267,2,0.11946517404229606,0,1,0
172.29,7,2869,3,0.828673589131057,0,0,0
294.61,11,425,4,7.264395655069564,0,0,0
132.3,10,2611,3,1.7262209496491416,0,0,0
109.63,16,2983,1,3.486951259738051,0,0,0
76.1,15,126,4,0.4067368495782189,0,0,0
20.22,8,1392,5,8.373870671262905,0,0,0
50.13,13,2672,2,3.402244851404605,0,1,0
52.06,12,2239,3,14.084693787341983,0,0,0
53.7,14,569,5,12.789330320234654,0,0,0
71.26,14,1409,4,7.198063366523437,0,1,0
128.11,1,48,3,562.4440303154172,0,1,1
65.23,13,2066,3,14.871444847175857,0,0,0
82.42,12,2074,3,13.458392515652822,0,1,0
21.72,7,1461,2,4.393581410317905,0,0,0
56.19,18,2029,1,10.23075165396019,0,1,0
60.47,20,1523,4,12.92722292620892,0,1,0
73.58,13,982,4,4.28207013982461,0,1,0
49.74,12,575,4,8.134774244007787,0,1,0
40.59,12,2414,2,7.047288231209169,0,1,0
34.37,11,1110,4,3.887285370631862,0,0,0
55.52,17,1714,4,13.140488633267442,0,0,0
191.72,13,206,3,17.453043065882163,0,0,0
96.93,16,1037,2,2.2650391386508213,0,1,0
107.36,12,2255,2,3.986392770173769,0,1,0
52.08,12,812,3,17.39121088584221,0,1,0
63.67,15,2817,5,2.605915784534031,0,0,0
102.03,15,113,2,19.63948047646192,0,0,0
184.07,21,449,0,6.359172797146713,0,0,0
114.77,8,1188,6,0.733463765219784,0,1,0
30.99,13,2577,3,3.6955953412473095,0,0,0
144.27,16,2249,2,8.590888236595688,0,1,0
70.95,13,1226,4,15.13429264776407,0,0,0
55.85,16,1743,1,11.838100662262274,0,1,0
35.51,19,1072,5,11.308314236633535,0,0,0
24.87,14,2687,7,0.23944977306849502,0,0,0
71.96,16,381,4,9.423970951595862,0,0,0
50.39,20,2372,1,1.3150275501347561,0,1,0
118.96,13,2901,2,0.44807950204551705,0,1,0
33.29,10,1133,2,11.715852494933856,0,1,0
23.72,16,252,4,23.932512786601354,0,0,0
113.87,15,1584,5,0.36796119623001644,0,1,0
148.56,15,2464,1,15.855720158183477,0,0,0
89.32,18,594,4,4.408705487597729,0,0,0
81.27,4,2991,2,0.4463869379720382,0,0,0
39.27,13,168,3,15.022423437422578,0,0,0
10.78,16,64,1,14.946336824124963,0,1,0
58.71,18,1679,3,2.433925676924626,0,1,0
95.32,9,66,2,16.068901148572806,0,1,0
112.77,17,585,2,7.640578220644813,1,0,0
30.81,9,2002,2,3.9128452431508904,0,1,0
65.53,12,931,3,7.973415447157901,0,0,0
64.58,15,219,3,14.839859590722387,0,1,0
104.47,10,304,2,9.162490317785075,0,0,0
45.64,14,2821,1,11.462252947880284,0,0,0
15.44,11,1990,2,1.0089879252118745,0,0,0
76.03,10,1105,4,5.856880864293986,1,0,0
93.97,12,2950,2,19.445222516264497,0,0,0
16.53,15,1292,4,12.633065511883938,0,0,0
28.55,15,1709,2,0.46576033475992595,0,1,0
163.08,4,2768,2,7.999778877687527,1,0,0
136.17,1,151,7,318.34597637824703,0,1,1
19.81,13,2066,4,2.0569035680450876,0,0,0
87.91,15,927,6,11.010472455816977,0,0,0
38.77,17,1395,3,0.24476256170428812,0,1,0
214.88,10,1977,4,10.575306661915013,0,0,0
30.22,14,2106,5,2.5820653933730147,0,0,0
154.09,18,1234,5,6.435691485764812,0,1,0
33.47,15,2930,1,6.61121317642043,0,0,0
121.14,15,2950,3,2.8375815584824835,0,0,0
19.36,17,2029,6,16.41514081529192,0,1,0
127.83,14,69,4,2.8688205703234315,0,0,0
31.28,13,1191,3,3.953841899833918,0,1,0
80.2,20,236,4,1.451744897981433,0,0,0
55.21,10,923,0,4.186753333120009,0,1,0
33.71,12,945,0,3.165207095194534,0,1,0
50.11,16,1798,1,6.316985720048897,0,0,0
51.29,18,1122,2,0.843493197209078,0,0,0
148.8,9,505,1,8.125632864379396,0,0,0
110.85,12,946,7,3.4272967236143907,0,0,0
53.23,20,2881,7,2.2653716565118764,0,1,0
11.4,20,2201,3,22.080708271637544,0,0,0
37.27,6,34,2,11.14561810851194,0,0,0
89.47,13,289,2,5.486361935439612,1,0,0
64.11,16,1322,4,2.2675769981942806,0,0,0
85.09,19,2272,4,0.8757254381819184,0,0,0
59.43,14,2027,4,4.88380781900901,0,1,0
56.28,11,2737,3,1.3893893088036808,0,1,0
90.21,13,193,3,1.4314376871883985,0,0,0
116.28,14,1410,4,3.6233127321201968,1,1,0
116.05,14,1781,1,11.247136309538039,0,0,0
164.12,15,1291,2,11.277960923708454,0,0,0
17.14,13,1397,3,2.802023844439168,0,0,0
58.5,14,603,4,10.663794887718177,0,1,0
107.18,17,1256,2,17.976822295501307,0,0,0
92.98,10,1861,2,17.611895446331992,0,0,0
189.4,13,333,2,13.952363841908129,0,0,0
16.13,15,76,5,4.840402609524356,0,0,0
27.07,14,1678,1,2.289650733000776,0,0,0
57.31,9,2105,2,8.706351964173331,1,0,0
151.95,13,1051,2,0.7497276226602594,0,0,0
78.21,18,2777,2,12.53325078775343,0,0,0
61.42,15,2561,5,6.452877820513444,0,0,0
156.53,10,847,5,0.20469295805755117,0,0,0
18.05,18,1998,2,1.4244400638885644,0,1,0
58.0,8,2655,2,3.3117956266185997,0,0,0
65.73,12,74,3,16.53775414378876,0,0,0
8.57,6,2091,3,14.789123157275997,0,0,0
136.14,22,655,3,1.6249999839583094,0,0,0
182.49,14,2405,3,10.61649100272637,0,1,0
37.77,13,1484,4,1.7578322732794565,0,1,0
72.14,14,2268,3,12.449409138892534,0,0,0
114.41,19,2213,1,5.0649918585256195,0,0,0
39.85,10,794,2,5.613678695941304,0,1,0
38.86,12,2434,1,9.238980913090371,0,0,0
101.96,7,1838,2,0.6339293433423236,0,1,0
35.27,10,2268,4,4.361490230568647,0,0,0
92.58,9,2071,3,2.4550070400498463,0,0,0
219.69,10,1259,0,2.5102106045162422,0,1,0
34.81,8,1003,7,13.11137330302542,0,1,0
70.88,12,2677,1,16.63532894107619,0,1,0
62.52,14,2805,0,1.5841894232687888,0,0,0
167.48,11,2857,5,11.517877857691767,0,0,0
86.72,8,797,2,16.276635020760818,0,0,0
26.3,11,2726,3,0.06910449706916033,0,1,0
9.36,8,2942,3,1.3729001993375598,0,1,0
123.18,14,2933,4,13.252963506336478,0,0,0
42.29,16,1039,1,2.6377724679649095,0,1,0
95.67,17,2469,2,18.668712121362155,0,1,0
226.26,11,2545,4,2.9683147364073705,0,1,0
39.95,16,1269,4,6.064661313332278,0,0,0
125.28,10,888,3,22.299714722451895,0,0,0
47.25,17,2556,5,5.32779654272326,0,0,0
12.59,16,2077,3,9.677211596085126,0,1,0
5.2,15,541,0,0.9112825543210548,0,0,0
3.95,16,2502,2,20.994489679676413,0,0,0
54.83,3,2756,3,14.441796940881856,0,0,0
135.21,19,2250,4,9.07612433914372,0,0,0
77.24,14,524,2,1.4075683523235836,0,0,0
41.61,12,1437,4,0.341648820236216,0,0,0
45.89,14,1181,1,15.530521111026165,1,0,0
78.61,9,1191,3,8.642847802025933,0,1,0
143.23,11,1773,1,0.2566710662108438,0,0,0
57.81,12,716,3,9.141579490171068,1,0,0
37.66,13,45,4,9.833324122586928,0,0,0
59.83,12,1937,6,5.757505704250236,0,1,0
3.73,13,2218,1,13.465839035017629,0,1,0
151.24,11,871,4,2.0586509820890746,0,0,0
59.19,9,1906,2,17.732920836617094,0,0,0
32.11,9,1717,3,2.3413528380906796,0,0,0
61.41,20,811,3,8.702052402543522,0,0,0
72.29,9,2713,0,2.535380500540189,0,0,0
60.0,14,2557,2,9.14212082038677,0,1,0
19.29,12,669,5,8.106507161175877,0,1,0
30.68,18,1736,3,10.040296005938924,0,0,0
58.06,13,1728,2,14.924904139762203,0,0,0
9.24,13,2154,3,1.22910147043588,0,0,0
68.27,11,1897,2,3.249055408028548,0,0,0
223.19,16,966,2,6.926703666601604,0,0,0
130.37,15,2597,6,5.914361936149397,0,1,0
110.96,23,600,4,5.588558163522654,0,0,0
264.3,11,1364,2,5.1405966097237,0,1,0
55.45,13,2503,3,3.2015619834011746,0,1,0
158.68,14,1142,2,6.272849408770388,0,0,0
41.54,9,252,4,5.691201494831336,0,0,0
36.27,18,494,3,9.16413948982984,0,0,0
31.96,12,2537,1,6.6838912910415464,0,0,0
21.66,19,2529,1,6.408518161403478,0,1,0
90.44,11,465,1,0.76208705329958,0,0,0
66.48,14,1218,4,19.872824661388808,0,0,0
89.78,15,262,4,16.74065915949818,0,1,0
134.81,14,682,1,4.284401641905042,0,1,0
106.42,13,342,2,13.06012095393629,0,0,0
71.91,12,2935,1,3.729319388339077,0,0,0
107.97,6,1656,4,11.8055396543771,0,1,0
14.48,14,1452,3,20.137199000559168,0,1,0
49.24,12,1796,5,5.801833874494045,1,0,0
71.54,16,2267,4,0.8170138720668856,0,0,0
56.44,15,508,5,6.302405522886703,0,0,0
28.3,20,2985,5,0.21521930302876768,0,1,0
67.67,12,127,2,0.2780535719811086,0,1,0
71.11,13,2665,2,15.488872910128137,0,1,0
108.16,15,1044,1,2.20773014467131,0,0,0
120.22,19,2684,1,0.22952440728693269,0,1,0
57.31,14,741,3,11.583205266586038,0,0,0
193.1,10,2032,3,0.3931010929097676,0,0,0
47.24,14,425,3,8.19375789168723,0,1,0
98.65,15,2559,4,8.090463123935939,0,0,0
75.46,19,329,3,15.449953706296432,0,0,0
222.5,13,1252,4,8.879937850366613,0,1,0
185.97,12,2694,2,0.08835961569973527,0,0,0
56.4,7,629,3,13.365082291360693,1,1,0
118.56,13,2008,4,0.019661935346828585,0,0,0
74.28,18,365,6,3.1372253790983073,0,0,0
135.02,16,818,1,1.9353817481725164,0,0,0
110.8,11,1825,3,20.707594881773566,0,1,0
141.6,8,169,0,1.191292219939414,0,0,0
84.56,18,156,2,2.5506459402572617,0,1,0
46.12,9,852,3,3.300578791510297,0,1,0
143.93,5,175,13,407.40606987903504,1,1,1
25.0,11,1425,3,4.094074366737157,0,1,0
95.47,10,2729,6,4.396905634076752,0,0,0
67.51,16,1232,3,17.983201420193286,0,1,0
119.05,12,2255,1,5.361790034858949,0,0,0
80.85,13,2537,1,14.709839548458767,0,0,0
219.04,17,746,1,3.0704747537887336,0,0,0
76.8,12,1101,1,5.903478558032465,0,1,0
172.31,11,2931,3,3.555397864031957,0,1,0
129.74,2,381,7,279.62161640140823,0,1,1
19.75,15,2589,4,13.81334494616813,0,1,0
126.06,8,1252,1,17.651340362191252,0,1,0
30.98,13,1770,7,20.070733592547946,0,0,0
43.33,11,2061,6,12.177707344978284,0,1,0
70.81,14,361,6,0.012997884272314408,0,1,0
23.84,18,951,4,5.851990770185696,0,0,0
30.72,13,2793,3,9.32706460736485,0,0,0
60.17,17,428,2,2.3128381828505202,0,0,0
86.52,6,588,5,11.853999204431247,0,1,0
31.13,11,1252,3,1.8924733392839652,0,0,0
61.68,16,1147,1,15.950036031766945,0,0,0
22.01,17,2144,0,7.758955540159098,0,1,0
151.42,14,2822,0,15.920938696797597,0,0,0
325.63,8,153,1,4.190794011540346,0,0,0
86.6,10,369,4,4.037366285026975,0,0,0
205.11,6,2488,3,5.46218723420121,0,1,0
158.41,13,943,2,12.918394043641904,0,1,0
136.46,9,1180,2,0.7382482838372093,0,0,0
294.94,16,382,3,4.05608498126381,0,1,0
54.5,15,1083,7,9.950939253208013,0,1,0
69.8,15,2504,1,3.4709471871324986,0,1,0
153.04,12,1897,2,4.373893439156312,0,0,0
116.88,14,1672,5,18.092517862041863,0,0,0
73.69,20,1122,6,4.683937350349303,0,0,0
150.9,9,2378,4,7.411018230512825,0,1,0
69.05,18,1796,2,4.196993686166548,0,1,0
47.69,17,2273,1,1.29820904772505,0,0,0
98.54,16,1232,3,4.28639419791808,0,0,0
62.88,12,1227,3,2.2236660706342146,0,1,0
104.9,3,1190,1,1.7384931063156883,0,1,0
13.37,5,965,4,2.118466244154418,0,0,0
73.91,14,773,4,2.7946933122315354,0,0,0
71.09,9,594,1,1.0690938591786825,0,0,0
73.18,17,2629,5,16.566381990902734,0,1,0
63.66,12,1867,5,6.127554063174294,0,0,0
34.8,19,453,4,0.06978958271006697,0,0,0
74.16,12,662,5,8.810375745674772,0,0,0
33.43,15,2747,5,13.4769734705818,0,1,0
102.66,7,2561,1,7.795156421988063,0,0,0
108.31,13,924,2,3.2638085636565224,1,0,0
19.57,11,2475,3,3.8369635864933773,0,1,0
64.11,14,859,2,1.371732803799114,0,1,0
63.55,14,622,3,6.50777283615381,0,0,0
23.38,16,1632,3,12.329882734146658,0,0,0
138.21,15,890,3,4.759754336149861,0,0,0
26.12,11,1037,3,6.08362223233803,0,0,0
55.79,19,492,4,0.23748177129350445,0,1,0
84.36,9,1293,2,22.097921739555908,0,0,0
22.38,10,2971,4,15.309666094107342,0,1,0
31.6,21,2620,4,17.50443275378113,1,1,0
364.12,5,170,4,1004.6963453063759,0,0,1
102.65,17,45,3,8.029739189995619,0,0,0
115.9,10,898,0,3.7417713571647537,0,0,0
68.13,19,1077,2,7.674168494525771,0,1,0
55.63,12,2856,4,14.327216221688769,0,1,0
134.79,12,933,3,4.360195796941578,0,0,0
58.37,15,2082,2,7.124320824572774,0,0,0
60.56,9,661,1,13.051720101300376,0,1,0
298.94,17,2771,3,8.569710176592192,0,0,0
91.4,6,964,4,2.337317993241781,0,0,0
275.21,13,1024,5,3.03134808386093,0,1,0
67.87,14,110,0,1.3064750985840088,0,0,0
14.36,14,2950,4,4.927585214507028,0,0,0
226.23,11,2487,2,6.8976059884667675,0,0,0
67.03,11,446,3,0.6725724832564506,0,0,0
11.75,11,1594,1,1.831573893736032,0,1,0
38.58,15,1815,5,8.236626580731667,0,1,0
44.47,14,630,2,3.5647582617608675,0,0,0
73.76,12,1250,1,0.40283718328450124,0,1,0
73.99,11,596,1,10.758209560903904,0,0,0
35.47,18,460,2,1.8633378495848136,1,1,0
18.52,13,1735,2,8.493183442503133,0,0,0
102.34,15,1181,3,24.785922630829816,0,0,0
239.52,3,67,9,122.54264692660036,0,1,1
22.71,11,2671,5,0.8896575911842071,0,1,0
39.54,17,941,7,2.027083690559244,0,0,0
59.15,10,719,5,10.387282838042436,0,0,0
55.91,3,2415,5,11.073057460848528,0,1,0
24.55,17,2175,2,5.055312924394741,0,0,0
62.79,12,2015,0,3.456986441716787,0,0,0
16.12,14,2093,4,0.9097541779722951,1,0,0
164.09,9,1357,4,5.028862828978311,0,0,0
40.19,22,1519,5,14.539141174499477,0,0,0
155.43,10,642,3,10.717686111817574,0,0,0
47.68,14,1966,4,5.222654640753257,0,0,0
59.53,16,1375,4,14.347921181174767,0,1,0
73.67,13,1129,3,7.00500252403263,0,1,0
124.41,13,1918,1,7.446668280393707,0,1,0
34.57,13,1444,3,4.331881506841274,0,0,0
58.14,22,904,5,3.851494245094541,0,0,0
27.88,14,901,3,6.746320118152699,0,1,0
206.3,13,1345,2,10.676568051974709,0,1,0
119.33,7,523,3,9.298658402585781,0,0,0
66.38,13,441,3,5.173528609146283,0,1,0
25.3,13,122,3,2.300064294465544,0,0,0
130.8,17,2574,3,3.8464248455983183,0,0,0
82.62,17,2615,2,11.416091702789993,0,1,0
86.37,11,1363,1,10.494091945905847,0,0,0
68.35,13,556,3,6.795485960724559,1,0,0
26.9,6,604,3,10.508825732931705,0,1,0
160.57,16,403,1,10.041217937237898,0,1,0
63.06,13,1912,5,0.5800133539157546,0,1,0
85.85,13,1927,3,2.5749089742668176,0,0,0
104.13,15,2097,2,5.842932691611091,0,0,0
58.06,11,2614,0,4.086055264924299,0,1,0
183.82,12,1828,2,27.845480658865156,0,0,0
151.23,15,1645,6,5.135258186913989,0,1,0
13.99,13,1116,2,12.411487149703206,0,1,0
131.79,16,2054,3,12.804667163207311,0,1,0
57.55,15,1435,1,8.72702687349163,1,0,0
70.49,20,199,4,2.7079829263452457,0,1,0
75.31,5,1583,1,1.7439149935633154,0,0,0
127.25,14,2797,3,5.919514051548367,0,1,0
157.47,18,444,4,11.118214039888873,0,1,0
132.37,7,352,5,5.977992329482722,0,0,0
57.4,12,1412,1,10.931306713534857,0,1,0
41.25,19,1675,4,8.661484036478726,0,1,0
437.23,0,382,7,1017.6798505060304,0,1,1
21.46,11,1282,4,0.3265055869581577,0,0,0
44.2,14,285,4,11.414330160559121,0,0,0
32.63,9,2339,1,12.176297189200525,0,1,0
31.63,12,223,0,4.852498779982313,0,1,0
241.69,12,443,3,2.9431389574355906,0,1,0
32.8,17,2273,3,12.907568087906178,0,1,0
37.74,10,2497,1,19.905932619766496,0,0,0
47.58,2,2816,5,24.78776567159541,0,0,0
20.49,11,673,1,6.938716730973075,0,1,0
144.09,16,127,4,9.274821939873654,0,0,0
43.68,12,1446,1,8.198222110850338,0,1,0
8.19,21,464,3,0.920565729950007,0,1,0
75.41,15,95,1,14.1089663588754,0,0,0
51.32,15,1771,6,6.327436627596775,0,1,0
66.28,16,2155,5,10.159108214720266,0,0,0
28.47,12,2056,4,1.0027466005377086,0,1,0
14.71,20,1350,2,2.974815048473079,0,1,0
62.7,8,66,6,4.662848479366856,0,0,0
185.0,18,737,5,5.368497169372243,0,0,0
108.28,23,2014,1,11.899397213811227,0,0,0
32.95,9,1681,4,10.727839604639065,0,0,0
85.01,22,225,5,2.0371526372177664,0,1,0
14.69,21,2886,1,1.9116643950735583,0,0,0
6.19,14,509,4,6.689388444191563,0,0,0
109.43,7,1761,5,1.5945460082499592,0,0,0
57.81,14,799,4,14.858577671416501,0,1,0
68.74,11,2184,3,2.2548533650761335,0,1,0
21.73,14,117,4,7.158260607919939,0,1,0
161.37,17,534,5,0.3524113968186722,0,0,0
75.58,17,756,8,9.39966594060455,0,0,0
57.76,17,2978,2,9.53919293854976,0,0,0
104.74,18,248,2,6.497288664439251,0,0,0
54.32,20,538,2,12.794864146536886,0,0,0
67.91,15,2094,2,1.0598328286188154,0,1,0
89.7,13,2778,2,28.459191357469216,0,0,0
91.7,18,1442,4,5.277988522450354,0,1,0
85.24,15,1191,3,6.244851466182173,0,1,0
141.59,13,1082,3,4.891104159948025,0,0,0
111.79,12,972,0,4.781442702163419,0,0,0
36.49,13,1520,2,12.150742470196574,0,0,0
68.46,12,2185,1,15.36310834444558,0,1,0
25.24,11,1668,3,4.989122510352919,0,0,0
100.43,13,2310,1,10.7164792325304,0,0,0
112.69,7,1213,3,6.407642971531877,0,0,0
212.96,11,2682,3,17.08607538361654,0,1,0
3.82,13,2191,1,5.032539519885891,0,0,0
108.29,11,635,4,11.647695011167837,1,1,0
166.84,12,2792,2,6.263682520174468,0,0,0
55.88,15,671,4,0.1703416670865936,0,0,0
52.73,2,1647,3,7.927302267771168,0,0,0
43.58,11,1181,0,5.7948596581269936,0,0,0
77.59,23,2741,3,3.268591613907823,0,1,0
131.59,13,1667,4,4.599875883875374,0,0,0
17.94,12,2541,1,4.694781011199826,0,0,0
331.63,2,345,8,291.10811193965696,0,1,1
17.76,16,1267,4,5.334694155225314,0,0,0
49.62,16,1424,1,7.838270084379991,0,0,0
48.44,14,2360,4,0.1556442580496551,0,1,0
24.61,15,2617,7,15.338254642618804,0,0,0
84.67,19,1139,1,8.218893956035492,0,0,0
168.52,19,2396,1,3.080826210175119,0,0,0
21.97,9,1806,0,0.3324130952232389,1,0,0
195.58,12,399,1,13.411281815933135,0,0,0
97.85,13,946,6,2.4491281999449415,0,0,0
77.82,16,422,4,11.31625683802244,0,0,0
186.7,15,430,5,7.985507523230552,1,1,0
64.56,17,2400,2,17.721634219289626,0,1,0
98.56,16,2683,3,1.244384216322842,0,1,0
155.77,19,1097,6,7.215273369701761,0,1,0
74.24,15,1254,4,3.2075983514777064,0,1,0
28.66,14,2283,4,4.325998322090777,1,0,0
131.38,23,1662,1,15.410285938467174,0,1,0
129.7,9,1131,4,6.608758368104567,0,0,0
109.12,5,569,3,4.25467179519798,0,1,0
52.87,21,1109,4,12.51566407823201,0,1,0
83.39,15,823,2,3.6581866857590377,0,1,0
14.56,9,2519,4,2.2529412097357193,1,0,0
1.82,13,1800,2,6.700826033795511,0,0,0
28.62,13,1054,3,10.975533557620537,0,1,0
147.63,6,683,2,5.597353536669855,0,0,0
30.12,9,1984,3,0.3216956580118717,0,1,0
71.53,13,495,3,3.086217521910842,0,1,0
52.84,13,346,4,3.68374573581991,0,0,0
90.77,14,798,2,0.6299961846821969,0,0,0
48.69,15,276,1,4.4380759004880606,0,1,0
11.2,8,450,4,14.554166639806507,0,0,0
19.98,9,1312,4,13.64209517752037,0,0,0
82.23,13,756,3,14.429162990836193,0,1,0
46.5,7,366,1,10.134763750464085,0,1,0
52.1,11,2783,5,14.26231930048018,0,0,0
37.28,12,968,3,7.658480287978062,0,0,0
98.24,19,1359,1,5.919766400816938,0,0,0
36.66,20,1193,2,13.373729748024228,0,1,0
92.94,6,2451,1,7.523948960837327,0,1,0
225.43,13,2074,3,11.282981178896712,0,0,0
57.34,8,1507,2,6.62566778830806,0,0,0
92.82,10,1488,4,0.40856634766738775,0,0,0
11.04,11,309,6,8.721687424164129,0,0,0
63.8,22,1009,4,10.581012813925764,0,1,0
11.66,14,358,5,0.7370110697808681,0,0,0
63.33,16,2519,5,4.465335705194907,0,0,0
50.96,20,1666,2,0.19958839266151607,0,0,0
101.33,10,1919,2,17.083648805416374,0,0,0
50.46,14,2689,0,7.415122182190682,0,1,0
25.83,11,1652,1,11.510116236698366,0,0,0
12.12,20,2806,4,0.34427461510243607,0,0,0
82.76,14,604,2,13.436643792904059,1,0,0
118.79,11,1882,1,8.474939610110322,0,1,0
53.88,14,424,1,5.523239220867028,0,0,0
286.87,20,49,2,10.8495208014847,0,0,0
36.17,16,2218,3,12.468311451523293,0,0,0
57.41,14,2258,5,1.2275122743861973,0,1,0
46.7,15,67,6,1.1028846893746556,0,0,0
50.14,22,1638,2,4.776823199379068,0,1,0
30.48,10,2568,1,0.6453719487395233,0,0,0
52.36,22,800,5,0.8903977193180399,0,0,0
164.65,11,1716,5,8.112471617277926,0,0,0
250.77,12,2587,2,6.72968275411831,0,0,0
95.83,13,2008,4,8.365418111416822,0,1,0
18.31,10,1262,2,4.443027796888929,0,0,0
237.08,10,2644,3,1.2190072629719233,1,1,0
61.29,9,643,1,4.77623273660211,0,1,0
94.77,12,2460,2,16.187871419952497,0,0,0
62.5,16,370,4,0.9320775929436564,0,0,0
7.43,9,2655,4,6.552595016671335,0,1,0
31.66,14,485,1,13.631620393539523,0,1,0
31.59,14,1212,1,2.5806211810441084,0,0,0
148.97,11,2505,2,15.782994900186011,0,0,0
72.36,8,1608,1,17.63523525852669,0,1,0
46.24,21,1709,4,6.6022845527285545,0,0,0
8.18,13,2005,5,9.09647513083769,0,0,0
158.41,17,196,4,3.8897264276566865,0,0,0
20.73,12,1748,1,1.6288097816700913,0,0,0
23.73,9,1840,2,15.098863300671356,0,0,0
35.73,13,2736,2,2.9740749344469077,0,1,0
70.43,13,198,6,5.260254033342841,0,0,0
42.89,13,258,6,6.5176138084733175,0,0,0
56.41,8,1124,2,9.599735270826274,0,0,0
13.42,10,1242,2,14.345624497445215,0,0,0
39.71,14,137,0,6.324202909458398,0,0,0
45.98,23,224,3,4.432311940029516,0,1,0
160.21,18,2066,2,11.516314342491942,0,1,0
54.36,12,730,3,15.222130896364103,0,0,0
18.65,13,1354,1,16.272620562035378,0,0,0
68.74,11,1859,5,0.05049094832985013,0,0,0
145.99,17,2502,4,12.229170969124645,0,1,0
105.51,20,2563,1,5.8138557395103145,0,0,0
167.77,12,2730,4,17.778854384108786,0,0,0
105.43,13,198,3,3.8706368407013514,0,1,0
47.93,17,2093,2,5.416716541648194,0,1,0
62.68,22,1650,2,11.226225027120002,0,1,0
83.5,9,2606,2,8.819561889009282,0,1,0
73.86,21,2746,6,6.945212443864078,0,0,0
56.27,10,1741,3,9.47652364461268,0,0,0
90.3,17,2027,3,9.726171639904114,0,0,0
31.96,12,2202,4,20.18023190342121,0,1,0
210.94,8,699,5,2.748997435880212,0,0,0
34.03,14,38,4,4.724234085245536,0,0,0
59.37,12,732,3,1.423951435292044,0,0,0
153.68,10,1416,1,11.714205690349637,0,1,0
41.01,18,1290,7,4.371238224806744,0,0,0
16.7,16,488,2,15.853627858179465,0,0,0
130.31,11,932,3,8.933096103101786,0,0,0
137.53,17,2726,4,8.83062503971536,0,1,0
40.57,14,350,4,7.717626889269488,0,0,0
37.09,14,1704,2,1.1235673192252493,0,1,0
99.98,10,80,2,18.11921351101569,0,0,0
82.88,14,470,4,6.27349218504555,0,1,0
63.36,8,1226,3,6.304505573467843,0,0,0
42.94,6,1062,2,18.843263076139145,0,1,0
17.63,10,568,4,9.701448448622923,0,0,0
65.06,10,2632,2,8.39697891871785,0,0,0
23.68,9,1029,3,3.1780074187905303,0,1,0
87.07,16,2247,0,1.676534784827651,0,1,0
173.32,10,856,0,0.4804965156903904,0,1,0
98.23,20,694,1,2.314905986472355,0,1,0
48.25,11,1671,5,7.516360102230385,0,0,0
30.52,12,1203,2,5.929835531857513,0,0,0
81.27,20,1251,6,0.3447178376914213,0,1,0
251.57,12,288,4,18.298334119691056,1,0,0
62.11,14,179,4,3.6391634099024905,0,0,0
172.55,16,262,3,0.3936522433102896,0,1,0
38.35,19,1174,4,7.91735152223337,0,0,0
30.92,9,718,5,1.2914335311045422,0,1,0
171.35,15,1899,0,9.770797270262143,0,0,0
58.19,13,2593,1,3.8504952125332075,1,1,0
64.15,19,186,3,10.437006676075512,0,1,0
66.55,17,1912,6,0.6140870038894946,0,1,0
159.98,17,1283,5,7.337884432107385,0,1,0
53.04,10,2323,0,3.7784697952769815,0,1,0
84.91,10,920,3,14.388164954318114,0,0,0
75.67,19,1208,3,7.435622887557647,0,0,0
88.01,13,347,2,14.491286008088164,0,0,0
52.71,15,1631,6,4.723875627977826,0,0,0
92.37,13,941,2,22.031809083504815,0,0,0
127.45,15,2572,5,3.0190301832658353,0,1,0
86.04,14,968,4,2.1223307325725824,0,0,0
4.93,17,1328,3,8.829849889727521,0,0,0
8.39,7,1831,3,3.9286903265040465,0,1,0
161.64,18,2459,2,1.7369620939077821,0,0,0
79.48,12,2909,3,2.6898683706345166,0,0,0
84.07,11,2646,5,6.05329777193899,0,0,0
30.85,11,317,8,2.6582299453513007,0,1,0
69.34,18,2991,4,9.142817290010992,0,1,0
75.23,12,2034,2,10.036603675619002,1,0,0
159.0,11,2632,2,2.534709636056358,0,0,0
123.53,11,1215,3,7.1932352802559745,0,0,0
42.85,13,1558,2,2.0410237884617137,1,1,0
29.11,11,2830,1,13.852896686048142,0,1,0
17.43,14,1310,3,12.67691119715207,0,1,0
58.4,18,2791,6,1.6638759597523864,0,1,0
140.9,8,2265,4,19.40077243287474,0,0,0
29.16,11,1520,3,6.8674047272525245,0,1,0
48.44,16,1269,2,23.85063389732102,0,1,0
41.15,17,2880,3,8.195398141199826,0,0,0
109.7,13,716,2,8.81972718538736,0,0,0
104.7,12,1717,2,6.780023506817108,0,1,0
18.01,18,515,3,7.543383447884397,0,1,0
81.99,9,1215,4,14.01418121343038,0,0,0
74.2,8,885,2,6.907919317822683,0,1,0
104.71,15,228,6,21.68526376068001,0,1,0
74.82,10,1017,4,13.109595498019477,0,0,0
192.94,15,765,3,0.3370382124485216,0,1,0
66.9,15,1408,4,13.40850641877219,0,0,0
152.48,16,1899,5,5.877608433150619,0,0,0
51.85,17,2363,2,2.6917674309010593,0,0,0
31.54,14,2747,4,2.2846237548948687,0,1,0
63.31,20,1134,2,1.0351069173814338,0,0,0
45.75,12,2568,3,14.504842294520538,0,1,0
43.76,20,2716,4,6.620757974724572,0,0,0
47.17,13,1132,1,0.8192659588872084,0,1,0
27.12,12,2745,1,9.603383219622424,0,1,0
192.34,15,2811,3,18.556849682010945,0,0,0
77.72,11,1592,4,5.432364514244192,0,1,0
121.55,15,1402,4,16.479393241703654,0,0,0
116.57,13,909,4,5.855167222897769,0,0,0
155.36,13,210,4,2.3555139997960524,0,0,0
105.21,15,2053,1,6.105203763038476,0,1,0
19.87,15,1978,2,12.102563432728743,0,0,0
8.56,15,1477,2,5.848164976557638,0,0,0
84.48,13,594,1,1.9233999095006196,0,1,0
12.17,20,2226,3,29.0200724622017,0,1,0
27.15,17,1800,0,6.233460400932531,0,0,0
69.97,9,2320,3,5.955059462622402,0,0,0
58.66,17,2438,2,2.229455129044482,0,1,0
51.66,12,288,2,2.1573912712481595,0,0,0
89.67,16,1244,0,19.404119498086313,0,0,0
91.77,12,1684,3,2.7239652465353337,0,0,0
103.74,17,611,3,6.5917126655340175,0,0,0
235.1,13,999,4,0.6318487749253237,0,1,0
70.61,15,2055,3,6.978496072033016,0,0,0
68.48,15,672,5,3.7232949683316807,0,1,0
143.81,17,1140,3,1.5088077465318,0,0,0
21.39,14,1142,2,8.5189235068049,0,0,0
34.62,11,1910,5,5.211264403603905,0,1,0
51.64,8,1395,3,17.969882149681233,0,1,0
83.59,12,2992,1,2.785753118568663,0,0,0
42.71,15,439,5,8.952074285770378,0,0,0
166.85,14,1630,3,1.8934168333402739,0,1,0
349.27,19,2159,0,2.558761127785255,0,1,0
67.32,13,1435,2,11.415915486763213,0,0,0
41.66,13,1712,4,9.943714129555781,1,0,0
139.61,18,2126,1,3.581109324382937,0,0,0
64.68,10,2883,2,12.715191690297951,0,1,0
99.5,18,1488,3,7.359593492673388,0,0,0
59.05,13,722,2,10.207864642343779,0,0,0
496.31,5,328,13,532.7536581628281,1,1,1
82.98,15,1500,6,9.609949933526666,0,0,0
53.39,15,1776,4,11.284308876636842,0,1,0
87.31,13,987,5,17.6042904071835,0,1,0
189.47,14,2968,3,13.749618055153963,0,1,0
64.89,8,1856,3,8.541135990973428,0,1,0
51.16,9,2319,2,12.932166033389006,0,0,0
33.19,17,696,2,1.4997916129095574,0,1,0
112.32,19,2240,4,15.33611839205805,0,0,0
41.85,11,1373,0,9.028444781018532,0,1,0
47.45,15,540,3,3.694871278780859,0,0,0
131.42,10,2099,2,5.8821735573521865,0,1,0
73.65,17,1325,2,4.074775177932452,0,0,0
269.94,14,1472,3,16.267459149537565,0,0,0
853.66,1,114,6,384.5762288189712,0,1,1
7.92,17,354,3,1.4693615690082562,0,0,0
146.3,23,241,2,5.856852000705683,0,0,0
17.59,12,2281,3,9.562520605146112,0,1,0
145.64,11,1447,2,0.6627230345820037,0,0,0
28.55,13,2318,6,4.2403600759236895,0,0,0
67.56,15,1216,1,4.7039390801663945,0,0,0
150.66,13,1945,1,0.08958741398378667,0,0,0
64.63,11,231,0,5.840856882885769,1,1,0
83.1,17,2779,3,8.16932993926801,0,1,0
77.16,11,564,3,17.636575892682337,0,1,0
42.15,13,2131,3,2.97010362675801,0,1,0
44.35,18,437,2,7.158165569419949,1,1,0
26.65,18,874,2,1.0707921784016778,0,0,0
61.76,11,1284,6,10.793167313797461,0,0,0
172.29,18,555,5,13.204790422824882,0,1,0
213.77,16,1942,1,6.374866539856199,0,1,0
95.41,8,1754,7,16.48320794763668,0,0,0
149.08,12,2727,4,8.28866647547157,0,1,0
81.57,11,1134,3,6.454215763578556,0,1,0
23.4,11,1536,5,16.588214936913538,0,1,0
102.38,17,2338,3,12.334841857715123,0,0,0
117.79,13,1835,4,4.352499215918181,0,1,0
85.49,9,206,3,7.063704549812849,0,0,0
58.13,5,86,3,1.3606196505651096,0,0,0
32.75,13,2503,0,0.7289505403980536,0,0,0
123.44,6,1912,2,12.712563913275115,0,0,0
210.73,11,2908,1,15.215875354552546,0,0,0
32.54,12,2762,1,0.38513909400978186,0,0,0
78.47,13,804,3,7.809647481409885,0,0,0
28.96,18,1027,4,0.1086315919038583,0,0,0
66.42,16,477,7,20.90803735193443,0,1,0
117.46,9,2306,3,10.271764800183092,0,0,0
31.05,20,2454,4,13.987557915068622,0,0,0
79.53,13,2059,3,8.396565674215651,0,0,0
62.03,17,422,5,11.058588320441828,0,0,0
85.01,11,2455,2,3.05892923812766,0,0,0
79.44,17,94,2,10.691190931475237,0,1,0
105.13,17,1080,4,0.24306390491151575,0,1,0
108.72,20,1227,2,3.323153328322544,0,0,0
53.41,13,2414,0,13.674135029299315,0,1,0
19.65,8,382,4,19.443436157288154,0,1,0
29.36,9,1249,2,3.6552796983681777,0,0,0
57.19,19,2192,0,15.587673977898678,0,1,0
70.85,13,43,1,15.010447909778307,0,1,0
84.7,20,1115,1,3.3068206769904407,0,0,0
121.21,13,2375,0,4.401598497686555,0,0,0
60.65,20,141,7,9.288447562590095,0,0,0
79.38,18,2157,4,0.8380831564056574,0,1,0
98.78,11,2848,2,12.955294717993265,0,1,0
34.23,13,915,5,8.554833973406279,0,0,0
22.97,20,370,1,3.0555527700929,0,1,0
54.02,14,1287,3,4.447673476200372,0,0,0
82.09,10,2835,0,7.3373523141348045,0,0,0
147.33,11,2914,0,7.733641560180006,0,1,0
38.5,16,1984,3,2.8913970337020602,1,1,0
92.8,23,1118,3,0.42005562108915573,0,0,0
70.35,13,884,1,6.9010695419857235,0,1,0
29.04,14,1285,3,12.878094845383938,0,0,0
256.5,9,968,3,1.5780993258334677,0,0,0
17.31,12,288,2,5.505845553316268,0,1,0
203.4,20,1296,3,10.552414762861723,0,1,0
306.33,8,486,6,5.532478417939259,0,0,0
47.06,8,2379,4,2.25348119253089,0,0,0
126.97,16,2014,4,13.073912565468316,0,0,0
38.53,18,2783,4,19.28953287787771,0,1,0
34.36,12,1065,3,9.60458895793769,0,1,0
212.05,20,67,7,20.033715869023013,0,0,0
39.83,5,1511,5,19.62035013095387,0,1,0
66.05,14,1380,7,12.040574953509369,0,0,0
36.74,16,2709,3,12.457210725525488,0,1,0
49.42,15,174,3,7.664313799618389,0,0,0
95.89,14,2612,5,1.0940037812633512,0,1,0
62.48,10,2619,1,2.4871464771133853,0,1,0
70.59,15,2373,2,2.4597487540415788,0,1,0
16.45,13,2662,3,8.86048370747077,0,0,0
51.03,10,1712,3,7.47425267900163,0,1,0
64.48,15,2047,1,13.957437556020327,0,1,0
25.09,15,1670,3,6.216827696421741,0,0,0
178.4,13,1626,1,4.206468164452139,0,0,0
76.88,14,1574,6,8.938320023399093,0,1,0
67.5,12,2438,2,15.3286270550238,1,1,0
140.98,18,787,1,20.975839975400397,0,1,0
83.24,16,2889,4,0.3677880145169734,0,0,0
18.49,16,2535,3,7.964385621768585,0,1,0
44.5,18,479,3,11.35146381495295,0,1,0
96.38,17,1734,1,4.354980969397827,1,1,0
204.12,16,1410,1,0.2691815691891808,0,1,0
153.23,21,103,2,10.34999843555152,0,0,0
104.49,17,1705,1,5.651964454106704,0,0,0
98.49,6,1975,3,5.19710610341653,0,1,0
49.78,14,1556,5,6.694014569013938,0,0,0
59.15,14,2968,5,0.26305131222135003,0,0,0
59.67,13,1890,4,9.764293976721348,0,1,0
62.59,5,2205,6,12.901471591252015,0,0,0
82.14,8,780,1,5.136649483376614,0,1,0
22.07,9,251,2,2.25441261476308,0,1,0
67.61,10,414,2,4.265612573885019,0,1,0
165.08,15,1858,3,3.660811996440094,0,0,0
158.81,10,981,1,8.596350291647358,0,1,0
129.75,9,373,8,22.027421550261913,0,0,0
54.25,13,1423,3,19.089587980851444,1,1,0
5.13,16,968,3,11.980673536840595,0,0,0
66.05,8,660,3,14.135760159910973,0,0,0
63.79,11,1357,2,7.422347187181014,0,1,0
80.02,10,712,2,21.626214212653554,0,0,0
23.9,13,2646,2,9.348838828062785,0,0,0
47.92,15,137,3,10.055509433833551,0,0,0
88.1,13,2202,1,6.3438180203610575,0,1,0
41.7,16,153,2,7.188540689053572,0,1,0
30.03,10,95,2,9.456381870134985,0,0,0
69.47,12,2548,5,4.902817574373801,1,1,0
69.57,16,2964,5,7.118417289417549,0,0,0
18.95,6,2878,2,2.1140565625631096,0,0,0
61.42,11,2364,0,7.651832831836335,0,1,0
24.33,14,395,2,14.90751120674889,0,0,0
173.01,16,341,6,13.598606114031387,0,0,0
15.23,5,230,5,8.114870546185093,0,1,0
76.2,15,1432,1,6.948174053512585,0,0,0
165.93,16,1665,6,8.74834875191814,0,1,0
28.79,22,215,3,11.384362579185467,0,0,0
41.69,18,2556,2,2.4604307686655416,0,1,0
32.88,14,1938,1,4.944701008405597,0,0,0
33.83,19,1613,2,4.904021363995929,0,0,0
9.28,15,2508,4,3.7447136201778477,0,0,0
53.56,15,625,5,6.314690264656076,0,0,0
179.99,19,1708,4,13.22832847921473,0,1,0
107.73,10,366,2,2.7757629103483543,0,1,0
15.8,12,201,1,14.878241397773673,0,0,0
126.34,18,889,7,2.2531631543197657,0,0,0
72.65,10,1642,4,2.2581533709779267,0,0,0
37.62,8,918,4,19.111786304753913,0,0,0
28.51,19,792,4,4.157978352722417,0,0,0
117.07,12,1151,1,3.423903068834167,0,1,0
211.97,21,1022,5,2.4351609533107252,0,0,0
31.79,15,2253,2,7.023840933939772,0,1,0
51.44,11,748,3,3.2120888841772874,0,0,0
180.08,9,2999,0,7.951793986269976,0,0,0
80.11,14,576,2,20.201160216300458,0,0,0
78.24,8,1831,6,2.595708684345937,0,0,0
58.87,7,685,2,0.9915014874381853,0,1,0
117.59,23,1380,2,1.0552979793097261,0,1,0
82.39,21,632,1,9.49938683741692,0,0,0
17.13,11,2045,4,15.354152324933336,0,0,0
4.82,15,240,1,1.5781187571182107,0,0,0
124.43,14,2035,1,11.588844855634921,0,0,0
58.99,9,2149,3,10.244082319194794,0,1,0
14.69,21,2987,4,21.065788591871545,0,1,0
75.93,14,2563,2,15.180016313453557,0,0,0
84.08,19,2103,1,13.012266621708493,1,0,0
125.77,12,2461,3,11.632488122228485,0,1,0
43.34,14,2522,5,3.0578939820389035,0,1,0
62.29,9,2866,1,8.167655551659132,0,1,0
51.21,10,1413,1,4.724729814903029,0,0,0
144.33,10,2090,3,3.1437943825397,0,1,0
142.18,13,1163,1,16.17271935322177,0,1,0
119.41,17,2640,1,1.209366767009855,0,1,0
39.5,12,2023,2,10.499734204966865,0,0,0
40.93,18,2233,3,2.9195406163553757,0,1,0
225.55,16,2511,3,9.086213997103423,0,1,0
166.08,16,2905,5,26.64622982941888,1,0,0
43.47,12,1208,1,11.938759388515475,0,0,0
119.97,19,2340,3,4.722269552554261,0,0,0
44.57,12,2231,2,1.5999343103629036,0,1,0
58.16,9,2602,3,18.048655064004464,0,0,0
35.97,12,2081,2,2.3003912601570597,0,0,0
121.64,12,2165,1,15.32348085496901,0,0,0
21.69,15,1542,5,3.8553918176581465,0,0,0
357.91,3,323,8,274.60586999915245,0,1,1
109.23,18,1410,5,14.51315803650072,0,1,0
76.05,16,2575,3,0.38030116618775,0,1,0
34.96,12,1914,5,4.171021834942454,0,0,0
40.59,19,287,3,5.077093898442244,0,1,0
85.0,20,843,6,6.480059715864622,0,0,0
72.83,11,1261,2,22.583137948224664,1,0,0
61.91,11,2508,4,2.5590843573703523,0,0,0
117.66,14,2013,2,13.107746359634898,0,0,0
44.2,13,1741,3,7.031949456815611,0,0,0
24.22,23,1492,4,1.439128002257661,0,0,0
116.73,21,233,3,6.695554275081145,0,0,0
47.02,21,2756,3,3.826087080912897,0,0,0
58.74,12,1951,2,14.064964234765196,0,0,0
10.21,16,924,7,12.325659158643724,0,1,0
41.36,14,2987,2,11.973569887088363,0,1,0
104.9,14,2732,4,16.68736893865202,0,0,0
43.78,18,1424,3,1.2957450848804122,0,0,0
101.9,16,1950,1,5.9635082219053555,0,0,0
113.91,17,107,4,6.663666515089325,0,1,0
112.29,16,2404,4,1.1242267446036247,0,0,0
43.8,14,2054,4,1.1723963449301102,1,0,0
117.66,13,393,2,2.755512216948514,0,0,0
23.3,14,757,2,6.687777173456345,0,0,0
25.93,15,47,3,6.298896120839594,0,0,0
93.68,17,2552,4,14.137007913010127,0,0,0
24.41,15,1027,4,8.346780784295742,0,1,0
80.64,10,2078,4,9.973656730967665,0,1,0
43.45,6,2429,3,4.377462060418999,0,0,0
153.74,8,653,4,7.735712076669628,0,1,0
173.5,16,883,6,9.129499954208715,0,1,0
76.49,20,2946,1,4.111479534851241,0,0,0
12.19,9,987,3,0.21231448312763135,0,1,0
89.48,16,2593,1,0.33810143189102426,0,1,0
14.12,23,869,4,2.1730663537166226,0,1,0
125.58,17,1821,3,0.9572728801739867,0,0,0
129.68,18,2557,2,5.478762260545163,0,0,0
79.2,16,252,4,4.8695615949339315,0,0,0
26.07,19,872,0,5.818485646610591,0,0,0
53.15,13,1850,2,19.28912288210723,0,0,0
44.38,13,786,2,9.457211169078128,0,0,0
58.25,16,810,0,1.4261078901775797,0,1,0
36.13,14,1792,3,9.477240513162673,0,0,0
21.03,16,541,3,2.5252638463438832,0,0,0
244.18,10,1853,3,0.8068382513172336,0,0,0
76.75,14,1586,3,8.843149019889665,0,1,0
46.62,16,1479,7,3.172260632921414,0,1,0
153.91,13,1904,2,6.906403047453901,0,1,0
76.25,17,1559,0,6.58538730331453,0,1,0
19.66,13,2180,0,15.323943835469786,0,1,0
87.16,14,322,1,1.2421024048927731,0,0,0
17.56,20,2102,5,3.7936121906887896,0,1,0
62.07,20,411,4,8.495453451170249,0,1,0
103.61,14,1313,2,11.678603532243269,0,0,0
53.87,15,325,8,13.169046921963744,0,0,0
75.95,16,2081,7,6.404435113574978,0,0,0
76.57,16,2491,1,1.1246701211524686,1,0,0
146.59,16,673,6,6.654725017937406,0,0,0
199.31,11,1489,3,4.014328602166213,0,0,0
29.39,14,899,2,7.283316353455161,0,0,0
53.3,13,1774,3,6.596996780396385,0,1,0
99.11,12,113,4,10.33333182105378,0,0,0
50.48,17,1530,4,5.477046278847958,0,0,0
75.15,3,2522,5,3.2206038942209316,0,1,0
7.54,18,835,2,4.784241237807231,0,0,0
25.42,12,210,2,6.138937679391462,0,0,0
133.5,16,1720,4,19.333633710152625,0,0,0
65.35,15,642,3,1.908911451151173,0,1,0
47.73,14,120,0,12.832805858543502,0,1,0
74.64,11,1241,1,0.9665292286300131,0,0,0
79.3,12,802,1,6.949430821600341,0,0,0
114.35,20,1739,4,5.9937980786617375,0,0,0
551.94,0,337,9,222.35937377745054,1,1,1
44.92,16,1106,3,1.138329625833581,0,1,0
36.36,12,2009,3,1.0027100614542155,0,0,0
47.31,12,1908,0,1.9555371974961124,0,0,0
54.75,21,1501,4,3.646991596202863,0,0,0
53.71,12,1580,5,1.4891764947964372,0,0,0
63.46,11,725,3,0.36887992423779714,0,0,0
48.42,23,2827,3,2.7911156790050784,1,0,0
69.91,16,636,4,10.50891459486305,0,1,0
74.28,12,1001,3,16.021353508130233,0,1,0
63.4,14,2514,4,9.948881057697989,0,1,0
182.26,16,643,1,5.048730241393876,0,0,0
115.05,20,691,2,10.569275254864966,0,1,0
137.42,20,1346,5,6.274534154785931,0,0,0
138.5,19,2981,5,1.0845509313984865,0,0,0
48.9,13,618,0,1.3212188746597358,1,0,0
46.23,16,97,5,20.812316502279238,0,0,0
147.26,6,2670,1,7.681195236062193,0,0,0
186.5,12,2004,1,17.469158536310594,0,1,0
99.83,3,1395,5,14.462053907869496,0,0,0
192.21,4,1625,6,0.5079734196893995,0,0,0
31.2,10,2044,2,18.036040962037127,0,1,0
258.05,15,1335,2,6.991622295067794,0,0,0
17.07,10,1946,5,2.7000874201526246,0,1,0
68.93,12,632,5,9.242663636541788,0,0,0
380.02,4,127,8,639.3310267406689,1,1,1
94.24,15,521,3,11.278107209595376,0,1,0
43.01,9,892,0,8.496648001764974,0,0,0
47.57,18,895,1,18.868259673599663,0,1,0
108.71,14,84,3,12.607023158965863,0,1,0
115.56,16,366,5,9.76047068686046,0,0,0
34.46,12,794,2,20.690357083032747,0,1,0
45.24,15,1459,2,1.308800004486896,0,1,0
18.74,11,32,7,6.599422974469254,0,0,0
47.2,13,1271,3,5.729375092295568,0,0,0
43.14,17,1707,3,7.980328106084894,0,0,0
77.2,17,2057,6,8.21346659828124,0,1,0
18.73,23,941,4,1.1577768576864935,0,1,0
61.35,17,1188,1,12.164068229655722,1,0,0
25.65,16,172,2,8.747510047566427,0,0,0
40.26,18,402,0,12.035050687341887,0,1,0
34.29,9,2563,1,18.671837441049966,0,0,0
42.69,11,1797,2,10.362045189430841,0,0,0
199.78,17,2091,2,10.64267765321614,0,0,0
29.44,19,1140,2,3.351227367496498,0,0,0
29.09,19,1867,3,13.466958220304504,0,0,0
96.39,17,1384,2,0.6984765140749527,0,1,0
79.19,10,2547,2,3.7089695796649877,0,0,0
75.76,14,1731,4,1.6032606800647744,0,0,0
27.42,16,1739,6,6.480837502382541,0,0,0
67.45,17,2397,1,2.5104203019321183,0,1,0
43.43,19,1517,5,7.7414025754278235,0,0,0
137.25,15,1116,6,13.344434228198033,1,0,0
100.43,10,2071,0,1.6058965148574762,0,1,0
46.79,13,132,4,6.1233679380359085,0,0,0
21.22,12,368,1,5.510770693147958,0,0,0
70.95,14,2349,4,17.964839844457984,0,0,0
132.46,11,2938,5,8.882295538953228,0,1,0
146.87,6,1044,7,2.595159958730175,0,1,0
90.7,19,1324,2,21.62075214122563,0,0,0
34.94,18,943,5,4.585439573158786,0,0,0
63.13,23,1503,4,9.412793515754295,0,0,0
188.66,11,2782,3,3.0048842692887523,0,1,0
2.21,18,1129,5,5.0908483211501805,0,1,0
18.38,9,2872,4,4.722010325229892,0,0,0
33.38,8,2558,3,22.67605179375176,0,1,0
49.97,7,110,5,6.052617988536917,0,1,0
71.84,7,540,1,1.8032933631108818,0,0,0
114.91,14,992,3,1.1220740145746801,0,0,0
43.3,11,1141,6,0.6184203183917676,0,1,0
51.19,9,76,3,9.432144205078455,0,1,0
96.63,12,1665,1,0.9915170520353227,0,1,0
161.51,12,2557,4,7.700364093686268,1,1,0
145.74,10,2103,3,3.077933319615478,0,1,0
78.95,12,1827,3,3.1624025521945742,0,1,0
18.15,17,2494,9,10.042780815663987,0,0,0
3.49,11,2724,2,1.1103079038620676,0,0,0
10.66,11,1008,0,0.7961352565513247,0,0,0
13.85,16,1735,6,14.470306108052176,0,1,0
34.1,9,1208,1,16.35310809902262,0,1,0
26.58,16,1885,5,11.403794104753839,0,0,0
160.98,19,1382,9,3.4730503060512814,0,1,0
31.14,7,2151,5,0.8663078817733538,0,0,0
28.9,16,1961,3,9.616305701752143,0,0,0
188.32,15,2654,1,10.996683860792832,0,0,0
82.57,13,317,5,0.0757598657933567,0,0,0
20.72,10,477,2,2.6547528330108774,0,1,0
114.07,10,339,5,5.242346026052258,0,0,0
47.09,12,469,1,2.318831709343529,0,0,0
96.29,19,865,3,6.1483355796306505,0,1,0
58.41,8,2822,0,6.249241083717347,0,1,0
25.12,18,1134,3,9.031365905728222,0,0,0
16.43,19,1015,1,12.133830809795654,0,1,0
43.03,9,2508,1,7.51191190679303,0,1,0
214.45,18,2477,3,13.741323331713463,0,0,0
76.43,13,1628,1,8.458829684850588,0,1,0
78.36,11,1454,2,11.207738988095503,0,1,0
27.45,16,2743,1,15.29580240339607,0,1,0
176.45,12,1921,2,2.6885792461077447,0,1,0
51.14,18,1804,5,19.44922930358875,0,1,0
30.78,17,2344,3,0.48244923657234207,0,1,0
143.48,17,1832,3,11.072357315032594,0,0,0
62.04,19,973,1,8.446331738329778,1,1,0
31.7,14,2383,2,7.92581508930814,0,0,0
55.44,13,1256,3,0.12869029515362573,0,1,0
24.35,12,1723,6,0.35338257564113373,1,0,0
23.49,21,2847,4,15.200792295423655,0,1,0
59.54,15,118,4,16.62533104432925,0,0,0
35.15,14,1688,4,7.932088545322359,0,0,0
80.61,14,916,4,6.060231748995077,0,1,0
53.24,15,2614,4,11.111369586579684,0,0,0
6.59,6,932,0,9.1279839381992,0,0,0
278.0,16,541,2,0.44326523699370224,0,0,0
30.89,14,86,3,0.31916684103094894,0,1,0
104.15,16,1343,1,4.026546674491124,0,0,0
120.51,12,156,1,3.7999392810444195,0,1,0
32.49,19,1590,3,9.52363299771087,0,0,0
39.63,12,358,3,3.6230186411887892,0,0,0
201.0,16,2473,2,1.217288812924207,0,0,0
68.21,11,1222,2,0.9959932825170394,0,1,0
50.96,10,484,3,0.14042486271298582,0,1,0
63.5,8,1011,3,1.453274918357093,0,0,0
171.95,12,2060,2,1.3024863803956706,0,0,0
35.44,10,2176,3,4.811149605327103,0,0,0
80.65,15,1162,2,2.001052825639719,0,0,0
35.1,11,603,4,6.832538980815588,0,1,0
65.0,11,2835,2,26.210868853541083,0,1,0
19.63,17,2196,5,11.643511868498672,0,0,0
36.83,13,2598,3,8.939675620252512,0,0,0
60.38,12,310,2,1.6910476300739425,0,1,0
122.04,10,1237,6,3.0358756286493325,0,1,0
19.21,6,1952,1,16.641057400881564,0,1,0
9.3,8,2694,3,2.514530320493003,0,1,0
33.43,17,2761,4,13.091654873887737,0,1,0
74.91,18,2527,4,14.576969103149013,1,1,0
68.16,9,2727,3,4.3915969929602685,0,0,0
106.37,12,963,2,12.903564558383376,0,0,0
132.34,2,2932,4,8.234561852206408,0,0,0
132.56,17,972,2,17.90138298249399,0,1,0
100.43,14,1788,2,15.584996423957325,0,0,0
34.63,14,2751,1,13.052958261311543,0,0,0
76.35,13,1086,4,11.67768399130531,0,0,0
112.89,7,2046,2,8.261985404402008,0,0,0
150.16,17,633,2,11.814939542171992,0,0,0
44.14,17,2959,1,1.8126830502907612,0,1,0
177.92,15,970,3,12.63964293691058,0,0,0
154.81,16,570,4,1.5548485809184296,0,0,0
132.97,19,2500,3,5.931721770107218,0,0,0
51.78,8,81,3,3.341013940389397,0,0,0
113.94,17,206,5,5.686377947053326,0,0,0
126.84,22,953,5,5.697066712339516,0,1,0
128.24,11,2286,4,8.622251327399798,0,0,0
52.93,13,1820,5,9.399874143321385,0,1,0
83.56,15,2178,2,11.39347954910517,0,0,0
89.53,7,64,1,1.930442953728372,0,0,0
4.48,20,153,3,9.71581023797724,0,0,0
16.3,9,125,3,6.259906487617768,0,0,0
76.67,7,1017,1,2.679180159953184,0,0,0
75.11,22,2946,5,6.467575042195897,1,0,0
31.54,10,280,1,14.826710246833995,0,1,0
59.8,19,2626,3,9.874059960275314,0,1,0
101.23,22,2575,3,11.907560964056522,0,0,0
130.79,12,2522,2,12.133591341787394,0,1,0
32.46,16,638,3,3.18461363807109,0,0,0
137.97,14,1774,1,1.3400650322133392,0,1,0
42.09,15,453,1,1.5623273534469417,0,0,0
23.16,11,2379,6,0.41403600496556336,0,1,0
181.62,14,1419,3,5.105081388236566,1,1,0
78.68,18,2573,2,1.8723458915307738,0,1,0
105.93,11,687,2,5.134030963213908,0,0,0
83.85,13,327,4,4.4089788606354805,0,0,0
41.15,7,1630,2,1.243763868363625,0,0,0
94.68,13,2263,3,9.721771683204771,0,0,0
83.36,17,1961,3,9.870696939119071,0,1,0
52.28,14,659,3,4.416785674957332,0,1,0
60.59,7,1432,2,5.14323369575702,0,1,0
35.78,12,185,2,0.031531574578835375,0,0,0
80.55,8,1441,3,2.0504234142824895,0,1,0
65.63,10,1891,5,3.836541098060707,0,1,0
47.57,9,2097,3,8.044542776022404,0,0,0
148.0,9,827,3,9.897541691971771,0,0,0
96.28,8,1922,0,2.045013395404328,0,0,0
537.83,0,106,12,273.83505690590914,0,1,1
139.56,9,274,2,7.254899988258519,0,0,0
61.37,17,2303,1,2.511804532447496,1,0,0
80.88,19,410,1,2.7044567003899775,0,0,0
45.28,19,2522,1,8.730540848990927,0,0,0
26.28,17,300,4,9.13981076081064,0,1,0
64.8,15,1094,0,3.7242002871796416,0,1,0
58.88,10,1612,1,11.835271625155865,0,0,0
48.2,9,808,1,18.633683223443988,0,0,0
33.6,16,90,2,5.090918215194121,0,0,0
6.21,22,1111,6,6.757857215872466,0,1,0
100.97,6,1717,3,7.323457556640465,0,0,0
114.06,12,626,2,11.390555123587419,0,0,0
144.37,18,2627,2,9.58311656008632,0,1,0
219.42,19,648,3,8.822902469698466,0,0,0
189.16,15,831,1,1.9485867486946677,0,0,0
42.35,9,2716,5,1.5506220380246702,0,1,0
28.01,14,2674,2,2.136621320965043,0,0,0
27.39,13,2902,3,1.7173803489704373,0,0,0
88.36,7,928,2,1.4046951657950935,0,0,0
117.82,19,663,2,0.7006597488328907,0,0,0
92.45,14,731,1,8.97693947230633,0,0,0
52.05,13,183,2,6.852817902507785,0,0,0
132.55,15,2704,1,13.204345346844809,0,0,0
110.88,13,193,2,12.267854277206656,0,0,0
95.25,11,1781,4,1.575238230505474,0,0,0
105.48,11,1549,1,14.239145764162636,0,1,0
82.55,14,179,2,15.57364155610258,0,1,0
179.22,19,797,2,9.676182226893477,0,0,0
316.55,11,34,1,8.24719521745408,0,0,0
59.61,14,2089,5,8.444909652299707,0,1,0
21.4,15,2041,2,7.9826562783774415,0,0,0
37.98,11,1122,1,3.1405991403847153,0,0,0
54.85,16,2791,1,6.404784890386663,0,1,0
32.76,12,1786,1,1.0852372103332901,0,1,0
30.79,11,1917,2,2.266744316228227,0,1,0
98.97,16,2933,5,27.248937527753558,1,0,0
112.24,17,2915,1,9.49597095729428,0,1,0
61.07,14,626,2,1.3633004182430453,0,0,0
57.47,11,420,2,13.823603778387021,0,1,0
66.34,12,2342,2,8.696002384415413,0,0,0
65.8,15,300,3,1.7710961018567222,0,1,0
56.07,7,774,3,0.39497153424049625,0,0,0
33.04,16,2269,4,19.023992740752092,0,1,0
47.58,11,2390,1,5.617734532376186,0,0,0
150.89,11,1506,3,13.683608970229498,0,0,0
161.88,19,1005,4,6.778392357830016,0,0,0
27.48,15,2291,5,6.177568250624617,0,0,0
98.14,20,1378,4,3.6609275936355647,0,0,0
65.06,11,1432,6,0.7475099811786068,0,0,0
89.43,13,2527,3,9.470898730376973,0,0,0
141.89,14,883,2,5.214568645557671,0,1,0
173.17,12,2108,3,18.41950040777321,1,1,0
170.21,17,1793,2,8.081247595768483,0,0,0
172.08,22,2171,3,11.388637168991144,0,0,0
51.73,14,1715,5,2.3707210968239343,0,0,0
90.19,16,806,2,14.871105762024982,0,1,0
90.85,16,602,5,19.280777952263534,0,0,0
111.87,1,2855,4,5.905295777696301,0,0,0
82.39,13,1291,4,2.760038762171062,0,1,0
20.74,11,436,2,16.6586208424412,0,0,0
119.62,14,1632,2,4.242559537186038,0,1,0
59.98,16,932,6,7.916086265302942,0,1,0
121.83,15,2291,2,9.929119704545617,0,0,0
40.77,5,244,4,1.030227923966672,0,0,0
59.25,17,2758,2,2.1609676049391835,0,0,0
26.76,17,1846,4,13.474909094899061,0,0,0
82.91,8,1920,4,11.989368027521632,0,1,0
47.63,2,2580,2,4.176389369418245,0,0,0
212.06,11,2632,2,12.392985317111764,0,1,0
36.0,19,2338,3,8.773541774574332,0,0,0
70.97,10,1599,2,11.541023236502145,0,1,0
56.52,17,1371,3,4.136585599773921,0,0,0
148.73,14,2491,4,3.7710848369585364,0,1,0
86.67,13,605,3,8.298828272548402,0,1,0
48.47,9,1992,5,4.922585298734254,0,0,0
40.81,17,2327,2,1.6019868186678288,0,0,0
77.61,15,879,2,3.8099982569266064,0,1,0
32.39,17,847,4,18.32791447297344,0,1,0
44.03,18,910,2,12.485147790689403,0,0,0
65.52,11,2614,2,5.5673041627802435,0,0,0
112.82,14,1469,3,0.40407300561617543,0,0,0
9.26,13,2995,0,6.708809608199603,0,0,0
156.78,10,2490,4,2.6747867375529233,0,0,0
25.24,9,1579,3,4.292230851182536,0,0,0
118.49,18,1221,3,10.347116891524893,0,1,0
138.84,16,119,5,5.861212814437145,1,0,0
47.74,12,375,1,14.833778652712663,0,0,0
107.4,14,845,1,17.69838944379176,0,1,0
28.42,19,1943,4,21.117258857594745,0,1,0
101.55,8,843,3,4.864969121753468,0,1,0
14.14,20,655,5,0.6227692394187709,0,1,0
9.79,16,663,2,13.126312878492298,0,1,0
45.96,13,129,4,2.3670427708402264,0,1,0
83.16,13,371,3,13.269541173620121,1,0,0
43.84,17,1236,5,2.8911121661913866,0,1,0
31.68,15,1855,3,11.192818484208246,0,0,0
38.87,8,53,5,15.196608074535414,0,1,0
23.42,19,1653,6,0.30610570784984414,0,1,0
29.09,13,2504,1,2.2495802332381394,0,0,0
4.15,15,247,2,0.3777203743894173,0,0,0
67.63,14,1206,3,13.83313939491706,0,1,0
153.47,15,600,6,4.83028359959925,0,1,0
52.36,8,2572,4,8.920175219001695,0,1,0
73.7,15,2708,5,0.7414349525751822,0,1,0
93.14,13,2355,4,11.115991061327065,1,1,0
54.13,9,668,1,12.684449433691828,0,0,0
288.63,11,169,3,5.747405772301917,0,1,0
77.16,11,703,3,6.384345390658943,0,0,0
110.14,13,1585,0,5.100238819635939,0,0,0
41.25,15,1264,7,0.3425837414054209,0,0,0
22.13,18,883,1,9.670059795819624,1,0,0
33.69,11,1151,2,4.371569415777255,0,1,0
78.96,8,961,1,0.055401373473321414,0,0,0
44.09,14,2518,3,0.7639542476137429,0,1,0
229.93,11,2638,2,20.08200057476091,0,1,0
28.59,17,165,7,11.144415964929692,0,1,0
19.13,11,352,3,2.121239206786689,0,0,0
39.75,12,2287,8,6.829714502075853,0,0,0
49.8,21,1013,2,0.6771132833838358,0,0,0
149.23,16,2294,3,3.4461117831261667,0,0,0
107.98,12,860,1,10.407608229414816,1,1,0
49.37,14,58,3,4.53832269769307,0,1,0
127.09,13,1079,3,0.04112785400467889,0,0,0
150.93,11,1971,2,3.9949061754496924,0,0,0
143.5,18,2964,3,5.602155012787299,0,1,0
42.87,16,991,3,2.0524577516043774,0,0,0
70.0,10,1067,3,7.069126533929188,0,0,0
51.76,11,1334,4,0.3113274380358577,0,0,0
132.61,8,1695,3,3.83155648315054,0,0,0
96.6,21,1079,3,12.974215458354863,0,0,0
298.53,11,1672,7,6.732776565556321,0,0,0
175.68,13,188,4,6.992339333064139,0,1,0
46.74,11,861,2,10.904707976895569,0,1,0
244.45,17,2649,5,3.222020322170616,0,0,0
76.79,14,514,3,9.5118698448999,0,0,0
43.9,9,2709,2,10.477726069129252,0,0,0
146.93,13,2214,9,5.164698079559091,0,1,0
256.88,17,1174,5,6.626992973528498,0,0,0
78.93,10,1457,1,8.4300554633361,0,0,0
105.9,13,1091,4,20.10498264789334,0,1,0
14.32,12,717,3,10.532066245189014,0,1,0
129.27,19,863,2,12.565417782737168,0,1,0
103.46,4,832,4,3.150631329794191,0,0,0
71.82,16,200,3,0.2210963465829181,0,0,0
58.25,10,1975,4,0.9886848468958211,0,0,0
19.61,10,2826,4,11.835468089240347,0,1,0
78.36,4,1833,5,17.530153476052064,0,0,0
19.28,13,2933,5,0.24596828020049966,0,1,0
74.73,11,307,5,2.6008349985722945,0,0,0
408.7,6,579,2,0.9702029886990164,0,0,0
35.81,16,1310,4,12.248486684034084,0,0,0
112.1,17,1840,6,11.498394070199637,0,0,0
111.61,17,2812,5,0.8667665279854511,0,1,0
109.47,13,1017,3,2.6654252903570494,0,1,0
42.29,10,2155,4,1.0264238765905396,0,1,0
71.59,17,2755,1,8.36131401358187,0,0,0
147.81,6,588,5,7.07077212186147,0,0,0
46.1,12,376,3,1.733633660277437,0,0,0
107.79,6,1691,1,4.17365676289344,0,1,0
30.35,14,1349,2,3.4115400656818213,0,1,0
36.37,12,1647,2,10.342719310134076,0,0,0
59.62,21,336,0,19.079142451378743,0,0,0
148.11,19,1051,1,16.196979073913422,0,0,0
46.18,17,2883,4,8.09036644862965,0,0,0
139.82,13,2356,5,7.774780604876421,0,0,0
217.56,6,430,4,12.436598271733196,0,0,0
57.07,15,154,2,2.3730199271616117,0,1,0
123.34,6,2932,0,7.043458705331926,0,0,0
42.17,13,2508,9,9.232849167662522,1,0,0
55.21,16,1878,2,12.488822585292564,0,0,0
72.02,13,2797,3,0.5912120601018547,0,0,0
27.05,9,1340,4,6.893089076260393,1,0,0
144.81,16,964,2,9.611047545248116,0,1,0
97.14,11,647,3,17.614621148184888,0,0,0
72.74,9,2941,2,1.5946228555811857,0,0,0
80.74,13,1747,4,5.802690431433637,0,1,0
50.53,19,369,1,0.34555585063016103,0,0,0
14.01,11,1960,2,1.5164808705114825,1,0,0
12.1,11,998,5,2.089226873553409,0,1,0
102.94,7,841,3,8.950399282377498,0,0,0
60.03,11,2204,3,7.7581273741595345,0,1,0
32.98,14,2303,4,9.240154456786765,0,1,0
46.14,14,1223,3,7.319128032513161,0,0,0
28.93,7,1552,4,8.67410423674622,0,0,0
51.98,12,2300,4,10.193741398232795,0,1,0
29.29,17,2194,5,10.511539576767525,0,0,0
46.73,19,692,1,12.003401956632471,0,0,0
113.57,16,2616,2,13.700576108055959,0,1,0
133.73,11,1060,5,7.230024815138206,0,1,0
24.49,19,208,3,0.803428507843968,0,0,0
31.39,10,2356,1,11.011178324896335,0,1,0
118.45,22,811,2,13.446935807066147,0,0,0
38.85,14,2624,5,0.20623772639464644,0,1,0
46.72,14,589,5,5.03503063776963,0,1,0
115.88,15,1258,5,13.787762178423469,0,0,0
53.65,11,1272,4,4.3492331944433875,0,0,0
66.3,13,2212,1,10.737308587039072,0,0,0
27.53,19,1604,3,10.89796257562084,0,1,0
27.85,15,865,1,12.68224788978988,1,1,0
36.68,13,2074,1,2.43792289448472,0,0,0
202.82,14,1610,5,6.5688987559982035,0,0,0
43.17,11,470,0,10.496198127317456,0,0,0
52.09,10,706,2,8.970718587564836,0,0,0
39.47,10,2535,3,19.461439541819846,0,0,0
108.84,15,511,1,10.230797735711846,0,1,0
88.98,6,1305,5,6.009546718519901,0,0,0
41.48,11,1199,5,8.72602629238661,0,0,0
100.44,11,2611,3,23.386912896097147,0,1,0
51.26,17,695,3,8.665535888664508,0,0,0
82.62,15,588,1,15.301119884178544,0,0,0
22.36,15,846,4,18.491571331627867,0,1,0
105.4,16,785,2,14.627184841264064,0,0,0
83.94,19,1586,3,5.047784841912931,0,0,0
76.83,13,1961,3,13.095881786117298,0,1,0
75.21,13,2941,2,7.336176135028877,0,1,0
39.93,19,928,3,13.690297767309822,0,0,0
44.95,10,2727,3,2.5794502215180994,0,1,0
46.58,12,2373,1,19.221484678056733,0,0,0
34.09,6,168,0,5.604569852062338,0,0,0
96.86,6,136,6,8.185707495952471,0,0,0
91.58,14,96,2,6.449000846963069,0,1,0
88.04,16,632,4,14.91285922011342,0,0,0
116.27,12,2536,3,2.065179974359298,0,1,0
160.54,8,679,3,5.6772544905767806,1,0,0
31.8,13,869,4,3.5576484931402756,0,0,0
147.6,16,1642,1,0.3237420045968378,0,0,0
33.18,15,983,4,2.545977420612377,0,0,0
34.88,21,2329,4,0.3584189735329071,0,1,0
100.15,13,466,5,15.328395222803122,0,1,0
92.43,5,1287,5,9.082377303975633,0,0,0
182.4,14,311,3,8.01359383965784,0,0,0
20.13,15,2607,5,3.692684454660565,0,1,0
91.58,13,2133,4,0.11991329759025593,0,0,0
37.32,12,1449,4,0.3339609048147043,0,0,0
47.38,16,2700,4,2.765581606753954,0,0,0
23.33,12,534,6,12.587863806668125,1,0,0
39.56,9,2598,1,4.144544256290077,0,1,0
114.6,13,2135,1,2.9752261332729506,0,0,0
54.11,11,1906,2,5.159521163087626,0,0,0
69.22,18,221,3,5.553728962027322,0,0,0
184.62,13,2081,3,1.263373197039635,0,0,0
43.52,16,1583,2,6.268377580622152,0,1,0
57.68,13,2460,1,6.4760717396173,0,0,0
189.65,15,2128,3,3.29430555236336,0,0,0
241.32,12,2438,2,4.817075325621701,0,1,0
43.08,13,1263,3,4.296051280547622,0,0,0
187.8,5,1043,1,13.799468033012674,0,0,0
28.66,6,901,4,9.354086239375578,0,1,0
55.73,21,2585,3,8.21899771254918,0,0,0
51.23,13,1333,3,0.4313179987884981,0,1,0
145.69,11,126,4,13.98119819286358,0,1,0
90.34,13,2259,3,17.77724358055845,0,0,0
12.72,14,1429,1,3.9196050835173986,0,1,0
355.07,13,1531,3,13.96943424578639,0,0,0
25.15,11,1454,3,3.17467979693697,0,0,0
74.1,15,382,1,2.7427246664435527,0,0,0
52.0,6,678,2,11.359154240896666,0,0,0
15.86,8,1355,4,14.339259221021038,0,0,0
77.09,11,1310,2,10.203849097617281,0,1,0
182.01,10,1678,2,1.7758450864867705,0,0,0
77.26,11,2490,2,8.5386429088957,0,0,0
31.38,17,2299,5,2.9252458413261997,0,1,0
29.12,16,1355,4,3.2405453968841815,0,1,0
39.54,12,367,1,6.71906081126592,0,0,0
121.25,15,699,3,5.828466780336875,1,0,0
8.85,9,1407,6,16.704677286128824,0,0,0
25.98,16,1773,4,6.206106252848741,0,0,0
40.61,17,1811,2,5.711323074627523,0,0,0
222.4,15,243,3,13.881378467724174,0,1,0
38.37,15,1761,3,12.004406144413338,0,1,0
15.99,11,1432,1,9.278601427046926,0,0,0
54.26,6,91,1,5.846087244418974,0,0,0
1047.77,2,149,9,58.26858860289906,1,1,1
77.24,19,2481,3,19.80613967896697,0,0,0
105.63,21,1364,1,1.1246710022831832,0,1,0
92.02,14,497,3,14.713889243617361,0,0,0
137.57,16,1398,3,1.8093575462378584,0,0,0
7.62,12,51,2,5.884502212281751,0,0,0
116.69,13,725,3,0.1627340854128434,0,0,0
62.52,13,1394,3,9.985374534804258,0,0,0
37.39,20,2172,4,7.36532405228813,0,0,0
126.24,11,1472,2,2.454831488495233,0,1,0
33.76,11,1815,2,7.304062868158423,0,0,0
103.8,19,2876,2,5.085870357282727,0,0,0
100.01,14,925,2,5.526611683272042,0,1,0
201.52,15,2907,7,13.025571028904142,0,0,0
77.7,22,1034,4,13.83713239334109,0,0,0
114.64,11,1084,4,22.452120415654022,0,0,0
208.34,14,2194,4,4.153756869310904,0,1,0
75.29,8,85,3,27.964931478602413,0,0,0
66.13,9,1454,7,2.284975727663321,0,1,0
192.27,15,2197,6,6.194786336771055,0,0,0
31.55,17,945,2,3.6802679710854207,0,0,0
15.19,15,2116,1,2.566365768441421,0,0,0
77.89,13,615,3,5.304725921184884,0,0,0
95.17,8,2561,2,8.01856023643785,0,1,0
113.11,12,716,1,6.630596101198013,0,1,0
103.55,11,194,3,7.527299368648596,0,0,0
66.69,16,379,3,17.767067591794046,0,1,0
73.89,13,2604,2,3.2028380980001057,0,1,0
39.02,16,2501,3,8.185729407466122,0,0,0
55.67,13,2907,4,1.8792923851564503,0,1,0
2.85,16,319,5,2.6921081470405204,0,0,0
134.09,13,2450,1,7.5252231648637675,0,1,0
23.35,19,2999,1,15.52482007507379,0,0,0
47.78,18,374,1,5.154456152161951,0,1,0
79.89,12,1236,3,9.975089453606973,0,0,0
150.51,14,1705,1,19.861385527880678,0,0,0
153.18,14,1720,2,7.747520198296163,0,1,0
78.91,11,2459,5,16.14132217267774,0,0,0
145.5,14,1031,4,20.00924184031398,0,0,0
99.48,22,1984,5,9.735317481566014,0,0,0
156.82,13,57,2,4.310369515491301,0,1,0
33.2,12,1232,5,7.07830694344967,0,0,0
71.89,14,2722,1,0.2520892960583332,0,0,0
119.74,14,918,1,2.553790836375179,1,0,0
70.25,12,799,4,18.275275503065814,0,0,0
66.73,12,463,4,3.288159122665104,0,0,0
7.67,12,618,1,23.02022224678011,0,1,0
47.2,14,379,5,6.1256585523180345,0,0,0
42.19,15,1006,2,11.291696746836896,0,1,0
55.38,20,529,4,10.381768404923955,0,0,0
109.27,13,560,3,2.6715306158346754,0,1,0
18.74,12,445,1,8.961562916896696,0,1,0
67.78,13,1140,1,4.3710564397354945,1,1,0
42.27,7,1332,5,1.2613345710964001,0,1,0
57.95,11,1782,7,17.000141761517053,0,1,0
4.76,17,670,5,15.392975671308475,0,0,0
110.42,18,1220,3,2.6290062983492346,0,0,0
42.65,15,140,2,4.66814588698746,0,1,0
84.18,6,2560,7,4.383776915912652,0,1,0
449.35,5,293,10,401.2599084462112,1,1,1
12.29,17,2795,3,3.8034494279602833,0,0,0
33.35,12,2047,4,1.6523794664215945,0,1,0
100.2,21,1228,2,5.092534641411766,0,1,0
65.13,9,852,5,0.9886488662499593,0,1,0
43.52,13,2950,2,7.608625083387512,0,0,0
79.45,21,2798,5,0.00433125291730363,0,0,0
60.61,11,2724,3,16.71562324176582,1,0,0
50.04,10,1502,7,1.508023433399654,0,0,0
79.93,17,1689,1,4.8411253038623085,0,0,0
62.94,22,1720,9,13.837974249354588,0,0,0
144.72,20,2825,3,1.0042141425087459,0,1,0
53.23,12,1366,1,4.86219743817191,0,1,0
62.41,15,2239,4,15.979876371465272,0,1,0
48.36,14,1255,1,3.4680464124154247,0,0,0
15.34,5,2492,4,7.73074878788173,0,0,0
31.49,7,1837,3,4.4791828863888945,0,0,0
91.32,9,2758,4,8.742320759101643,0,1,0
84.46,13,384,4,16.41505627598326,1,1,0
11.08,10,1150,3,6.345486051443055,0,0,0
55.93,15,487,2,9.714616622545513,0,0,0
15.07,10,2089,3,2.6667308671863412,1,1,0
59.62,16,1434,0,21.190804924191767,0,1,0
35.37,12,2165,2,5.519126837113594,0,0,0
168.66,8,2970,4,1.9097811600631887,0,0,0
90.39,13,588,5,3.4455414617213442,0,0,0
29.82,7,867,2,8.627098435381704,0,1,0
53.67,19,2150,2,3.2306573766474003,0,1,0
63.46,12,907,0,5.657378939485225,0,1,0
50.62,16,2693,3,6.2296845286785,0,1,0
12.05,18,2427,2,11.453061849647636,0,0,0
44.32,12,2075,4,5.879695891372856,0,1,0
14.22,20,2376,3,3.8470662626487684,0,0,0
60.01,15,955,1,31.359574489563073,0,0,0
40.73,7,1492,2,4.819045750775616,0,1,0
94.21,14,2259,2,8.371410024206495,0,1,0
18.87,15,84,0,3.8294727453255146,1,1,0
181.36,13,1356,0,0.5656213295184926,0,1,0
18.02,12,2594,2,17.286321783649363,0,1,0
59.61,11,1007,4,18.102968231009907,0,1,0
207.83,12,1970,4,5.799636147551025,0,1,0
55.91,11,251,5,1.5893013578638828,1,0,0
24.25,11,2494,5,6.173371942187671,1,1,0
144.69,11,1766,2,3.3859586585652695,0,1,0
116.43,5,1318,7,6.4830054389701,0,0,0
17.72,9,463,2,9.142713134572315,0,0,0
25.91,9,2772,2,10.467981380253217,0,0,0
48.65,15,952,4,8.035949910086826,1,0,0
48.84,16,355,0,4.589333945154945,0,0,0
68.97,12,354,6,4.634852641913861,0,0,0
57.35,13,818,5,10.665531582863206,0,0,0
113.08,15,1885,4,4.178799302503798,0,1,0
69.18,14,1289,3,9.038558988939046,0,1,0
120.92,15,2407,5,24.16867117358738,0,0,0
135.47,19,2827,2,7.156050412852329,0,0,0
134.96,15,2567,3,7.428645739712099,0,1,0
149.18,21,701,3,0.12408517629337368,0,1,0
134.99,7,1965,2,8.489618081465206,0,0,0
9.69,12,1804,4,10.290125785869254,0,0,0
39.96,13,2533,6,3.5931536515347604,1,1,0
11.27,13,1809,3,7.900640600233154,0,1,0
119.2,12,2307,3,8.008662872159363,0,0,0
60.48,14,392,3,8.683711135979076,1,0,0
18.14,8,542,6,9.111096682692502,0,1,0
57.91,19,347,0,5.791870870061095,0,0,0
7.02,16,2668,2,4.635496096227795,0,1,0
146.41,9,181,3,6.704000224040746,0,0,0
29.49,11,1526,3,8.871559973008006,0,1,0
60.3,7,228,4,6.204047524509163,0,1,0
205.26,10,2474,1,5.207773310217727,0,0,0
125.36,5,2776,5,2.9349612555766873,0,0,0
44.93,17,1432,0,11.8086706547493,0,0,0
29.33,15,754,5,5.683502397980943,1,0,0
43.56,16,1407,4,5.332540401030677,0,0,0
5.59,12,658,5,11.476983787879302,0,0,0
83.46,14,356,4,20.827198219813592,1,1,0
93.69,12,1833,4,12.443476794289353,0,0,0
19.77,11,1097,2,2.1333150772601672,0,1,0
111.13,23,1855,2,1.0022599265138132,0,0,0
61.13,4,1151,2,9.906089222500073,0,0,0
75.5,13,1025,4,13.46388059979278,0,1,0
32.0,11,2672,2,22.66607285138754,1,0,0
15.56,13,481,1,9.30331776272549,0,1,0
90.15,10,2390,1,1.5890935943268003,0,0,0
124.01,13,1795,0,5.450767139033369,0,1,0
30.12,15,611,4,13.071636562253179,0,0,0
45.61,11,2722,3,2.723034866987614,0,1,0
103.97,14,2156,3,7.125839664012393,0,0,0
46.7,16,1060,3,2.3925902986200214,0,1,0
140.69,12,2385,7,0.37666951636578805,0,0,0
50.7,17,404,4,10.618000800886893,0,0,0
27.82,19,955,5,17.508232015817505,0,1,0
254.15,4,9,8,211.61090716730558,1,1,1
68.85,14,1704,1,5.04952936763689,0,1,0
146.4,14,1490,4,8.877011090543702,0,1,0
160.36,14,620,3,0.3013277135190462,0,1,0
106.66,11,298,2,9.817540541869434,0,1,0
206.67,12,500,1,3.8332610133427183,0,0,0
71.34,6,1243,3,3.6508740497954175,0,1,0
42.9,13,1911,4,1.3566713337012422,1,0,0
19.67,9,956,5,16.795373729728915,0,0,0
32.59,3,684,4,3.5588841306716645,0,0,0
55.17,12,1147,2,8.216170971631287,0,1,0
34.76,23,778,3,3.54989857454561,1,0,0
20.31,7,377,2,1.7498620969572314,0,1,0
134.72,20,2640,3,8.353884940302445,0,1,0
22.07,17,840,4,15.630847259621143,0,0,0
35.56,14,1873,5,3.646714585203742,0,0,0
86.6,18,1043,4,9.881383148125217,0,0,0
35.27,19,131,3,8.93250864533055,1,0,0
82.78,14,312,1,7.220827315524936,1,0,0
68.53,7,354,3,6.78430141868461,0,1,0
34.76,18,2791,5,12.31582622080465,0,1,0
86.45,18,2862,5,4.139298848680151,0,0,0
74.47,15,2272,3,13.687160435335676,0,0,0
148.06,7,857,3,6.687492818296462,0,0,0
90.26,17,2080,1,15.449868439283911,0,1,0
33.91,11,2036,4,3.9619661630568044,0,0,0
66.3,7,1194,2,13.872318436436338,0,0,0
15.06,12,1486,1,5.890161134243278,0,0,0
45.08,18,892,3,2.406281957158323,0,0,0
70.86,9,1875,2,3.511347440112709,0,0,0
81.3,11,2725,3,6.947874087596829,0,1,0
49.36,14,2420,4,11.193225955014643,0,1,0
61.57,11,1061,5,4.476233397087805,0,1,0
95.88,15,2018,5,2.3599396147650142,0,1,0
38.68,14,1449,4,7.753010546921082,0,1,0
67.88,7,1292,3,1.2989968869763957,0,0,0
30.84,21,2374,3,3.334285380814002,0,1,0
105.96,13,1219,0,10.089776007679138,0,0,0
198.71,13,1141,6,5.061358349237528,0,0,0
126.69,9,2993,1,0.5464859319647202,0,0,0
138.21,19,553,1,9.095077495332525,0,1,0
58.38,20,1974,5,7.232640989024896,0,1,0
36.15,14,1869,5,7.519926976272732,0,0,0
25.81,21,784,2,2.472916189532823,0,0,0
108.22,16,1224,4,7.14202072320049,0,0,0
79.95,19,826,2,1.9188740660326733,0,1,0
91.06,15,63,5,6.345825169778606,0,0,0
13.51,11,123,5,10.265478526946747,0,0,0
76.89,7,2223,1,0.9288026140326888,0,0,0
125.27,13,2310,3,7.162728015650302,0,0,0
58.83,9,826,3,1.2754122923812377,0,0,0
21.85,8,1404,2,10.535494223223363,0,0,0
70.08,18,2413,2,5.441130971374385,0,0,0
137.9,3,438,0,11.878419105117942,0,0,0
13.65,11,1067,9,9.857978869821181,0,1,0
86.33,12,2454,4,2.527396183257259,0,1,0
38.18,8,2813,3,13.856485377682366,0,0,0
17.64,15,213,1,18.30397592501128,0,1,0
26.44,17,794,2,10.883964570357778,0,1,0
60.07,12,860,1,0.4089492389871445,0,0,0
16.44,13,2908,2,14.306543114893014,0,1,0
79.11,10,1857,3,21.47049720810127,0,0,0
13.31,17,973,1,5.022383850357878,0,0,0
103.75,18,864,3,9.256121266500703,0,0,0
127.83,18,1622,2,8.400676600455927,0,0,0
138.19,10,1550,1,6.2449812749844025,0,0,0
92.76,13,2610,2,0.42319654970164766,0,0,0
106.39,11,887,3,11.160298080250424,0,0,0
70.0,8,948,1,4.194513349598792,0,1,0
1256.28,3,148,6,322.9811914120976,0,1,1
32.08,16,2362,5,4.6585427449657,0,0,0
49.42,12,2810,0,25.59368967063722,0,0,0
62.36,17,118,4,0.9231692374063316,0,0,0
3.22,9,2563,2,2.4922150675151786,0,0,0
125.04,15,2820,6,2.8184210374722456,0,1,0
50.25,19,1071,2,6.819010889489642,0,1,0
103.38,7,1773,0,2.3758594698550244,0,0,0
30.59,15,244,1,0.45745904085056743,0,1,0
87.22,15,863,3,1.2308402118440411,0,0,0
98.23,10,2947,3,9.885805861925153,0,1,0
100.81,11,1640,2,4.875536846726025,0,1,0
32.84,14,2501,2,12.357019956111646,1,0,0
44.47,14,963,2,2.6727677166745583,0,1,0
244.01,9,552,5,9.54125481866941,0,0,0
26.11,15,2255,3,5.955599239763085,0,1,0
19.01,23,1941,3,15.21642100407897,0,0,0
142.3,19,2476,4,5.716651171748923,0,0,0
55.95,9,1480,9,7.95474306890655,0,1,0
112.54,15,1651,2,0.5813953390845548,0,0,0
73.71,17,446,1,1.3773564736051416,0,1,0
83.23,10,1707,3,11.211126657420353,0,0,0
67.64,17,1243,3,14.848804424095718,0,1,0
39.66,12,61,2,9.323905286146822,0,0,0
160.93,10,1273,3,11.060622261033393,0,0,0
73.78,6,1017,3,15.498671557203219,0,0,0
43.32,12,637,3,0.09843009237015377,0,0,0
38.59,6,412,8,4.306561557671545,0,0,0
18.26,17,136,4,7.991701308560067,0,0,0
40.25,18,2227,5,7.9236859716828985,0,0,0
102.09,13,1461,3,5.2187457886021615,0,0,0
98.49,10,1222,1,12.864852056515929,0,1,0
143.43,13,2662,4,26.06065665439677,0,0,0
183.02,11,99,2,1.1514083500611605,1,0,0
72.87,17,2387,1,5.390209435497541,0,0,0
53.16,18,249,1,7.317655978859566,0,0,0
79.0,16,2201,5,12.788541320690303,0,0,0
79.49,18,2536,2,8.977743050441974,0,1,0
85.48,15,2400,1,1.0051635767587799,0,0,0
11.12,12,807,2,11.210807785117241,0,0,0
50.45,16,718,1,18.87055990631118,0,0,0
290.16,11,1334,4,0.42219993320518245,0,1,0
89.78,21,1741,2,2.1787184552195544,0,0,0
123.9,12,2269,7,4.616563902071667,0,1,0
61.89,14,2204,3,8.043522198901698,0,0,0
59.71,17,1347,1,8.796889005451735,0,0,0
20.1,8,1472,1,5.860677879329655,0,0,0
46.98,12,44,2,1.30337997672973,0,0,0
106.83,8,545,4,2.5102044916192794,0,1,0
43.46,12,2970,7,9.443281254659091,1,1,0
17.55,15,1879,1,4.546622184099335,0,1,0
79.51,14,2201,3,2.2529916292634393,0,0,0
113.5,16,310,3,12.162561953427572,0,0,0
146.82,15,1778,2,3.893854770564955,0,0,0
40.95,12,1199,3,5.978419725676991,0,1,0
56.21,9,2963,1,7.96907597359283,0,1,0
65.57,15,1223,4,3.829978706717835,0,1,0
29.27,11,1891,3,1.929485626431866,0,0,0
51.67,14,1821,2,1.800010171495107,0,0,0
41.13,14,1073,1,5.497706053387134,0,0,0
63.05,13,1655,4,16.156235390360273,0,1,0
159.32,13,2745,0,9.615505312500478,0,0,0
55.11,13,479,1,7.325464494475382,0,1,0
8.32,22,2366,4,21.142851083724434,0,0,0
131.88,12,2503,5,16.189648306649644,0,0,0
102.1,10,619,5,1.2285377422635255,0,1,0
96.2,11,966,4,3.067073473872417,0,1,0
51.01,16,770,3,7.136699391590666,0,0,0
162.78,12,2212,3,1.9362323106656474,0,1,0
62.55,10,1683,2,7.049715060600166,0,0,0
81.81,16,2263,7,1.9939859814942684,0,0,0
195.14,13,1150,2,7.838196727919634,0,1,0
74.4,16,2021,1,17.070370245963552,0,0,0
58.09,15,54,2,1.7344237001454292,0,0,0
34.23,15,940,5,2.2094202810866825,0,0,0
32.56,14,457,2,8.356733483225593,0,0,0
45.6,19,1152,2,13.163045422905574,0,1,0
31.33,12,2982,3,10.837523075876796,0,0,0
60.43,11,2703,2,0.46282870703739043,0,0,0
44.02,18,738,3,0.8354318342302554,0,0,0
197.25,15,1944,4,9.271322671296891,0,0,0
167.47,8,1966,2,12.678269692313041,0,1,0
16.85,16,2492,2,7.730661330523654,0,0,0
79.35,17,1994,1,9.230696601891783,0,0,0
52.14,6,788,2,11.259522249630379,0,0,0
34.9,5,1940,3,7.260636327298724,0,1,0
13.87,14,1777,2,2.235180431495315,0,1,0
60.03,17,2554,3,1.5183158425730179,0,0,0
77.34,8,2447,3,4.13671083515894,0,1,0
207.24,13,2840,1,8.983673004043734,1,0,0
91.35,13,1598,3,1.801204555352799,0,0,0
79.81,6,1214,1,0.1759828416833562,0,1,0
112.44,19,1008,3,0.21712487940046543,0,1,0
133.0,9,1781,3,2.710069641930067,0,0,0
14.95,15,632,6,8.158923126564195,0,1,0
28.28,10,1923,2,1.3475532895542495,0,1,0
7.94,21,640,5,7.840816606126155,0,0,0
17.68,14,192,2,0.13901264224835774,0,0,0
27.84,8,202,2,10.179235739415972,0,0,0
104.21,16,756,1,3.487669334222164,0,0,0
26.63,8,2385,2,3.92689696221524,0,1,0
7.32,8,2215,1,4.222443099697269,0,1,0
99.36,6,1458,6,0.9225075496670643,0,1,0
36.68,16,1159,5,1.4534055164220172,0,0,0
97.37,14,2186,3,14.402460367239655,0,0,0
25.93,9,2016,2,0.3631531186950623,0,0,0
63.99,11,2582,7,2.2914479358408437,0,1,0
31.66,14,2326,3,1.423369500381579,0,0,0
187.18,14,1086,4,6.443189197076793,1,1,0
67.14,14,850,1,2.451210044800037,0,0,0
42.12,13,450,3,8.747793567605628,0,1,0
69.57,13,2729,4,2.1485140247678114,0,1,0
84.19,17,691,2,13.800903790561328,0,0,0
51.08,8,867,1,0.6272338463768028,0,1,0
46.9,12,515,4,14.477687276423985,0,0,0
89.76,13,1167,3,0.4394288056588058,0,1,0
14.98,10,1654,1,1.9080492996637588,0,0,0
203.97,18,2244,4,0.1389554250467162,0,0,0
57.36,13,604,1,2.844253665943754,0,0,0
18.76,16,2963,1,4.846154767175923,0,0,0
219.89,9,223,2,12.57768741017031,0,0,0
138.93,10,1794,3,23.013066656046508,0,0,0
159.88,13,492,1,2.5355360454216704,0,1,0
109.09,22,2917,6,0.03559241617328812,0,1,0
44.37,13,462,2,1.445960739992774,0,0,0
71.61,11,286,1,4.919705938580142,0,0,0
135.89,14,805,1,11.375130888340912,0,0,0
21.3,14,2532,6,10.892524288422802,0,0,0
123.35,8,1875,3,6.106086381770819,1,1,0
33.86,9,636,3,4.132247641121779,0,1,0
60.16,11,1475,2,4.645542987988849,0,0,0
100.46,13,819,2,2.3006543916702777,0,0,0
59.01,20,387,6,16.709681221919,0,0,0
36.46,21,961,3,2.1694317889672137,0,1,0
15.28,19,1045,3,7.682814883345989,0,0,0
126.15,12,621,2,9.716560170780934,0,1,0
63.43,18,1043,3,21.753944995021847,0,0,0
42.44,13,584,4,15.141598373607223,0,0,0
86.62,11,2458,4,1.3196831407721152,0,0,0
102.46,13,1404,2,6.249997747768219,0,1,0
20.05,9,316,5,6.7541043188940755,0,0,0
88.37,16,989,3,0.41071873387705793,0,1,0
75.61,16,2307,1,7.293667246079567,0,1,0
187.4,16,2825,3,4.840055468693684,0,0,0
86.86,8,2368,0,9.869451148491473,0,1,0
204.87,11,2149,2,9.87378216697294,0,0,0
64.73,16,2824,1,18.72034921759817,0,0,0
65.71,20,983,4,18.561800077930997,0,0,0
49.82,16,1212,1,1.8174239325019759,0,0,0
67.28,9,2970,6,3.2170335642831214,1,0,0
175.64,21,305,3,7.804802957430509,0,1,0
123.25,18,2463,5,2.1516607151712748,0,0,0
69.27,8,2744,0,5.807372555922532,0,1,0
77.96,14,1324,6,21.171645058531457,0,1,0
10.34,8,402,7,6.487380432078393,0,0,0
68.14,13,1647,1,0.8645330686234569,0,1,0
203.6,17,2248,2,16.116251571021053,0,1,0
166.01,18,364,3,0.5051941390182089,0,1,0
32.78,11,1877,3,2.226941368983346,0,1,0
88.29,12,1741,2,2.274712497693713,0,1,0
33.53,10,2766,6,12.457968663700449,0,0,0
57.79,4,100,2,12.424579431511196,0,0,0
97.13,17,436,5,6.030707652057437,0,0,0
46.29,10,2777,2,7.833215963923614,0,0,0
8.53,7,165,2,9.78075420801425,0,0,0
51.68,9,1784,3,13.534959533708145,0,0,0
74.04,17,2256,2,13.344124228963599,0,0,0
28.85,12,682,4,3.2687229830904734,0,1,0
7.88,12,1875,1,4.387092396516261,0,1,0
20.37,11,1375,4,8.654444733193134,0,1,0
127.69,15,1604,4,14.76333997423027,0,0,0
47.37,14,2483,3,12.687622807759151,0,0,0
221.32,13,1150,5,1.8400624605864868,0,1,0
59.63,8,2803,2,9.83461643489084,0,1,0
72.83,13,2207,2,1.6882489174250912,0,0,0
89.85,15,2271,5,9.196465837785807,0,0,0
405.69,1,243,5,161.28876023736473,1,1,1
68.68,14,974,4,2.595420901969619,0,1,0
19.47,20,1295,4,4.477707684752566,0,1,0
31.48,12,2368,1,3.4627384144047806,0,1,0
118.27,12,2565,1,18.09338055118451,0,0,0
65.03,9,1572,6,10.633941474266708,0,0,0
71.81,12,2086,4,4.203761919506337,0,1,0
106.22,23,2618,1,19.83816770127948,0,1,0
78.45,7,2184,4,2.987982657381213,0,0,0
347.45,3,239,7,541.0481841701426,1,1,1
23.5,15,779,1,2.060035627439478,0,1,0
20.68,18,1689,2,3.6248697251766506,0,1,0
68.62,20,1028,5,22.337409969602337,0,1,0
187.23,16,1189,5,8.18300153798193,0,0,0
113.16,20,2002,3,6.757650365985704,0,0,0
79.46,14,1598,4,1.50449671088459,0,0,0
78.33,12,456,5,4.671739330688727,0,0,0
27.71,20,706,3,8.05659261319772,0,0,0
73.56,18,1749,5,4.825098755329611,0,0,0
33.84,20,1157,1,2.9357957158657766,0,0,0
44.46,11,2313,3,0.49085294109073274,0,0,0
66.13,12,324,4,0.4663915491200097,0,0,0
43.58,10,470,2,6.954203897033688,0,1,0
22.87,18,2257,4,4.3663519927834615,0,0,0
78.5,20,464,6,3.393552756325727,0,1,0
166.74,15,1675,2,11.830687008682542,0,0,0
108.8,21,688,4,2.652628678005015,0,0,0
30.04,15,2296,3,7.61340823689366,0,0,0
133.02,13,562,1,11.852209125889777,0,1,0
55.57,4,622,1,19.523382406326366,0,0,0
13.03,11,1741,6,1.4551174636572033,0,0,0
13.78,17,1644,1,14.964512819969165,0,1,0
52.9,18,2745,1,18.12808222215221,1,0,0
107.97,12,1940,4,2.0466173422616007,0,1,0
154.85,16,519,2,4.938080566815393,0,0,0
111.33,11,425,2,15.845989942415049,0,0,0
85.88,14,961,3,2.932525058694826,0,1,0
77.85,15,595,4,10.558008567935993,0,0,0
81.66,12,2003,2,7.243811784821114,0,1,0
36.13,12,253,2,10.236421250656901,0,1,0
146.08,18,440,1,5.451925406675896,0,0,0
102.19,15,2252,3,0.4597706680121183,0,1,0
130.79,5,749,2,0.2176936294886307,0,0,0
32.99,12,471,2,0.20386997864269318,0,0,0
11.87,11,1463,1,6.685479774842564,0,0,0
48.93,10,2060,0,12.524734757377662,0,1,0
289.68,14,918,3,14.853917375461036,0,0,0
49.65,17,941,4,1.7307405748891789,0,1,0
198.37,17,1750,2,10.094764498216644,0,1,0
52.55,12,1581,5,6.239265966300318,0,1,0
25.61,12,367,3,2.2596422043006923,0,1,0
13.72,20,526,2,3.46140011822642,0,1,0
59.23,18,825,3,4.567544174338397,0,0,0
92.21,20,265,1,20.013652833699062,0,0,0
75.35,16,1902,6,16.84165896472129,0,1,0
50.47,15,1279,4,11.894262036672556,0,0,0
30.01,15,2865,3,4.869439823941424,1,0,0
55.61,10,2700,1,3.077375641731516,0,0,0
46.79,15,876,1,2.1585734098522327,0,0,0
81.35,21,1534,2,9.347801927738754,0,0,0
116.55,13,2706,4,10.367717553356846,0,0,0
29.04,14,1746,5,7.737829071529617,0,1,0
64.25,14,2897,4,10.805238864267132,0,1,0
58.33,15,467,5,0.6369773677385577,0,0,0
11.96,18,2969,6,6.840973093263496,0,0,0
74.12,15,854,1,0.12494927318795135,0,0,0
56.3,19,2531,2,9.980298196205197,0,0,0
34.39,16,1739,3,0.05595455119556103,0,0,0
78.52,13,393,6,12.276350762768292,0,1,0
47.78,19,1106,3,3.8448599964407926,0,1,0
168.7,5,1034,1,14.175154610617392,0,0,0
34.28,17,2521,3,1.9586635637937944,0,1,0
67.77,9,1629,1,12.560311197307163,0,0,0
87.61,10,953,4,3.4553767622074574,0,1,0
170.2,15,880,5,2.1406371634899664,0,0,0
97.78,13,1696,4,3.9894426858507757,0,1,0
130.96,14,1656,2,5.802857742094982,0,1,0
103.65,13,1889,4,8.072181478591464,0,0,0
137.58,15,373,3,0.5459953911449951,0,0,0
144.57,12,298,5,12.815138931656842,0,1,0
152.94,15,2726,5,10.01252863849681,0,0,0
49.9,16,2254,0,2.4691795904585025,0,0,0
8.99,18,1245,1,1.838854063165643,0,0,0
28.04,19,2766,1,5.505086718499912,0,0,0
61.07,12,2855,2,1.7133235983830466,0,1,0
200.66,12,1765,4,1.433825281382254,0,1,0
90.95,19,720,2,14.195363093801392,0,1,0
78.4,13,71,3,3.0483823470054663,0,1,0
197.98,19,1487,3,9.786716068655664,0,0,0
173.02,7,1703,2,1.7568569666851852,0,0,0
119.41,22,1079,3,6.584078038382971,0,1,0
19.7,15,1772,3,2.5190981905827794,0,0,0
30.49,10,73,3,8.458653509710938,0,0,0
41.82,9,2056,5,6.708599007083036,0,0,0
51.34,17,1209,1,4.21415687900962,0,1,0
35.49,12,2447,3,7.28302442315025,1,1,0
69.37,12,1219,3,1.9516154728578892,0,1,0
101.87,13,2435,2,0.5958516609676483,0,0,0
126.59,14,1026,1,24.33878192084204,0,0,0
19.03,21,1489,2,6.669071701518821,0,0,0
23.24,16,159,0,5.72864890625023,0,0,0
74.64,11,568,3,10.408912023793562,0,0,0
118.86,11,2726,2,9.966275878102582,0,1,0
95.09,20,1238,3,8.04818350169347,0,0,0
20.47,9,2426,3,11.82041575278506,0,0,0
178.03,11,2518,5,16.525157272822057,0,1,0
83.84,18,1883,5,1.4595666793271942,0,1,0
305.24,13,946,2,12.291115923428002,0,0,0
87.42,11,235,3,1.5962723223525068,0,1,0
117.29,10,2667,5,7.671887202645607,0,1,0
22.66,13,1148,2,8.537450731174578,0,0,0
146.69,19,439,4,0.2803256220945727,0,0,0
84.74,20,1156,4,2.1064116606622054,0,0,0
58.34,11,1278,5,14.026168677883959,0,1,0
21.16,12,1104,4,31.63352468163591,0,0,0
26.15,9,2792,3,14.582177553129714,0,1,0
45.27,9,2199,8,0.7791163297644985,0,1,0
56.04,12,2051,2,0.11282854051482971,0,0,0
73.5,6,2374,2,10.457979475724798,0,1,0
70.35,12,1473,6,7.51693643903317,0,1,0
35.38,12,1162,1,0.5507925562108928,0,1,0
23.44,15,456,4,3.9392084121100286,0,1,0
71.31,12,2450,6,1.0843720273404278,0,0,0
52.08,18,1888,4,20.228412319927035,0,0,0
38.53,20,697,1,4.606501982096412,0,1,0
38.55,18,1022,2,4.316973915618977,0,0,0
68.85,9,586,5,5.935762228964224,0,0,0
10.34,8,1010,4,3.8797766126217113,0,1,0
52.39,17,1404,6,6.990423290911258,1,0,0
48.92,15,1691,4,10.452241576160276,0,0,0
238.63,11,1792,3,11.525539651826627,0,0,0
300.82,10,1926,0,12.064202367345374,0,0,0
21.47,20,390,5,12.9370642208605,0,0,0
65.15,15,1304,5,1.94872410955157,0,0,0
12.09,7,755,3,1.5152687019593984,0,1,0
16.86,13,2770,3,7.234691193985789,0,1,0
204.88,9,2550,2,1.7620381414731399,0,0,0
96.14,13,1753,5,6.18805907144883,0,0,0
45.72,11,2930,3,7.535918114894832,0,0,0
57.58,14,2582,4,9.18810912110207,0,1,0
60.98,14,1230,3,1.2137582074205566,0,0,0
15.49,14,1862,1,4.428323945968128,0,0,0
60.76,14,203,2,12.233839356992702,0,1,0
27.24,11,828,2,16.21204127235004,0,0,0
102.11,19,2923,1,2.2560254061630562,0,1,0
41.85,14,1658,5,2.101084110396703,0,0,0
98.49,19,2465,2,0.12867581130052308,0,0,0
50.68,11,298,1,15.467258959140707,0,1,0
20.81,20,446,3,4.145145584075076,0,0,0
49.27,21,710,2,2.3581021476745936,0,0,0
132.94,7,2368,6,14.88368431739476,0,1,0
36.56,15,1576,5,8.171626327488145,0,1,0
54.0,21,2871,0,6.161334311685678,0,1,0
69.37,17,2154,0,8.203931867504108,0,0,0
182.44,23,2073,2,3.6375860479542794,0,0,0
54.55,13,2735,6,1.4144287987455568,0,0,0
96.11,20,1824,2,2.23331711913617,0,0,0
301.88,9,2668,3,0.08995637631025755,0,1,0
143.4,14,293,2,1.4190840139757785,0,1,0
102.08,3,2200,0,8.15312148276595,0,0,0
116.66,17,1086,4,10.323342446258396,0,0,0
103.36,9,2992,1,2.3893104946757635,0,0,0
5.26,8,371,2,9.410816615060853,0,0,0
20.38,9,2313,4,9.72074125062993,0,1,0
69.35,10,823,2,26.264689549118096,0,1,0
115.44,17,1765,6,13.44229061110395,1,0,0
27.03,13,2565,4,2.064620819387319,0,1,0
107.53,20,2253,3,6.929272899557716,0,0,0
62.19,12,2816,2,2.678224959506606,0,1,0
49.61,14,1032,4,0.7493226208618005,0,1,0
55.11,15,1303,2,6.657355303341225,0,0,0
53.13,21,2874,2,9.408914952422768,0,0,0
34.26,11,2945,1,8.031039574011807,0,1,0
69.64,10,692,1,4.3946100311246745,0,0,0
19.91,9,2633,3,19.034707869502657,0,1,0
60.34,12,723,7,5.9516439155151,0,1,0
117.78,13,2002,0,1.9289751797989383,0,0,0
168.27,10,1231,2,6.650205815586659,0,0,0
11.62,12,2347,4,1.2054616945025352,0,0,0
64.66,18,377,6,0.6875783461966885,0,0,0
146.69,17,2633,1,8.283599701814168,0,0,0
84.88,15,2509,1,3.252982597630078,0,1,0
155.82,9,1339,1,8.419254333813939,0,1,0
61.24,19,606,5,7.585608685032341,0,1,0
24.38,8,193,2,9.932566680261996,0,1,0
296.05,13,744,4,15.74106307037142,0,0,0
72.78,15,1277,1,2.8393338536814183,0,0,0
203.73,17,1307,1,7.382998875452629,0,0,0
88.54,11,2505,4,4.643275272265381,0,1,0
28.37,10,1812,7,13.689520183107849,0,0,0
34.89,12,349,1,4.555839821764032,0,0,0
86.55,11,2729,2,7.088811439103408,0,0,0
84.55,15,1159,2,8.97305573768746,1,1,0
126.22,8,34,1,20.822142296351572,0,0,0
104.72,14,2989,0,4.827631495589061,0,1,0
122.11,20,2581,2,9.596830722039368,1,1,0
50.31,13,545,4,2.5442357758189056,0,0,0
563.01,4,269,10,688.6557767139489,0,0,1
14.68,7,1564,2,0.7102467790247369,0,0,0
175.17,11,1493,3,4.663852300026881,0,1,0
35.01,7,2124,0,3.3053709084778733,0,1,0
92.19,13,760,1,14.559524430308196,0,1,0
102.87,15,2355,2,21.909043628062758,1,1,0
12.54,13,2401,5,14.256815118893801,0,1,0
61.47,11,1402,7,8.372823017000114,0,0,0
158.41,14,2636,4,14.623122440782433,0,0,0
191.68,13,2622,5,2.861659353754988,0,0,0
40.8,17,2091,5,2.5981564035295035,0,0,0
46.19,21,2538,3,4.481315581314755,0,0,0
63.43,18,638,1,9.78381913655232,0,0,0
75.5,16,1368,1,19.985420739774483,0,0,0
97.35,13,2781,0,9.497508938108776,0,0,0
91.66,12,2942,3,2.0352821581313676,1,0,0
119.55,16,1266,3,11.041918755779896,0,1,0
40.59,10,2302,2,3.58654825206761,0,1,0
240.2,18,1153,5,7.811804214908111,0,1,0
11.69,16,2484,2,1.5004219048728782,0,1,0
82.04,11,1368,3,11.115146312496364,0,1,0
36.69,13,1865,3,3.5010948352254943,0,1,0
142.85,12,2575,4,0.15648529289096302,0,0,0
150.57,11,303,5,11.318392339987732,0,0,0
46.37,18,2747,3,2.6292831058460937,0,1,0
141.74,17,209,2,10.273609723412893,0,1,0
95.75,13,1294,5,2.7552576152264,0,1,0
131.25,16,469,1,1.7711078904289002,1,1,0
81.87,7,1301,1,4.859597237875396,0,0,0
83.42,15,1624,5,6.371195383432129,0,0,0
71.35,9,1778,4,6.360921853106159,0,0,0
128.74,16,590,3,6.049241714022996,0,1,0
15.69,14,724,2,6.624466643248718,0,0,0
40.67,9,1150,4,8.633720662454357,0,1,0
26.22,21,1025,6,13.06111630730335,0,0,0
121.14,21,1772,3,9.652196730854332,0,0,0
36.15,10,2957,4,5.229542643677089,0,0,0
41.44,18,286,0,15.40997421756121,0,0,0
51.28,6,2962,5,0.5334107332740574,0,1,0
46.23,19,812,5,13.001504078944613,1,0,0
145.09,9,658,4,11.557781595096213,0,1,0
50.26,15,2127,0,10.0559800788709,0,0,0
203.67,21,1578,2,0.7294725939334512,0,0,0
105.77,13,2201,6,5.339176876333868,0,0,0
200.5,12,2605,2,11.457399834817888,0,0,0
8.28,10,2251,2,12.164019902369988,0,0,0
25.84,5,2916,4,8.953029622009408,0,1,0
31.29,12,2225,1,4.343531995896232,0,0,0
30.74,20,561,5,4.599671545778412,0,1,0
7.29,17,1863,6,5.993854383626633,0,0,0
20.91,19,1197,4,1.562358700959667,0,0,0
44.33,11,2865,3,6.692386091817941,0,0,0
55.51,14,2669,6,9.05144811040797,0,0,0
3.01,17,1058,3,17.59600513887787,0,1,0
14.09,21,585,7,10.127320698883008,0,0,0
104.02,13,626,5,9.137439535660215,0,1,0
19.65,15,1219,1,1.1243904822375348,0,1,0
233.49,16,1476,2,11.030757884234102,0,0,0
59.24,19,64,3,8.065163236771829,0,0,0
195.75,9,2779,3,12.77350215881846,0,1,0
92.79,17,1193,5,1.6995673548004246,0,1,0
65.04,6,878,2,2.4213603580561207,0,1,0
123.39,16,1272,4,1.370186928711428,0,0,0
54.69,11,1190,3,17.57824419135399,0,0,0
9.53,13,2654,6,6.266467613578412,1,0,0
47.85,9,432,0,7.86661598581213,0,0,0
74.93,21,2991,1,2.3280386296986415,0,0,0
94.6,10,2539,2,1.9366776837684525,0,1,0
20.83,12,2864,1,4.4156191192220176,0,0,0
91.91,20,2750,1,0.32132488601137954,0,1,0
46.28,20,1559,3,8.979310282860222,0,0,0
74.68,18,2626,4,11.498219558460411,0,1,0
53.11,16,2724,4,1.765775545076436,0,1,0
16.03,21,1305,7,14.144612005597983,0,0,0
66.58,12,1413,3,3.151755166245511,1,1,0
93.53,8,379,2,3.6775910060749237,0,0,0
43.54,14,2221,2,4.517279215189494,0,1,0
63.31,15,1771,3,6.8743997098131,0,1,0
100.32,21,2942,2,2.3857088598716363,0,0,0
54.97,16,715,3,0.2833224045786942,0,1,0
11.42,16,1686,3,2.043631375149614,0,0,0
27.15,18,2696,4,7.550164905726518,0,1,0
32.39,15,1597,3,11.1831927140177,0,0,0
140.15,19,1090,3,0.9876343512549317,0,0,0
186.25,13,2010,6,2.335006944884938,1,0,0
36.0,14,128,0,2.61095160936277,0,0,0
10.7,13,2410,1,4.763324591994205,0,0,0
91.76,7,2161,1,15.44440629767082,0,1,0
66.09,12,270,3,1.580916664009715,0,1,0
548.79,4,345,2,318.59772136617187,1,1,1
110.98,10,2699,4,5.465534963255346,0,0,0
164.29,6,1055,4,13.333678650464593,0,1,0
116.96,12,2394,4,1.618305019732167,0,0,0
75.8,14,1663,2,2.8976220097642877,0,0,0
138.48,10,1719,3,5.521764687110629,0,1,0
56.59,10,2007,2,3.023384338699955,0,1,0
66.66,15,1575,5,4.058402236781913,0,0,0
41.0,12,2924,3,3.8090709494232033,0,1,0
49.92,14,882,1,21.025115792636747,0,1,0
51.87,16,2264,2,0.3518186056601236,0,0,0
19.01,6,2225,5,3.9540161120763244,0,0,0
53.64,17,146,4,7.047908069587061,0,0,0
34.86,8,2849,7,3.7088873470950485,0,1,0
107.63,16,725,3,12.217542752088075,0,1,0
45.16,19,136,1,1.0659753010936228,0,0,0
64.86,19,762,6,3.900915782063775,0,1,0
8.14,16,437,2,5.9341453308166034,0,0,0
43.82,2,529,5,1.1178283988160578,0,0,0
81.38,7,2015,2,1.2381580085696142,0,1,0
56.0,13,342,3,2.8742819744450143,0,0,0
35.23,10,2058,4,19.13760836577307,0,1,0
27.56,11,1843,3,11.010810400100205,0,0,0
20.51,14,1622,1,0.48857585107090884,0,0,0
78.09,11,2832,3,7.5893714544096555,0,1,0
13.82,9,151,0,0.7004646197279811,0,1,0
124.26,15,240,3,2.4286428440292482,0,0,0
127.15,17,93,2,11.100244933082578,0,1,0
43.2,1,807,4,14.726222315596178,0,0,0
85.28,10,1721,2,12.358173313348946,0,0,0
33.73,7,1639,1,10.988243384072556,0,1,0
326.88,14,628,7,12.638275134805347,0,1,0
78.38,8,1537,3,0.34283817707375785,0,0,0
223.5,14,1516,4,26.256456238964095,0,1,0
57.65,13,1944,4,10.554926819926969,0,1,0
49.75,7,1200,7,7.659157447818503,0,1,0
136.48,13,1633,2,3.8676203240840765,0,1,0
6.45,12,2264,5,6.535924784919213,0,0,0
23.89,9,2309,4,16.296922351604827,0,0,0
42.52,11,2774,2,9.088378088455904,0,1,0
54.66,19,149,4,7.5963929404836446,0,1,0
14.3,12,337,3,11.404327301229035,0,1,0
4.47,12,2181,0,6.271524076282727,0,0,0
29.5,18,2864,4,1.6971230237494925,0,0,0
149.02,14,546,2,9.383145866777632,0,0,0
58.91,7,459,6,1.8336726319514876,0,0,0
19.1,9,1897,3,8.88703945659967,0,0,0
63.78,17,1717,3,10.331429300419257,0,1,0
38.57,14,1783,5,2.3683704281882147,0,0,0
24.14,10,1936,2,6.570830110035841,0,0,0
107.41,9,2102,1,5.344030891872107,0,1,0
52.79,22,37,2,16.46992408858372,0,0,0
110.4,12,122,5,7.008525179638163,0,1,0
32.83,12,2779,2,6.186796044043038,0,0,0
122.76,17,2828,5,1.3194393120706218,1,0,0
11.13,11,1344,4,2.3043473419147364,0,0,0
31.99,13,444,2,0.0989621633825859,1,0,0
25.14,12,262,5,1.2554497327159702,0,1,0
99.61,15,2921,4,5.259605294748917,0,1,0
114.16,16,2944,1,10.639296704888185,0,0,0
21.39,7,1387,4,4.980037559427739,0,1,0
81.84,18,2463,1,0.6971953178807349,0,0,0
189.92,14,1124,2,12.38884944140456,0,1,0
134.94,12,2749,1,3.666365468957012,0,0,0
50.93,20,189,4,12.578981581028373,0,1,0
72.32,9,2354,5,12.176038993754599,0,1,0
29.02,23,40,5,3.9492934140919065,0,0,0
67.22,13,1414,3,12.626584219492628,0,1,0
41.6,11,2210,5,11.778315952399122,0,0,0
62.04,11,2095,2,4.210682715302169,1,0,0
94.3,14,884,4,1.2394531541849627,0,0,0
78.89,13,2858,1,2.235167391427983,0,1,0
60.72,10,2154,5,5.100656103438434,0,0,0
61.49,18,2429,2,1.6642215181616677,0,1,0
93.51,10,924,4,7.515576998286045,0,0,0
127.58,13,2482,2,11.063841833023028,0,1,0
97.8,10,2258,3,10.878002939334397,0,0,0
65.87,13,2389,5,8.146135822989743,0,1,0
42.8,11,1246,4,7.415471707011549,0,1,0
130.88,18,164,7,6.726289981143131,0,0,0
59.6,17,1412,3,3.351886039512941,0,1,0
241.6,23,1172,4,8.118683345928876,0,0,0
38.86,12,865,4,14.318850399600302,0,1,0
32.52,11,1825,3,9.883105397004993,0,1,0
74.35,15,2824,5,14.459356757481203,0,0,0
84.59,17,419,2,4.945313455630812,0,1,0
161.81,16,1822,3,5.3773967097223725,0,0,0
42.45,14,54,3,13.030948167298458,0,0,0
40.97,13,1206,3,0.36781624889674625,0,0,0
180.93,8,1212,7,1.532844476277111,0,0,0
19.88,12,2339,5,7.050720811792731,0,1,0
64.56,18,1077,4,9.032946164538322,0,0,0
82.86,18,141,1,5.596023925882378,0,0,0
118.71,6,2560,5,15.23658493909937,0,1,0
238.19,17,2694,0,5.910279679383904,0,0,0
88.24,6,2739,4,0.7944445767679253,0,0,0
49.01,9,2457,4,15.667855812273704,0,0,0
59.83,14,681,3,3.5464886358644843,0,0,0
16.86,15,446,1,2.679934857219755,0,0,0
59.29,10,2603,4,1.468024891349371,0,0,0
14.14,8,1022,4,10.212109287786525,0,1,0
190.81,15,574,0,7.165193256418778,0,1,0
24.07,11,624,1,8.651455893393727,0,1,0
205.13,12,2470,4,11.468329584408416,0,0,0
25.08,14,2052,4,4.850060582720618,0,0,0
53.6,14,1617,6,8.786069939748828,0,0,0
88.62,17,621,2,1.397995888536062,0,0,0
121.87,12,482,4,1.5246930859065886,0,0,0
241.19,11,664,6,7.699250440338035,0,0,0
73.33,13,2290,4,0.8919222931899569,0,1,0
72.38,7,2543,2,26.288744266593277,0,1,0
132.79,9,1763,2,6.033064966905242,0,0,0
80.98,13,75,5,20.917280914009666,0,1,0
15.74,14,622,6,1.7961599499023957,0,0,0
109.02,15,1970,8,2.344571693652471,0,0,0
63.56,16,1494,1,3.191171027998882,0,0,0
138.42,11,417,2,10.179054250401908,0,1,0
30.74,15,2657,0,3.8186192801924057,1,1,0
24.55,11,2774,1,0.3084938411684961,0,0,0
56.39,15,1284,2,1.3225436369757309,0,1,0
168.54,18,1668,3,4.533988551480802,0,0,0
37.0,12,609,1,7.02297761516966,0,1,0
81.77,18,215,0,6.6497303352325305,0,0,0
74.92,17,2202,2,8.600051791721704,0,0,0
52.19,8,2929,4,1.4819985139910559,0,1,0
44.75,10,2235,6,2.4857884760715594,0,0,0
64.05,16,283,1,8.061272767720725,0,0,0
74.72,13,431,2,2.478951618888324,0,0,0
81.83,14,2412,3,6.094322509690326,0,0,0
15.17,14,2040,0,11.197734112302808,0,1,0
13.31,14,1606,3,24.0750160782843,0,0,0
96.88,15,2356,1,3.8156643450576677,0,1,0
45.48,18,1187,2,12.844680010982287,0,0,0
38.76,13,613,1,7.220461526343524,0,1,0
35.59,13,1675,1,14.874498497692125,0,0,0
170.33,10,2406,3,5.959583588804663,0,0,0
131.94,3,789,7,1.3061577621321074,0,1,0
42.17,14,529,1,7.795453967149946,0,1,0
98.66,17,1301,2,1.64265334997528,0,1,0
158.06,14,1075,2,5.203163800328293,0,1,0
57.88,19,2454,1,12.775796599432876,0,0,0
53.34,18,602,1,17.111660088295217,0,1,0
52.42,14,1521,4,1.6359515063797994,0,0,0
108.26,18,1215,4,8.925132563733765,0,1,0
47.88,11,978,2,6.485176064682003,0,0,0
97.91,7,1854,1,0.29182194524585725,0,0,0
36.33,16,1077,4,3.6597045384004225,0,1,0
37.08,10,649,3,1.1330767952827907,0,0,0
50.88,18,2527,1,5.596709718340007,0,0,0
23.36,14,1882,2,5.085502465328298,0,0,0
45.63,12,1871,2,9.620435501209473,0,0,0
88.41,10,202,4,1.24787384897708,0,0,0
28.78,17,1893,4,5.466490326286525,0,0,0
53.16,11,1574,2,4.559981332102099,0,0,0
114.02,17,1974,2,5.383739156540588,0,0,0
79.59,14,2084,5,23.63171715277975,0,1,0
103.3,16,1534,4,1.6222347348509807,1,1,0
46.74,14,2318,1,9.281850221051922,1,0,0
18.63,18,1886,2,1.6894136460769893,0,0,0
122.44,12,400,5,8.319685795612388,0,1,0
85.36,16,1952,1,12.327016458021438,0,1,0
83.13,13,1041,1,12.36070907259839,0,1,0
146.79,15,541,1,8.211912355251147,0,0,0
19.24,15,288,4,0.6726335431840562,0,0,0
68.13,16,1861,1,12.941906050140659,0,1,0
18.77,17,1454,2,5.396965974893658,0,0,0
148.23,11,198,3,3.32691381995145,0,1,0
32.17,17,714,3,26.94689731161311,0,0,0
49.78,16,730,5,12.088721646507047,1,0,0
197.11,14,1857,2,3.18887106373697,0,0,0
66.29,13,553,1,1.3913856298865301,0,0,0
34.04,9,2442,1,7.8947564122910805,0,0,0
30.77,17,1163,3,17.606548477185207,0,0,0
132.87,10,693,4,11.344237594278034,0,0,0
138.82,21,2069,6,15.84059304665748,0,1,0
210.42,5,2565,3,8.890458523293796,0,0,0
40.4,13,2441,3,0.9323134439325944,0,1,0
116.08,10,1802,3,1.2210413740841162,0,1,0
60.2,11,1491,5,4.534568940277493,0,1,0
61.39,18,1847,4,1.7966893590248212,0,0,0
103.43,23,312,1,10.210661457111048,0,0,0
104.27,14,2186,1,8.091903707531186,0,0,0
55.05,8,590,1,7.134648221506247,0,1,0
126.23,20,1759,5,5.8784337566128855,0,0,0
39.43,8,1310,5,9.510188328576831,0,1,0
5.41,16,2459,1,4.3658265640080955,0,0,0
225.67,12,2940,3,11.940659087713364,0,0,0
55.56,15,510,3,1.4387057271638373,0,1,0
82.85,12,776,2,15.040205181544382,0,0,0
61.6,20,2183,5,0.19909676520959874,0,0,0
63.99,15,1767,1,4.708152919240463,0,0,0
50.38,12,236,1,12.994345398118561,0,0,0
68.25,18,58,3,0.5980066390047218,0,0,0
14.48,14,2307,3,7.8734217893272955,0,0,0
229.69,17,440,6,1.8257597922757691,0,0,0
75.42,15,745,6,2.203838775842547,0,1,0
63.48,13,87,5,13.264131012175058,0,0,0
33.11,7,449,0,12.337908031779662,0,0,0
179.34,15,2686,5,8.683560067593254,0,0,0
24.92,8,2429,4,17.187559151825575,0,1,0
93.18,14,121,1,7.363952156743858,0,1,0
107.14,12,440,1,18.564114802956055,0,0,0
62.72,19,474,2,1.328873267548282,0,0,0
64.96,15,2852,4,15.736498593131708,0,1,0
30.76,12,59,3,5.350934146548422,0,0,0
424.69,2,50,16,383.74630264707633,1,1,1
31.38,16,1236,0,13.394626767499464,0,1,0
40.77,14,2190,4,10.710965021684672,0,1,0
19.36,11,1257,2,8.831226162918817,0,1,0
88.48,11,61,2,8.74226999064,0,1,0
68.24,17,2042,3,4.955554279309891,0,0,0
126.45,9,605,2,7.054462832653849,0,0,0
115.67,12,1052,2,2.696448739342933,0,0,0
50.3,8,2660,1,2.470206818508891,0,0,0
9.85,16,1005,5,3.3824738197246704,0,0,0
39.79,14,1779,1,5.0974740113407,0,1,0
32.05,12,542,2,16.97334366343271,0,0,0
42.11,23,1573,2,13.014407153237908,0,1,0
20.17,8,587,2,4.200109046533727,0,1,0
110.16,17,1228,5,8.463162796603488,0,1,0
32.55,20,526,7,10.527745168100122,0,0,0
206.0,14,1859,1,6.2031803890631885,0,1,0
20.28,11,1341,3,6.922447991325267,0,0,0
217.75,18,1533,2,31.2661360531445,0,0,0
99.69,14,424,2,0.17969519379655363,0,1,0
28.64,11,2696,1,18.604122511738908,0,0,0
188.53,13,1026,5,8.459547818140585,0,1,0
65.93,6,2104,4,4.132702758546216,0,0,0
63.4,10,2096,0,18.94417945353409,0,1,0
31.91,12,247,2,5.687730992331542,0,0,0
38.47,16,2064,6,7.517370931651586,0,0,0
39.59,13,1763,7,19.541898720018416,0,1,0
54.05,11,2448,4,11.885640374374336,0,1,0
65.55,6,2505,3,5.8874248389729935,0,0,0
166.7,4,55,8,159.28750561458924,1,1,1
133.04,16,1502,8,6.805017973892125,0,0,0
31.51,17,587,3,8.15277922048851,0,1,0
161.29,16,38,4,5.66318073381831,0,0,0
56.85,20,2962,3,15.50208333521051,0,1,0
23.58,16,856,1,23.700475787385678,0,1,0
4.11,14,2545,2,6.04478174611513,0,1,0
47.98,13,657,2,3.2749473361546753,0,0,0
131.38,12,2776,3,16.888791612817965,0,0,0
132.44,10,1631,7,8.831733742796512,0,0,0
34.67,19,1037,3,17.004221161368598,0,1,0
13.51,15,2549,1,6.329980733739731,0,0,0
61.63,12,1640,3,3.1889864135842014,0,0,0
85.4,18,119,3,9.127507142134458,0,0,0
92.19,10,1632,4,1.1820857515158592,0,0,0
21.42,21,2235,1,4.706829589882851,0,0,0
64.28,15,1912,2,10.366092424107613,0,0,0
45.18,10,1556,4,1.703297944388706,0,0,0
79.36,11,1825,7,14.71993598784073,0,0,0
66.05,10,230,2,1.4638472656993242,0,1,0
113.7,12,667,3,6.795705416589992,0,0,0
71.02,13,1100,2,13.606047849735132,0,0,0
187.98,10,1700,3,2.8497362113544624,0,1,0
72.0,18,1916,3,5.156193700818299,0,0,0
97.42,16,2483,4,7.292608989607045,0,1,0
71.72,14,2136,2,8.753708042368704,0,1,0
68.01,16,2920,2,7.248694657290413,0,0,0
237.76,12,1422,5,2.903346002800487,0,1,0
87.45,20,1823,0,13.791841051673025,0,0,0
69.98,13,1922,6,12.95901450947169,0,0,0
81.51,15,1783,3,5.0734928125743455,0,1,0
43.87,14,403,2,6.987150031824889,0,1,0
230.53,3,720,3,2.9778046308028987,0,1,0
35.96,13,2310,2,2.5260852514594228,0,0,0
51.48,11,281,2,5.563638697693484,0,1,0
81.27,7,1036,3,11.741604246486613,0,1,0
12.54,7,1691,0,3.10360531895434,1,0,0
57.66,12,1615,4,11.46219942838987,0,0,0
80.09,14,1157,4,16.177291747875774,0,1,0
58.21,15,1617,3,16.436458957681147,0,0,0
98.69,8,1623,3,4.593613874486202,0,0,0
14.71,16,2378,0,8.474051181544498,0,1,0
122.1,16,1037,5,4.4746497491722925,0,0,0
213.22,5,341,10,125.06815188224522,1,1,1
31.84,17,43,0,6.597121282423508,0,0,0
95.6,12,1017,2,19.112579855983164,0,0,0
108.32,12,1717,4,2.854711657726428,0,1,0
90.81,19,1662,5,8.813897273337261,0,1,0
123.37,16,550,2,14.455086328228608,0,1,0
138.41,11,1560,1,11.25279885883074,0,1,0
41.21,5,2854,2,0.011165930037607907,0,0,0
13.38,16,566,2,2.378106990920326,0,0,0
20.91,14,155,1,11.927457579946283,0,1,0
49.92,16,2368,1,11.894442822883928,0,0,0
88.89,5,430,4,10.383786277991973,0,0,0
91.29,11,328,4,2.576119683805162,0,0,0
33.99,10,1943,3,3.893497656531707,0,1,0
29.46,9,2093,2,8.464860787752158,0,0,0
66.74,17,1326,6,5.071466381689894,0,1,0
196.96,10,78,3,6.089676127862191,0,0,0
25.24,10,2599,4,0.5119937150949037,0,1,0
14.12,14,2294,4,2.32748574050128,0,0,0
153.91,13,2995,2,7.168515191260395,0,1,0
66.57,11,1656,4,9.307504433780055,0,0,0
70.92,13,2035,2,4.1214842796843225,0,0,0
143.55,11,548,7,0.3955927891035902,0,1,0
83.47,12,2579,2,12.961952577467333,0,0,0
56.11,15,959,2,24.154204463831082,0,1,0
90.69,11,148,3,8.371970249375902,0,1,0
171.48,14,486,7,6.118538156003392,0,0,0
24.0,22,2454,1,13.160079693015279,0,1,0
27.54,14,1421,6,4.384366228677422,0,0,0
138.66,7,1568,2,1.9132460375004654,0,0,0
38.28,16,1781,4,10.353324137216571,0,0,0
72.95,14,1247,2,9.687479618970219,0,1,0
67.08,18,2057,5,5.741316598439224,1,0,0
14.33,17,2354,3,0.1717712671627707,0,1,0
65.42,14,1524,3,12.743628431562247,0,1,0
37.35,17,1530,2,8.4631193329427,0,0,0
58.6,12,725,1,6.024330343569384,0,1,0
30.23,13,536,0,0.8415623682069766,0,0,0
194.64,14,961,1,6.058727066064295,0,0,0
25.34,14,2498,4,0.6280619260327551,0,1,0
173.01,9,2056,2,6.607030463108343,0,0,0
31.51,14,217,4,9.443159755045695,0,1,0
254.89,14,1846,2,10.573921251342963,0,1,0
32.72,5,1282,3,11.891705774937634,0,1,0
201.23,15,1443,3,3.0719548975172266,0,1,0
101.78,5,649,1,1.3579458889980458,0,0,0
168.32,13,2055,4,5.187498944577938,0,0,0
5.09,18,2043,4,18.69746019598714,0,1,0
50.65,11,315,2,11.800905984469104,1,0,0
115.43,19,443,6,3.571297685472441,0,1,0
6.72,14,2407,2,5.596367808919192,0,0,0
68.98,11,1287,2,0.2129369707626676,0,0,0
199.06,11,710,2,4.474329948385005,0,0,0
60.4,14,520,4,2.205169012605352,0,0,0
35.45,13,884,2,2.9688675290736537,0,0,0
56.05,9,776,4,1.5802921605958513,0,0,0
72.94,17,2762,1,13.735037991090287,1,1,0
72.19,11,783,5,0.47063396628003495,0,0,0
32.47,15,1410,5,11.156315848511206,0,0,0
58.17,18,2929,4,0.36173326459431543,0,1,0
76.31,11,1450,1,10.716752688635697,0,0,0
61.98,11,2592,4,0.19825109454124146,0,0,0
118.38,12,1978,2,0.8676046518739025,0,0,0
151.41,9,1919,3,8.786116284770955,0,1,0
59.25,18,2045,6,10.063449937184915,0,0,0
94.09,13,1638,5,1.7286343727373747,0,0,0
126.81,12,2135,2,2.9786657115405384,0,0,0
27.62,9,971,1,16.804941601468784,0,0,0
37.06,20,1212,4,6.73366995558645,0,0,0
114.99,9,2447,3,5.351263160080346,0,0,0
37.66,14,2516,3,0.5398673171685164,0,1,0
83.81,13,1225,2,9.262662034056468,0,1,0
48.62,15,482,4,9.366130764747865,0,0,0
54.3,12,377,4,9.887320872142306,0,0,0
60.65,17,1277,5,11.698544996955704,0,1,0
218.45,11,751,3,10.175347073377576,0,0,0
38.56,22,2811,5,0.9306039995196436,0,0,0
98.96,18,2606,4,1.3993812052476846,0,1,0
33.75,12,2400,1,1.3734792780457488,0,0,0
56.76,16,2352,4,1.3293951109407596,1,0,0
50.87,15,1381,3,8.595061525345514,0,1,0
211.63,18,1726,0,2.6821154506755063,0,1,0
37.77,15,2960,6,4.287137154002286,0,1,0
123.25,12,1567,2,0.024663927018083953,0,1,0
121.64,22,1975,4,4.604318205736603,0,1,0
43.28,14,2494,7,3.409375525939727,0,0,0
54.99,3,1377,3,6.999408105288115,0,1,0
132.38,10,2708,5,11.978284736639893,0,0,0
30.17,14,857,4,10.318874711322412,0,0,0
99.52,7,2306,2,16.694092081546806,0,1,0
121.46,19,2759,5,10.147582939515294,0,0,0
13.02,11,1545,1,16.69063445444285,0,0,0
47.72,10,2640,4,13.566781624668064,0,1,0
81.4,11,1310,4,18.976583700269437,0,0,0
67.56,17,1731,3,9.978261123316425,0,1,0
55.14,6,2646,4,1.4353759847352423,0,0,0
62.58,14,2142,6,10.138415959023389,1,0,0
156.74,11,1067,4,1.683376987962768,0,0,0
181.02,14,1398,2,14.52173962285044,0,0,0
221.01,14,2769,6,12.922913763441969,0,1,0
79.67,8,855,2,8.122119314914205,0,0,0
45.87,11,103,3,9.287374226814762,0,1,0
70.54,12,2634,3,4.0725585526295,0,0,0
205.27,14,384,5,5.042779243754068,0,1,0
33.03,19,2350,1,3.30223150073188,0,0,0
26.33,13,2896,1,0.5682784810685764,0,1,0
92.94,18,2056,3,12.58161210272918,0,0,0
138.96,15,455,3,0.8408482335362946,0,1,0
62.44,12,775,6,15.064601642122385,0,0,0
27.96,11,1813,1,9.001588551114034,0,0,0
111.82,12,1997,4,12.49193161445023,0,0,0
127.71,12,2075,3,15.498052972493232,0,1,0
115.63,9,483,2,30.11367695189638,0,0,0
107.03,16,2604,3,8.459127133522744,0,0,0
95.01,9,527,4,3.6422145687521823,0,1,0
456.24,5,275,9,404.06565207368163,1,1,1
67.67,19,339,4,26.126134199899976,0,1,0
47.47,6,1679,4,23.008040273004237,0,0,0
70.0,13,2192,2,10.743942312892287,0,1,0
78.69,13,2649,2,4.501113037639122,0,1,0
30.68,12,385,6,7.727062537816375,0,0,0
64.38,11,69,6,6.372235816300335,0,1,0
32.0,8,2804,1,1.0060981776012632,0,1,0
95.98,8,722,1,7.191735996222528,1,1,0
76.8,9,847,3,5.230178571996289,0,1,0
49.2,19,708,1,21.908344809086138,1,1,0
36.06,13,633,7,0.41839190341336785,0,1,0
56.74,11,218,4,6.624254671041631,0,1,0
48.1,14,2047,6,8.789708658667939,0,1,0
51.0,19,2680,3,6.892698694186878,0,0,0
59.16,5,159,3,0.11661800309318782,1,0,0
126.39,14,499,2,3.8770204359695555,0,0,0
152.53,17,866,4,5.424583063495941,0,1,0
50.05,20,2557,2,2.137913398134222,0,0,0
64.39,16,2093,3,12.756083864345428,0,0,0
103.33,14,1638,4,5.892435277969073,0,1,0
179.21,11,2107,2,27.732783635499825,0,1,0
51.94,16,126,3,13.852217954171664,0,1,0
56.24,12,1313,3,9.194551081071369,0,1,0
99.58,11,2783,1,3.822724236147017,0,1,0
50.36,14,761,4,1.4049866908670938,0,0,0
64.48,11,1707,5,4.425368342854999,0,0,0
33.89,14,1349,2,4.92233908602746,0,0,0
34.54,11,558,3,10.82026572960114,0,1,0
260.73,7,1789,3,13.955276403120182,0,0,0
67.15,8,2015,7,3.8660008757694566,0,0,0
27.9,14,1820,0,3.0555615203141286,0,0,0
54.2,12,1598,5,0.7466709564131406,0,0,0
26.42,12,2657,2,10.892673890274459,0,0,0
54.27,12,2203,3,7.9765104139014715,0,0,0
494.37,1,132,15,336.90920793452176,1,1,1
40.15,13,2045,3,12.19499847703598,0,0,0
76.22,12,2908,8,17.10703148945317,0,0,0
136.09,9,2305,3,15.316888038330408,0,0,0
232.22,15,490,1,7.600801490881777,1,1,0
137.22,9,429,2,16.952495997787796,0,0,0
27.65,20,2154,5,10.692643874458696,0,0,0
223.49,15,493,1,1.0808325189934305,1,0,0
49.47,14,2888,0,0.5310466883014291,0,0,0
40.84,16,2043,4,8.796050765649598,0,0,0
163.69,17,2723,2,13.85953953347321,0,0,0
12.54,11,2574,2,9.181228698068942,0,0,0
167.35,13,1896,5,8.78749490936063,0,1,0
170.39,15,2443,4,5.763962011899894,0,1,0
20.53,18,1657,2,5.6980066594181915,0,1,0
86.05,19,626,2,1.7062560128981135,0,1,0
110.49,17,1173,4,2.319691958802704,0,0,0
103.0,16,932,2,7.304507054146585,0,0,0
21.88,17,537,1,1.3658494828051237,0,0,0
160.35,21,2047,4,4.497107832685737,0,0,0
12.28,15,2775,2,2.264442394202331,0,0,0
38.55,17,2324,1,4.5728546960266225,0,0,0
51.01,14,1469,0,2.3389795408170917,0,0,0
78.57,8,2421,4,22.44086801775408,0,0,0
61.92,17,1334,7,4.308359232132969,0,0,0
33.8,8,923,3,8.97238858571998,0,1,0
36.67,18,357,2,5.850645919631843,0,0,0
38.65,8,1884,3,4.093791387014956,0,1,0
34.51,16,87,4,18.63880903918356,0,1,0
42.91,11,1419,1,2.8417797251393866,0,0,0
120.85,21,2879,3,1.2679107669351106,0,0,0
167.52,15,1077,1,18.564833027422132,0,0,0
131.62,10,2215,1,10.011487860175905,0,0,0
38.34,14,2057,4,5.637592661613073,0,0,0
33.82,18,2887,3,2.80411648854859,0,0,0
100.17,23,2751,1,21.218008008562816,0,0,0
50.58,9,2057,5,1.2680030285229904,0,0,0
30.68,15,1794,3,14.89556434361276,0,0,0
13.16,10,1136,4,1.7496640477172454,0,1,0
191.88,18,2109,3,9.003699186591195,0,0,0
68.42,12,2931,3,5.65147849168196,0,1,0
104.33,10,180,2,20.531613614827045,0,0,0
6.84,11,1776,3,16.700986728972126,0,0,0
114.3,14,795,5,7.34931589370691,0,1,0
253.67,10,378,2,14.901914602502348,0,0,0
42.09,12,703,6,19.776304764721367,0,1,0
61.9,7,502,3,8.503821315402563,0,0,0
47.73,19,898,3,8.288050958548443,0,1,0
49.65,9,1176,2,1.2346307537662033,0,1,0
109.66,15,319,1,11.30964104055399,0,0,0
221.05,17,1370,4,7.084008277155907,0,1,0
61.48,8,2885,1,1.6408577489046694,0,0,0
105.87,15,2835,2,11.129350738347199,0,0,0
67.77,18,2433,2,3.0719668474825976,1,0,0
17.9,21,2028,7,4.389917705552836,0,1,0
76.84,16,1701,7,3.1178698578373716,0,0,0
430.7,2,144,11,496.63405054585684,1,1,1
26.11,15,2281,1,4.18024014439375,0,0,0
19.44,8,1514,1,5.968626507503112,0,0,0
21.29,13,258,4,7.714761726742424,0,0,0
41.33,9,2210,1,2.9054955591808853,0,1,0
31.48,13,2434,4,0.14698443836541575,0,1,0
114.44,15,842,2,11.481929259177207,0,0,0
7.23,15,1498,2,4.301313739220629,0,1,0
21.69,17,2923,3,2.7261072472506633,0,0,0
80.66,18,2810,5,15.058326942690803,0,0,0
102.41,11,530,3,3.7604930615244196,1,1,0
57.66,11,2402,3,0.7065393919751823,0,1,0
27.72,13,641,3,19.79189492836761,0,1,0
60.75,14,88,2,9.346319198894676,0,1,0
144.92,15,2858,1,19.769751291112783,0,1,0
42.99,16,1209,2,0.23086024397530824,0,1,0
300.62,12,2723,2,5.160909826408131,0,1,0
41.62,13,1910,5,13.378366021137795,0,0,0
23.54,11,1703,1,2.0394921064798677,0,1,0
24.13,22,1672,2,11.182018971593788,0,0,0
55.41,12,1369,4,11.26654729527337,0,1,0
231.44,7,2472,1,10.129146459487515,0,1,0
23.21,20,585,3,7.707537928032714,0,0,0
201.01,15,1899,4,5.898414475598505,0,0,0
43.6,6,1622,3,9.298164434073648,0,0,0
58.36,12,359,2,12.849376120801267,0,0,0
111.48,11,37,3,5.960951970640281,1,0,0
13.67,17,1730,0,12.426301082318004,0,0,0
15.02,6,2428,3,3.597646331439604,0,1,0
141.73,10,1962,4,5.562635669879672,0,0,0
41.21,9,619,1,16.304074859657504,0,1,0
88.93,16,1652,4,0.5868273905404857,0,1,0
51.06,6,2810,2,1.621269537682938,0,0,0
29.93,14,1507,1,19.786765483517655,0,1,0
68.72,17,711,4,7.190870840146797,0,1,0
23.24,11,1350,2,6.5607897005376765,0,0,0
57.73,12,2439,1,11.929540510696189,0,1,0
106.26,16,1610,4,8.12852549449762,0,0,0
42.07,10,2533,2,3.043125853138958,0,1,0
110.33,14,2141,1,4.081220101116207,0,1,0
39.46,13,2307,3,11.150783206246246,1,0,0
73.75,8,486,5,13.732662279431919,0,0,0
117.53,9,361,2,17.73473436402054,0,1,0
24.84,10,846,2,5.657048769140252,0,1,0
1.21,16,873,1,3.9157131013320585,0,1,0
6.14,15,2313,3,0.7464762712869879,0,1,0
97.34,15,2585,3,9.004569244492208,0,0,0
121.46,19,1772,3,15.982943126554868,0,1,0
59.64,16,414,1,10.885352204193005,0,0,0
55.08,16,1358,3,15.991394213930057,0,0,0
116.72,17,691,2,2.7203049178510725,0,0,0
130.65,15,2389,5,13.316819224910661,0,0,0
34.82,11,48,3,2.944741893649042,0,1,0
93.21,15,563,5,12.320306326057587,1,1,0
128.83,11,883,0,2.403422594799652,0,0,0
102.96,17,2144,4,2.494719546516084,1,1,0
58.83,17,2223,7,23.240361587323854,0,0,0
125.36,19,99,6,7.684170623760388,0,0,0
11.39,6,1587,2,18.677112057094906,0,0,0
220.39,10,844,7,15.542295406082415,0,0,0
114.11,14,656,7,4.976411632287955,0,1,0
76.0,9,391,3,3.836768786266923,0,0,0
64.55,13,158,1,7.516696509286534,0,1,0
67.99,13,448,2,5.273672445787947,0,1,0
216.88,9,726,3,1.0188349555088037,0,0,0
209.95,11,1539,5,13.791197148704553,0,0,0
35.89,12,2260,3,3.206273940695577,0,1,0
94.75,18,97,4,7.619144905993952,0,1,0
71.81,14,2409,1,10.854985507939066,0,1,0
62.41,7,1616,2,10.445348166803408,0,1,0
102.67,13,823,5,10.886899397790188,0,1,0
55.32,13,1854,1,1.0156884490166043,0,0,0
134.05,11,1782,5,7.817202380600212,0,1,0
20.81,13,1469,3,14.815729983473668,0,1,0
72.86,5,870,0,8.419644339986673,1,0,0
109.06,16,2524,1,7.838080235519124,0,1,0
160.19,16,81,5,15.79498549842267,0,0,0
20.52,19,1877,3,5.902859360078509,0,1,0
75.87,13,1321,7,20.126585011115633,0,0,0
31.28,13,219,6,15.115331510674455,0,0,0
64.06,9,751,5,8.317926536161204,0,0,0
70.64,16,1862,2,10.731482479549847,0,0,0
99.04,14,2997,5,3.2440569965697237,0,1,0
14.52,10,1725,4,1.3485396738900572,0,0,0
74.18,12,1424,2,10.250086082610615,0,0,0
55.22,7,165,2,9.374871074332786,0,0,0
51.58,10,1115,7,2.8773151754427007,0,0,0
51.94,12,447,2,0.722739420698205,0,0,0
23.95,19,1166,1,7.270676954381214,0,0,0
146.41,16,1724,4,11.06118225827519,0,1,0
79.03,6,2462,5,5.14483737626855,0,1,0
38.26,18,1579,4,5.466395212652287,0,0,0
73.44,15,1143,3,6.8758533938336,0,1,0
128.23,16,1691,4,12.175194303769993,0,0,0
87.09,12,1019,2,7.266142442244771,0,0,0
134.05,5,1281,1,2.030159647615989,0,0,0
162.15,18,2126,6,1.680584531403162,0,1,0
42.96,16,1539,3,10.944656164242527,0,1,0
18.81,14,2708,1,5.06719570307512,0,1,0
60.17,7,2771,2,6.042779442332115,0,1,0
153.19,12,1951,4,14.274264134799617,0,1,0
12.67,4,2872,1,5.042038371652112,0,0,0
53.95,16,2138,1,2.779445845785971,0,1,0
70.66,10,2846,7,8.70572948608638,0,1,0
32.85,12,1273,7,2.2943311002179114,0,1,0
109.16,10,209,1,11.907879025972969,0,1,0
74.25,13,1549,5,6.132871057646415,0,0,0
141.8,11,804,2,9.085099321239277,0,1,0
63.65,13,1985,2,8.370166318279862,0,0,0
34.74,14,2206,2,6.103914953240517,1,0,0
37.92,9,2558,2,10.01926160534364,0,0,0
55.22,18,2873,2,4.768254799428153,1,0,0
39.45,9,2493,4,12.682922583308898,0,0,0
114.95,19,1695,5,1.772268597647749,1,0,0
54.78,18,1846,2,11.361478191510642,0,0,0
47.9,16,1165,6,7.383474567886955,0,1,0
85.46,15,43,2,8.269192883236112,1,0,0
85.8,17,1177,2,3.365554742798517,0,0,0
122.5,7,779,6,9.5224965692741,0,0,0
195.37,15,628,1,1.3867881652284115,0,1,0
87.83,8,2875,3,12.416650916857986,0,0,0
57.27,15,1594,4,11.912140866013244,0,1,0
582.75,5,230,9,369.3484456527775,1,1,1
69.06,14,2542,1,6.784578032541731,0,0,0
130.19,15,1085,2,5.543446455930861,0,1,0
21.86,12,1168,2,4.343459176306582,0,0,0
67.51,9,1412,0,11.319697958728035,0,1,0
92.56,7,1448,2,8.899533727962611,0,1,0
95.23,13,2557,4,14.075332149639912,0,0,0
17.85,14,2031,1,3.741568181268555,0,0,0
96.46,15,2659,2,13.233968921854013,0,0,0
57.91,10,2630,3,10.678078585515337,0,1,0
26.56,10,2601,2,9.228956209306567,0,0,0
97.26,5,2242,4,1.9771164341258665,0,0,0
117.8,16,773,4,5.384891807540364,0,1,0
174.72,15,2059,5,7.187396859688361,0,1,0
8.24,14,2483,1,12.694270564179284,0,0,0
168.35,12,1781,2,5.613811715678075,0,1,0
77.08,14,1679,3,3.423915687958411,0,1,0
68.91,17,68,4,13.884608993409193,0,0,0
135.34,7,1614,4,4.331429011657593,0,1,0
85.66,12,2442,1,5.942708171242188,0,0,0
104.51,16,440,2,3.871669130208556,0,1,0
43.11,15,2195,2,16.74462564908785,0,0,0
10.01,17,751,0,16.17897925699809,0,0,0
107.89,15,481,2,14.69362452973725,1,0,0
14.5,13,2167,1,8.979074266065954,0,0,0
150.05,14,491,3,1.1758257775436496,0,1,0
68.03,13,2159,3,0.9408897877104758,0,1,0
87.61,21,1061,2,14.70413802541402,0,1,0
120.18,19,2592,2,5.996068775255937,0,1,0
49.71,12,2328,1,17.214468380990898,0,1,0
69.52,19,2995,3,1.2611247478984424,0,0,0
80.09,18,2358,2,1.0741727049667622,0,0,0
57.85,6,487,1,11.411528868731871,0,1,0
106.33,12,1104,6,9.268850195732195,0,0,0
116.68,13,792,2,10.296805224619579,0,0,0
35.83,10,915,1,6.297122124611871,0,0,0
46.09,10,2240,2,9.58281864046868,0,0,0
120.0,12,127,3,16.239702212484534,0,0,0
40.91,13,655,5,3.6949268398697264,0,1,0
32.81,16,1389,6,24.0561780159707,0,0,0
13.8,13,1685,4,16.69757881499771,0,1,0
53.81,9,1587,3,10.41016206543173,0,1,0
77.46,19,2293,4,15.232729044316775,0,0,0
79.36,14,1732,8,1.468331852144661,0,0,0
64.46,12,1455,4,23.01493700253079,1,1,0
101.4,10,589,3,2.972512637277141,0,0,0
76.67,12,583,5,14.768607285450681,0,1,0
116.21,15,1712,2,3.822431030128728,0,0,0
76.36,15,992,0,19.4676360629536,0,1,0
57.46,4,268,12,426.1294240602923,1,1,1
49.34,14,1421,2,5.217153600374976,0,1,0
63.9,10,1677,2,2.8233207045886917,0,1,0
47.38,13,1608,1,6.0905876315596075,0,0,0
174.39,17,1130,2,1.808088309352633,0,0,0
183.59,15,2915,2,13.254069883468494,0,0,0
107.77,15,170,6,2.053546613670275,0,1,0
54.43,15,1831,5,7.362249309309055,0,0,0
28.38,14,1953,6,3.2052059694369923,0,0,0
17.33,16,1838,3,13.701139365129377,0,1,0
168.11,21,626,1,1.2333442091464342,0,0,0
102.77,6,2626,4,12.144085726095202,0,1,0
180.53,14,2331,6,7.016546955445499,0,1,0
61.77,14,2251,4,6.706295468066141,0,1,0
74.59,16,2971,5,8.39048918296637,0,0,0
116.85,22,1125,2,5.148549555313466,0,1,0
92.48,17,696,3,6.968837373905777,0,0,0
173.64,16,1236,2,0.9451498768567124,0,0,0
92.48,18,733,2,1.2956496302689349,0,1,0
39.17,15,393,3,8.8850424405035,0,1,0
9.04,13,1934,9,8.271010495936197,1,0,0
140.61,14,2561,7,3.742569622048605,0,0,0
248.69,10,2256,1,5.368537466970099,1,1,0
50.81,12,2977,2,2.8114107664550927,0,1,0
107.49,15,2201,5,8.187555778859599,0,0,0
40.64,18,1925,2,17.18235143582935,0,0,0
41.11,14,2357,3,21.79218187504845,0,1,0
68.95,15,1962,2,3.1971845606374956,1,0,0
101.25,10,2278,4,12.104465041319846,0,0,0
257.28,11,2274,5,5.0094722114647565,0,1,0
196.58,18,799,6,1.1614300159056188,0,0,0
34.42,11,2332,3,1.061820907236112,0,0,0
79.03,16,1867,4,18.59346720670459,0,1,0
38.14,12,123,3,11.276946100383402,0,0,0
106.28,6,1833,2,9.917526541664966,0,1,0
32.36,11,2775,3,6.869608370920304,0,0,0
32.26,16,311,2,4.070445976142228,0,0,0
113.27,15,55,7,5.099423356429661,0,0,0
53.59,12,1902,0,17.702688252635056,0,0,0
27.83,12,473,5,4.332237034273648,0,0,0
49.81,14,457,0,24.67971850910159,0,0,0
144.78,17,2708,3,17.288932384353565,0,0,0
166.19,11,1353,4,11.070687895968724,0,0,0
27.18,16,807,3,11.287413511049046,0,1,0
84.99,16,1126,5,4.014665236012758,0,1,0
130.42,12,2254,1,8.132057842436536,0,1,0
144.75,11,2888,3,4.616232202070994,0,0,0
196.11,9,102,1,1.7805471698512694,0,0,0
134.74,13,255,5,21.729701753086864,0,0,0
2.79,19,2448,2,4.641193121109172,0,0,0
76.57,13,2637,4,5.859584731848157,0,1,0
31.71,15,183,2,10.88712950347271,0,0,0
26.32,10,531,3,3.77003779600616,0,1,0
35.53,15,838,1,7.579784349906573,0,0,0
28.71,5,186,5,6.0593789369818385,0,0,0
82.17,11,1573,1,23.309242967539788,0,0,0
19.59,18,780,2,9.922605326722055,0,1,0
15.05,16,2684,1,14.891269506896382,0,0,0
60.19,17,1872,5,14.580022257869073,0,0,0
93.42,21,330,5,1.9258335066085008,0,0,0
94.6,18,1366,3,5.290484526716317,0,0,0
88.22,18,2410,5,10.805841144453328,0,0,0
136.99,18,2828,2,9.172742352209275,0,0,0
27.64,11,702,4,4.835077618273912,0,0,0
94.51,10,2006,2,7.90562845987639,0,0,0
36.33,13,1758,1,6.76439535178373,0,1,0
124.26,15,1057,3,12.666305550492478,0,1,0
45.43,20,818,0,9.220237916280874,0,1,0
17.92,23,1724,6,3.8955664774519736,0,0,0
219.94,16,1837,2,4.277439754344705,0,0,0
62.44,16,1030,8,5.800112277992682,0,1,0
125.82,15,212,1,6.781194828629617,0,0,0
43.14,15,2993,3,5.151661835582564,0,0,0
54.98,15,1168,6,10.415026549728173,0,1,0
63.98,8,1786,5,9.37916466873093,0,0,0
80.53,23,1035,5,4.8491763123799,0,1,0
67.53,20,1126,4,5.348452433585992,0,1,0
32.22,11,2604,3,16.324333537864792,0,0,0
55.78,7,1629,2,16.930356811503835,0,0,0
133.0,14,2893,4,0.2813016321222088,0,0,0
31.8,13,2090,4,5.496776243071473,0,1,0
56.82,22,1456,0,5.780973050346658,0,1,0
29.08,9,1537,2,5.919354418341953,0,1,0
80.02,11,462,3,1.2216138161287136,0,1,0
66.58,21,1403,4,1.456838933075029,0,0,0
77.6,7,1187,0,3.431990425922982,0,0,0
13.76,20,494,2,1.8898458793843664,0,0,0
101.08,20,1348,5,13.6543654040837,0,1,0
112.08,9,941,4,5.071239297164448,0,1,0
41.4,9,1325,2,7.619869013870128,0,0,0
183.76,12,1727,0,4.157726795951728,0,1,0
24.38,14,2523,5,2.904875692377296,0,0,0
34.95,12,978,2,13.982547216420798,0,0,0
34.25,11,1479,5,12.485761348742997,0,0,0
90.5,13,1771,2,10.249672092175462,1,0,0
9.13,16,2497,4,9.133144387704046,0,1,0
10.97,13,1814,2,14.984125140175236,0,1,0
30.26,14,2327,1,10.145555757189742,0,0,0
93.3,11,1473,4,9.887131084953609,0,0,0
116.74,11,1749,4,3.5577342527637086,0,0,0
51.64,14,2043,1,1.0366354827817092,0,1,0
72.26,20,1942,6,9.989033089742009,0,0,0
22.3,14,578,2,12.292939260813469,0,1,0
35.59,15,384,3,5.645528610679756,0,0,0
43.48,15,743,5,8.31044732581985,0,1,0
45.23,20,2325,4,1.5344616264478974,0,1,0
24.55,10,1688,0,12.186001823456312,0,0,0
170.96,8,473,2,3.27811246221234,1,1,0
110.34,16,241,0,0.4227459322846192,0,1,0
15.29,17,1947,5,13.704377502816403,0,0,0
38.17,11,528,6,1.5979848694401748,0,1,0
47.93,12,1654,5,9.71895132336375,0,0,0
25.36,12,1065,4,10.715918561387483,0,0,0
139.44,16,2096,5,0.8738902463538096,0,1,0
27.72,10,593,3,0.02316834543526891,0,0,0
146.5,20,1142,2,7.81742663248899,0,1,0
58.42,18,1194,5,8.67139892560322,1,1,0
45.56,12,435,4,11.15007465233617,0,0,0
87.16,8,2262,2,4.675796812512238,0,0,0
133.26,5,829,5,17.960040030544494,0,1,0
74.14,10,2576,4,3.69717088149664,0,0,0
30.71,9,69,6,3.1880634438291438,0,0,0
41.66,16,1909,7,16.819851251800017,0,1,0
45.32,9,176,5,9.439925840683657,0,1,0
227.74,16,2824,4,2.562366341774625,1,0,0
59.36,20,103,0,5.81380466232856,0,1,0
126.29,12,394,3,1.6371355300392323,0,1,0
12.04,23,282,1,9.060147987259127,0,1,0
128.94,12,2636,2,0.44165094660994164,0,1,0
51.64,21,1030,3,17.400881493207784,0,0,0
9.65,9,701,2,16.63181650332769,0,0,0
44.93,23,287,6,8.62421018189333,0,0,0
28.23,16,833,1,14.582404766085821,0,1,0
64.11,10,761,4,9.852794364449034,0,1,0
48.92,12,1371,4,1.2137646273555998,0,0,0
85.32,13,2746,4,11.59185484733332,0,0,0
7.03,8,1310,4,14.279155868281997,0,1,0
48.67,16,1655,3,20.211620201153274,0,0,0
72.32,9,1582,5,4.676726726305569,0,0,0
46.22,13,2800,2,8.890105881213296,0,1,0
146.22,20,1779,4,4.233288715001409,0,1,0
52.91,15,2099,5,12.89990365159608,0,1,0
202.04,10,777,3,8.575024275363955,0,1,0
47.08,16,2841,2,19.58760548275862,0,1,0
9.62,18,900,6,3.2242411311610226,0,0,0
90.34,19,348,6,11.160207424820136,0,1,0
69.09,12,2819,4,10.271398351493328,0,0,0
190.82,23,1532,7,5.573905013381129,0,1,0
64.2,12,1153,2,0.26487470829924487,0,0,0
94.54,10,2715,6,7.855204734331107,1,0,0
36.18,9,410,3,12.674489502970246,0,1,0
155.43,12,1989,2,3.59250725925107,0,0,0
182.62,11,1115,2,19.49097883804727,1,0,0
91.77,14,1082,3,5.088950857465079,0,1,0
179.42,5,1094,3,0.02107414493663029,0,0,0
422.59,3,204,11,513.4840198874922,1,0,1
24.77,9,986,2,7.200704563611863,0,0,0
114.43,14,2180,5,11.030663226994914,0,0,0
201.37,14,1617,3,15.357386271895614,0,0,0
87.56,4,2534,2,7.347732576577655,0,0,0
156.98,15,1189,7,18.32470595011703,0,1,0
99.99,12,1846,3,25.52678033396642,0,0,0
159.04,10,926,6,8.076048050987936,0,0,0
35.02,12,2260,2,12.212437332026415,0,1,0
64.64,13,2593,3,2.1234990631784134,0,0,0
140.94,14,1211,3,13.836721009863034,0,1,0
75.04,13,2458,1,5.013736174670464,0,0,0
19.51,17,2314,2,2.7197098780182314,0,0,0
21.16,13,116,3,9.869577925215115,0,0,0
222.17,12,1531,2,0.34973528317054114,0,0,0
80.34,15,1733,3,17.411571359265512,0,0,0
119.02,10,1887,3,10.383615618520885,0,0,0
265.56,17,1488,0,5.00866549411216,0,0,0
104.21,15,570,4,10.086804125051898,0,0,0
46.14,13,1600,4,16.27777765335393,0,0,0
21.21,20,473,5,2.1735691770233636,0,0,0
206.89,11,2869,2,5.809888895328359,0,0,0
90.94,8,2834,3,6.821708945494404,0,0,0
54.97,21,696,4,8.577517802858301,0,0,0
88.74,9,705,1,14.147637583334829,0,0,0
116.13,13,1552,2,0.6013966258955952,0,1,0
154.43,15,927,3,5.63679057930214,0,0,0
44.8,10,2529,1,15.029871233113113,0,0,0
110.57,16,1157,4,1.261977661351846,0,0,0
80.26,13,303,1,12.433757079980788,0,0,0
165.63,14,1659,0,9.267330402977274,0,1,0
65.6,14,2936,4,1.6488876044682361,0,1,0
219.4,9,1054,3,13.640734766522403,0,1,0
84.09,13,2547,5,10.710643019185646,1,0,0
132.54,11,520,6,4.990299621438891,0,1,0
129.27,17,476,1,15.158247855271288,0,0,0
94.47,15,1457,4,8.186299047182864,0,1,0
78.61,13,1298,2,20.12040975970123,0,0,0
74.18,17,2577,2,5.259506487806268,0,0,0
17.78,9,1574,2,5.725074695126927,0,1,0
17.31,21,2728,3,1.7116319121547345,0,0,0
61.77,18,144,6,24.157092356918167,0,1,0
96.01,10,1630,3,9.385407764221465,0,1,0
16.25,10,2775,6,5.071569310195959,0,0,0
95.74,7,2362,2,14.358448694643503,0,1,0
96.84,11,35,3,1.4749396281367888,0,0,0
14.97,16,177,2,2.983280981444179,0,0,0
101.77,16,719,5,0.9466184353032263,0,0,0
79.49,11,1407,4,16.90677476974293,0,1,0
49.53,13,1389,3,1.8420470770239628,0,1,0
6.0,14,2327,2,3.9480205824537906,0,0,0
333.8,1,27,11,447.4571013758871,0,1,1
116.87,11,2004,4,23.776295964785064,0,0,0
160.43,22,2192,5,2.8051164452731694,0,0,0
87.45,11,544,2,4.135239186153031,1,1,0
49.78,8,539,2,13.221315482949894,0,0,0
174.89,12,341,1,12.073607565201339,0,0,0
45.64,14,231,0,1.5768980671548603,0,0,0
25.27,11,1028,3,9.091146307584754,0,0,0
360.01,0,286,7,344.543693007823,1,0,1
68.65,9,476,2,6.589313392665301,0,1,0
453.64,1,93,8,599.6730514459562,1,1,1
11.17,13,891,4,7.20807167834402,0,0,0
170.86,17,1490,3,4.625734681773006,0,0,0
25.25,9,1335,3,3.5075013957430468,0,1,0
148.25,19,2305,1,12.324441688646875,0,0,0
39.04,11,1076,4,20.160626331667864,0,1,0
85.8,16,864,2,0.863378751943455,0,0,0
281.32,0,40,10,543.2955394181321,1,1,1
220.95,14,935,1,17.580068253953744,0,0,0
106.92,17,2139,3,11.045217425366644,0,0,0
82.83,7,780,2,0.27973582418335496,0,1,0
200.55,9,998,3,1.5453199709572054,0,0,0
21.92,14,1955,4,5.718924222413692,0,0,0
24.48,13,2950,3,2.524009566521954,0,1,0
126.8,13,775,6,4.621470002376843,1,0,0
32.02,13,1239,1,3.2277011024451645,0,0,0
22.07,12,2572,1,1.3489028944064256,0,1,0
21.45,12,727,4,4.0946462626404045,1,0,0
47.72,11,72,4,3.2822770203536162,0,1,0
68.04,15,750,8,11.595802225538542,0,0,0
103.92,13,55,5,0.06403146634343049,0,0,0
109.45,13,86,4,7.532364372692452,0,1,0
104.4,10,31,3,10.064988267750163,0,0,0
13.29,13,892,2,6.0955327076455745,0,0,0
32.74,17,453,2,3.2822578253966395,0,0,0
48.52,4,1138,3,10.975060657793508,0,1,0
8.15,18,653,6,0.5607824319212433,0,1,0
7.31,12,2763,4,1.6963300306357123,0,1,0
85.99,15,1000,2,0.6989698420791193,0,1,0
37.74,15,1061,0,4.131082618942923,0,1,0
99.31,15,2640,3,4.017134284021974,0,1,0
106.21,19,1125,2,7.21708303876594,0,1,0
35.76,17,621,4,14.078541040206698,0,0,0
56.59,14,2327,3,2.9299612661201113,0,1,0
50.76,23,375,5,3.0039390379825317,0,1,0
132.28,11,2955,1,9.06560767370592,0,0,0
85.69,12,1712,1,8.830179924840113,0,0,0
61.45,17,81,4,11.710449469373367,0,0,0
53.45,21,1547,4,3.4665288759070556,0,1,0
150.35,8,2348,5,1.6246126042334161,0,0,0
50.0,12,508,5,3.6217716384012952,0,0,0
49.29,19,1662,1,8.001839839324115,0,0,0
151.85,11,1764,2,4.849473140671387,0,0,0
30.36,9,1232,6,4.345357996072838,0,0,0
99.96,18,1962,5,5.59449745414245,0,1,0
95.3,14,2453,1,2.9320547794094685,0,1,0
179.58,6,93,3,7.761425205027377,0,1,0
94.34,9,2933,2,2.5777885971479395,0,0,0
62.7,13,1795,8,8.751682044234402,0,0,0
27.69,11,2982,2,4.552264864366297,0,0,0
40.61,14,1905,1,5.236010569667986,0,0,0
29.27,22,1435,0,13.33317216255475,0,1,0
81.12,18,2627,1,1.3430073871357022,0,1,0
37.14,11,1694,1,6.2489830519348235,0,1,0
124.22,13,217,4,1.6258511369628388,0,0,0
119.41,12,2580,5,19.77973324552931,0,0,0
153.35,14,2546,5,5.978641986923808,0,1,0
56.43,13,283,2,8.790238482293722,0,0,0
50.14,14,949,4,7.532660696562345,0,1,0
173.94,9,265,3,2.201049889540858,0,1,0
50.17,12,2449,3,2.868152441602525,0,1,0
67.32,4,442,8,4.5428096218677165,0,1,0
74.11,18,1438,2,1.8378226817177978,0,0,0
132.3,12,1822,2,3.6087431398179106,0,0,0
55.94,14,2958,7,9.227696874913644,0,0,0
49.1,15,923,3,17.350421206600863,1,0,0
78.44,13,2829,0,13.429191301641971,0,1,0
16.12,6,1237,2,23.45279462401056,0,1,0
125.28,20,1727,1,20.193690167258662,0,1,0
40.87,7,544,2,1.4783863860474193,0,1,0
58.75,16,2458,1,3.4895468465053203,0,1,0
36.46,19,2661,2,11.672755041381226,0,1,0
50.02,15,1219,2,0.813303337146432,0,0,0
20.0,13,1972,2,18.39012112452002,0,1,0
105.38,16,372,6,7.936951179140977,0,1,0
142.93,16,809,1,10.04033495587149,0,1,0
49.44,18,2623,2,2.0532537815836593,0,0,0
43.87,14,341,1,7.012112823493194,0,0,0
71.5,12,1977,2,3.988288041872799,0,0,0
33.53,11,2149,7,16.539860445266854,0,0,0
46.91,17,389,5,14.943805479656536,0,1,0
137.75,12,2763,0,21.787370165638404,0,0,0
106.53,11,477,3,8.04675390780924,0,0,0
74.82,11,2282,4,0.6424411209987371,0,0,0
195.67,19,1669,1,5.755128440486152,0,0,0
55.52,14,1967,3,4.0606236221871255,0,1,0
92.95,8,2819,0,9.040422356304319,0,1,0
207.66,18,2058,4,3.3760801253539103,0,0,0
55.63,15,1652,2,13.90384587444583,0,1,0
49.19,12,2869,3,8.75656380340569,0,0,0
59.62,9,1467,4,6.830411869630362,0,1,0
86.1,13,2695,6,1.098455889999577,0,0,0
20.27,12,154,0,9.40828275471253,0,1,0
111.61,12,2262,3,0.4392327173697632,0,0,0
147.65,11,1733,3,2.732239010593298,0,1,0
55.9,8,1560,2,5.319855596068735,0,0,0
13.34,23,1768,5,4.321686558888278,0,1,0
106.85,9,687,2,10.429655578195831,0,0,0
54.96,10,1939,2,6.51783919192258,0,1,0
70.39,17,1782,3,2.311191270526039,0,1,0
154.9,15,1533,4,13.047977600755054,1,1,0
80.34,7,756,1,7.142576313009384,0,0,0
81.86,13,1211,2,15.11419300947585,0,1,0
91.43,16,221,2,10.704565090981584,0,1,0
748.2,4,51,9,1051.7308501355592,1,1,1
239.39,13,2441,3,4.090030334468128,1,0,0
63.92,18,2761,1,3.202922339053388,0,1,0
68.17,14,2666,1,15.97951998338165,0,0,0
47.95,11,1141,3,10.711353978358037,0,0,0
111.04,16,2008,5,3.951426626358179,0,1,0
117.91,17,2287,3,7.354687939600641,0,1,0
76.73,8,83,4,11.192451196766854,0,0,0
25.0,18,1743,1,6.5931063135362225,0,0,0
79.75,12,2211,3,12.461799952022442,0,0,0
143.71,13,1679,3,1.1052339102366466,0,0,0
65.42,18,1820,10,16.044523799398505,0,0,0
13.23,20,2364,4,5.5418517955708655,1,1,0
146.35,12,2774,0,10.762068975244382,0,0,0
129.69,14,1302,2,11.303879506083831,0,1,0
92.57,8,381,3,3.5429534351786542,1,0,0
69.77,8,2300,1,9.153874878931692,0,1,0
94.1,17,1729,5,9.54259905257663,0,0,0
45.48,4,814,3,10.454659629005324,0,0,0
569.56,3,326,4,1242.0433023265741,0,1,1
78.22,16,772,1,6.81034186036325,0,1,0
154.83,10,2112,5,0.6052282071026509,0,1,0
88.26,12,1564,2,3.442097258877304,0,1,0
28.19,14,1106,2,1.1514095544843856,0,0,0
110.29,23,1739,2,11.26102481137477,1,0,0
117.38,10,2065,5,2.513928717301475,0,0,0
127.34,11,1178,2,5.692803684596212,0,0,0
79.71,9,1987,1,6.47991380685189,0,1,0
33.68,14,2109,2,5.081450785165718,0,1,0
74.14,15,1028,2,12.59190495631082,0,1,0
646.18,1,239,10,884.8823645017507,0,1,1
75.81,13,1825,1,10.361545930803661,0,1,0
165.48,6,529,2,0.718493782391878,0,1,0
53.18,9,715,1,6.001826674417771,0,1,0
79.99,11,2063,1,3.1388334240022555,0,0,0
83.85,16,1920,3,0.04493806799053779,0,1,0
96.39,14,2627,2,3.8023602752114467,0,0,0
170.87,15,344,2,8.790362404125856,0,1,0
51.8,17,1818,1,6.060147699193237,0,0,0
158.19,15,1289,4,5.57541849845453,0,1,0
73.36,6,318,3,0.9470352646161668,0,1,0
66.04,23,880,1,2.182288739691778,0,1,0
82.14,10,549,5,5.37750369905023,0,0,0
54.0,23,2295,3,4.391224461968026,1,0,0
7.86,19,2144,2,10.36940698113801,0,0,0
51.78,11,1967,5,2.7720148664475963,0,0,0
68.81,14,686,2,8.76831247976266,0,0,0
59.59,13,2338,2,6.192098491632342,0,0,0
77.95,13,1547,3,13.95561876843821,0,0,0
110.75,14,1858,3,1.995448603011055,0,1,0
52.11,15,1450,1,0.07822222593521921,0,0,0
44.84,16,261,3,3.5651563914464632,0,1,0
80.52,15,2921,2,0.8360316631160316,0,1,0
52.68,12,1177,3,11.858177508033165,0,0,0
48.61,13,1519,1,1.8867869050259634,0,0,0
59.24,14,1302,2,0.8111539172960116,0,1,0
23.6,9,873,2,3.151065845875447,0,0,0
19.03,10,405,2,0.23740363343785198,0,0,0
8.35,11,1475,2,2.868348666124594,0,1,0
149.78,11,1393,2,9.256781579368734,0,0,0
64.99,13,952,3,9.959736135233356,0,1,0
69.99,17,2940,4,5.362867571337223,0,1,0
22.08,10,1412,3,12.608773436201353,0,1,0
38.57,15,349,0,10.126219750768724,1,0,0
126.49,3,55,4,12.377229212409699,1,1,0
100.98,16,570,3,8.61997937583204,0,0,0
45.15,20,1987,1,10.612294201029288,0,0,0
33.29,8,1672,5,9.69594138872299,0,0,0
35.68,18,1712,3,3.2846250756852062,1,0,0
40.53,16,2446,3,1.6595097224578907,0,0,0
35.68,8,1601,2,1.1880755173859008,0,1,0
153.06,17,2870,4,10.881921631011638,0,0,0
145.53,10,1023,3,7.779723921915025,0,0,0
50.7,7,364,2,19.774794081870397,0,0,0
42.34,15,2164,1,9.652989896326915,1,0,0
34.63,13,1572,4,3.0612748019141285,0,1,0
56.86,10,2350,4,3.7230011186072667,0,0,0
29.55,16,2087,1,4.281850699752564,0,1,0
63.35,13,512,3,4.235575128107817,0,0,0
67.45,19,910,3,2.062449131669444,0,0,0
72.25,7,2946,5,12.265781263819854,0,0,0
24.16,20,2917,0,14.927256501486449,0,1,0
66.78,14,2202,2,0.5814083713551446,0,1,0
335.44,3,199,11,453.8124269671305,1,1,1
60.51,14,1987,5,1.108068439706082,0,1,0
50.57,10,2751,1,5.875857367018931,0,0,0
20.02,4,1587,4,8.140034812179378,0,1,0
45.73,19,111,1,1.5819718466479782,0,0,0
74.0,11,117,2,11.017935350933087,0,0,0
100.69,18,563,6,6.4279894871528915,0,0,0
125.78,19,136,2,8.62143923552632,0,1,0
72.4,16,2696,2,12.524255349834645,0,0,0
104.08,13,2112,3,16.672580803561214,0,0,0
135.95,20,1054,5,3.726885955828686,0,0,0
72.26,16,1962,5,26.05669236441166,0,0,0
32.29,11,400,2,1.7628984417063855,0,0,0
65.4,13,2625,2,7.642750968150988,0,0,0
40.36,15,2359,0,5.30134214248482,0,0,0
3.41,15,929,0,12.61036225394149,0,1,0
207.81,15,722,3,9.998435767182338,0,0,0
242.83,18,523,3,2.6387921006649924,0,1,0
55.7,12,2402,4,12.335472654594447,0,0,0
60.96,18,1788,3,7.102801139636961,0,1,0
107.33,11,1767,4,19.444379159912835,0,0,0
25.41,13,1919,3,2.6561364145310336,0,0,0
77.62,13,2720,4,3.739044537753505,0,1,0
48.31,10,1596,1,2.9522386516140626,0,1,0
168.47,17,2211,2,7.356386698867766,0,1,0
101.3,17,1652,3,6.212257459019862,0,0,0
55.71,14,42,0,1.5777328808336541,0,0,0
29.13,9,266,6,15.11197840087922,0,1,0
39.54,15,607,4,9.758109965316569,0,1,0
67.47,17,1029,5,0.296318337256559,0,1,0
117.27,15,2196,3,1.7967314214109988,0,0,0
141.7,8,1342,2,16.902659322200883,0,0,0
27.83,15,1061,3,1.841855628643244,0,1,0
81.78,13,677,4,17.440091743815465,0,0,0
5.46,17,2029,3,1.4874318671220181,0,1,0
58.6,16,2389,4,5.623150475237745,0,0,0
29.15,17,2993,4,9.363906023125143,0,0,0
74.54,16,2413,4,18.994408940575013,0,0,0
214.98,10,2217,2,18.530462646348056,0,0,0
47.56,16,2510,6,4.822299666808047,0,0,0
107.51,8,1215,2,0.3043928388849517,0,0,0
43.01,8,583,3,5.391350116514962,0,1,0
26.9,10,2985,3,7.375991657472855,0,0,0
93.49,11,489,2,0.8161644461447146,0,0,0
42.21,18,2334,2,4.076993756328242,0,1,0
46.08,14,497,7,4.136058269072948,0,0,0
110.25,8,260,2,11.19381854273728,1,1,0
55.74,17,2390,1,17.976812254256153,0,1,0
69.11,14,1591,1,6.937260260696217,0,1,0
49.52,15,2213,1,2.3617808874610597,0,0,0
34.84,8,2626,0,8.838387983843297,0,0,0
169.46,21,2035,4,9.538817970476277,0,0,0
33.32,13,2788,0,10.727568994558576,0,0,0
95.74,10,1657,2,19.798137163758852,0,0,0
59.19,21,2656,2,6.344579939990087,0,0,0
79.96,7,2143,2,17.0296422540491,0,0,0
89.7,7,1030,3,5.663547716792694,0,1,0
49.31,10,2333,4,14.065396934970538,0,1,0
27.05,15,385,3,6.2421494077738835,0,0,0
32.99,20,439,3,0.34666154615537614,0,0,0
74.21,12,2446,2,5.5758151901478605,0,0,0
125.41,10,215,6,1.1479739464265775,0,1,0
41.87,10,598,0,1.2163817439588218,0,0,0
20.48,10,2444,5,5.424377110877571,0,0,0
128.28,16,1413,12,26.202331239487616,0,0,0
19.7,12,397,1,12.319554409166576,0,0,0
187.41,11,1909,5,8.052063635168798,0,0,0
8.04,11,1431,6,12.786658378579645,0,0,0
106.8,6,505,2,0.6366417868703351,0,0,0
132.2,15,522,3,2.8880714883310037,0,0,0
30.5,8,883,5,10.759189824042089,0,0,0
283.73,15,1786,2,5.366970587526245,0,0,0
43.73,17,106,3,8.015765187946624,0,0,0
44.03,10,1086,1,4.961796288563048,1,1,0
68.06,14,2747,3,3.81740245084805,0,0,0
115.71,12,838,1,13.046607145735756,0,0,0
26.27,10,411,4,13.427794975706785,0,1,0
54.01,19,152,3,15.066893986153062,0,1,0
90.85,11,2623,4,11.335911943935848,1,0,0
90.46,15,1306,2,14.51762375936883,0,0,0
74.79,11,2046,6,1.7816747075002528,0,0,0
110.92,10,2522,5,3.0503928753242535,0,0,0
151.65,21,2560,4,8.373241724045888,0,0,0
234.67,4,924,6,2.835261381571054,0,1,0
26.09,9,2134,3,4.219175085434302,0,0,0
39.92,17,1344,4,8.712490139429338,0,1,0
37.81,14,778,1,8.53096157430703,0,0,0
50.54,10,509,2,10.482292594362079,0,0,0
49.13,15,2445,5,6.148893521076735,0,0,0
60.71,9,1167,4,10.964184662023484,0,1,0
137.65,17,1063,2,15.632923042324277,0,0,0
46.52,11,2362,5,0.8560397374983157,0,0,0
120.18,11,2431,4,6.56890028770279,0,0,0
9.64,12,1725,2,5.679873922740356,0,0,0
111.33,18,2898,4,9.844522409209095,0,0,0
150.85,15,1084,1,6.761493801099485,0,0,0
45.76,14,54,1,8.017786555624681,0,0,0
61.87,17,543,5,2.8028865636502722,0,0,0
68.84,10,474,2,13.901924025564277,0,1,0
12.37,12,1927,3,6.321498099317125,0,0,0
65.72,14,2581,3,7.720501567511684,0,1,0
3.35,12,627,4,0.2093625420121743,0,0,0
30.54,19,1633,5,3.9643876377426865,1,0,0
118.13,17,1507,5,12.660750686378936,0,1,0
23.05,11,1189,4,4.680866309512189,0,0,0
11.29,15,931,5,6.109323218048201,0,1,0
80.33,11,2947,2,11.014723936327634,0,1,0
127.74,10,818,3,23.760399060523294,0,1,0
42.8,14,1230,1,10.800970761401546,0,0,0
103.05,12,1930,3,6.456590182605368,0,0,0
54.9,10,196,3,3.775242181796256,0,1,0
127.62,5,2796,3,3.1324484953402845,0,0,0
43.19,9,752,3,1.449775215450333,1,0,0
135.19,19,2124,5,14.535999115669275,0,0,0
24.96,9,1430,4,8.225704986173437,0,1,0
46.86,14,763,1,2.975197406335261,0,1,0
53.1,11,329,3,3.7658189774142072,1,0,0
57.06,6,778,3,13.319773649117751,0,0,0
57.64,14,1372,2,2.1013381050958877,0,0,0
59.53,19,929,5,15.946579237938652,0,1,0
14.88,18,1975,8,8.289787711233066,0,0,0
129.57,8,81,5,0.5734591207756043,0,1,0
7.43,14,2397,1,2.5673969602738547,0,1,0
156.2,20,2802,2,14.328997050809583,1,0,0
92.33,12,1818,2,2.5833518121876997,0,0,0
134.46,14,1878,5,17.19262067071353,0,1,0
42.97,21,2314,4,2.5318354424676843,0,1,0
43.38,20,2830,1,13.492980081924525,1,1,0
48.73,15,2196,5,4.320676867061301,0,1,0
208.6,19,961,0,0.6260818288766945,0,0,0
24.42,15,2328,4,14.211831407472339,0,0,0
111.22,16,875,1,6.967040279222314,0,1,0
44.7,18,2246,4,2.739199626961767,0,0,0
84.09,1,2726,1,13.813476355396691,0,0,0
71.33,15,2613,3,2.976495237802592,0,1,0
60.14,11,767,3,2.1093330353458404,1,1,0
113.31,16,961,4,13.626787211191195,0,1,0
98.84,13,2163,4,9.312962759362161,0,0,0
42.28,19,237,4,10.696587992859179,0,0,0
38.85,17,920,1,19.337014041611283,1,1,0
126.19,15,1358,4,10.953288375115854,0,1,0
90.55,9,84,1,9.900050933842337,0,1,0
106.75,19,855,6,1.951277104692351,0,0,0
21.67,14,1786,0,0.00408776297354585,0,0,0
11.4,9,655,2,8.91684052734536,0,1,0
58.8,18,202,3,8.643842744732934,0,1,0
149.51,16,1270,3,6.900472154137644,0,0,0
85.34,21,2586,1,7.868914581625355,0,0,0
57.77,11,1649,4,8.086626875233078,0,1,0
14.4,16,2015,1,4.837145189440591,0,0,0
53.86,16,2825,5,9.206704340333003,0,0,0
53.24,19,2223,8,2.9645977450904493,0,1,0
71.09,16,2373,2,0.9320784692996789,0,0,0
125.15,12,1802,6,0.4082407018631846,0,0,0
62.73,19,1203,0,13.413965404755915,0,1,0
133.61,20,1008,1,16.360202149718514,0,0,0
53.25,12,2153,4,1.95662483332169,0,1,0
205.44,14,480,2,6.701955451400934,0,1,0
87.02,8,2811,2,8.010223929167049,0,1,0
51.06,13,245,2,8.793046439420166,0,0,0
67.83,13,2329,5,4.925571592201087,0,0,0
112.75,9,1408,3,13.169557464619231,0,0,0
40.33,6,2366,2,4.344593916004699,0,0,0
67.28,11,2728,4,4.146886444210194,0,0,0
65.0,15,996,4,14.973765047649183,0,1,0
89.02,15,2167,4,9.223813575008801,0,0,0
15.09,16,2580,2,7.44871090852544,0,0,0
31.8,13,1984,2,3.6253761964166147,0,1,0
83.7,20,2909,2,13.277595455585537,0,1,0
89.37,16,991,5,14.090760253954258,0,0,0
50.04,12,886,0,0.9799371248486599,0,0,0
59.22,16,1588,2,18.70349603274871,0,0,0
138.6,16,2287,3,2.5139408016706737,0,1,0
33.94,17,700,4,6.596604510765356,0,0,0
245.18,15,590,3,13.49577104237239,0,0,0
37.1,19,774,1,14.823689524435252,0,0,0
61.2,7,726,2,0.713637301077064,1,0,0
62.55,14,2114,5,2.808260369659048,0,0,0
32.99,16,1663,6,7.22811716453672,1,1,0
127.89,6,818,1,9.985164887407722,0,0,0
16.3,18,952,2,8.015636936048868,0,1,0
39.13,10,1957,5,18.688238067171177,0,0,0
219.82,16,2015,4,3.184236890416244,0,1,0
64.34,12,1844,6,7.770818926673773,0,1,0
118.28,14,172,3,7.954900623499691,0,0,0
33.28,21,425,2,1.1717685905905255,0,1,0
22.06,16,2975,2,7.562305366472269,0,0,0
37.22,18,445,2,17.94074913583198,0,0,0
56.39,19,2296,0,10.959965173661853,0,0,0
7.4,16,329,3,1.6786174269928678,0,0,0
64.49,22,1188,3,8.78384801695292,0,1,0
89.19,9,57,5,8.485218973625932,0,1,0
128.09,9,1578,3,7.310064048664284,0,0,0
74.23,10,2042,3,2.0843765773289635,0,0,0
83.83,14,2203,5,2.370409553881929,0,0,0
61.15,10,715,4,5.754066257086804,0,0,0
75.29,5,1901,5,2.1185697267200627,0,1,0
228.78,15,1817,1,5.127642681380039,0,0,0
350.59,13,483,3,1.6051138155087368,0,0,0
97.7,15,51,2,14.294644718161663,0,0,0
60.38,13,1742,2,4.690245102759322,0,0,0
62.85,14,1879,4,5.450344690681262,0,0,0
113.44,9,2240,5,0.7238090329593652,0,1,0
26.03,15,2869,4,20.026641825645754,0,1,0
34.85,9,2322,3,9.723339210439475,0,1,0
51.27,17,2343,3,1.5611349338814176,0,0,0
95.58,14,2855,2,0.7064684962229597,0,1,0
6.33,16,1651,5,3.1321060300133827,0,0,0
31.4,15,2331,1,6.836174515427603,0,0,0
63.64,8,2231,6,11.025485535948711,0,1,0
39.6,18,1399,1,7.670391885468598,0,0,0
90.36,12,44,3,9.614974869671752,0,1,0
81.27,13,1418,3,8.609454434535113,0,0,0
72.65,13,1682,4,4.792495530374321,0,1,0
97.43,13,552,2,4.762844879311375,0,0,0
64.04,10,56,7,3.506043331680681,0,0,0
57.58,15,1765,5,0.14929646987155554,0,0,0
38.44,14,1129,5,7.042446240201112,0,0,0
26.2,14,2095,4,2.3830237279941078,0,0,0
146.93,12,2704,2,9.600558736933046,0,1,0
19.62,12,1142,6,17.51088133662612,0,0,0
66.99,10,1574,1,1.9562218283721133,0,0,0
62.44,14,2579,3,1.4488451282035708,0,1,0
76.29,15,1003,5,0.19230321547229945,1,1,0
50.63,18,494,2,7.537722898146838,0,0,0
96.34,15,975,4,4.4532765852182115,0,0,0
42.65,12,1922,4,0.8104102129009654,1,0,0
65.5,16,329,5,13.57582756137855,0,1,0
62.57,10,2086,0,2.3846811926695692,0,0,0
45.25,10,433,3,13.529652359480663,0,0,0
59.13,6,2550,6,7.690385460119941,0,0,0
144.93,9,2394,4,9.126300139395084,1,0,0
97.74,13,316,5,19.445567085887767,0,1,0
47.91,18,233,5,7.275904611005815,0,1,0
88.21,16,1564,1,3.9811628404261388,0,1,0
51.98,10,2034,4,9.21876670085165,1,1,0
215.77,15,650,3,7.25258983475323,0,0,0
102.22,21,2042,0,5.422083159723828,0,0,0
113.03,13,717,4,1.7802107705265375,0,0,0
76.56,8,849,4,0.49755476556042666,1,0,0
20.45,22,2929,4,7.917498336313429,0,0,0
161.45,15,2711,4,13.93511854011683,0,0,0
25.4,15,2010,2,1.309140397278183,1,0,0
82.97,9,2036,1,0.8241298511404631,0,0,0
29.06,13,2283,2,7.471460147577707,0,1,0
35.77,23,444,6,2.5578781236501538,0,1,0
39.97,16,2110,2,4.412969797245911,0,1,0
66.87,20,2012,4,2.78792900697937,0,0,0
175.16,10,572,1,17.13587488671409,0,1,0
50.11,13,1081,2,6.5808804986256675,0,0,0
54.84,12,1108,3,10.724589834554102,0,0,0
46.8,16,1840,3,5.402150224634419,0,0,0
104.92,12,2734,3,16.490255849497398,0,0,0
29.36,12,531,2,8.35279923634412,0,0,0
156.46,18,923,4,0.8445690041521869,1,1,0
36.8,16,198,1,14.80023077780078,0,0,0
93.16,14,1838,5,9.6367980160774,0,0,0
156.28,12,103,2,10.152535985034707,0,1,0
102.91,15,2153,1,11.93013708495841,0,0,0
5.21,6,895,0,6.13247819689245,0,1,0
23.11,15,456,3,19.780881451476198,0,1,0
74.44,10,1577,4,7.395719307551642,0,1,0
26.35,11,914,3,11.87538061048615,0,0,0
108.97,10,2980,1,9.378265866218166,1,0,0
56.5,7,2108,1,3.717526145796411,0,0,0
56.24,17,403,1,2.506515027717361,0,1,0
62.02,9,2274,2,4.716514555232271,0,0,0
161.2,14,2938,4,5.948626964150479,0,0,0
51.79,16,967,2,8.121834235921176,0,0,0
73.23,3,2266,2,13.758115259144928,0,1,0
86.69,23,2691,3,7.464814670142831,0,0,0
42.05,10,1343,1,6.245254108310234,0,1,0
84.84,14,2000,1,3.4302730084495874,0,0,0
154.8,16,1521,4,2.9085788953609337,0,1,0
14.32,22,1304,7,7.414014256539664,1,0,0
53.13,23,2759,1,3.9403026510166637,0,0,0
107.59,5,2021,3,1.9766350233452665,0,0,0
89.71,21,377,2,5.00906604607998,0,1,0
218.15,14,360,4,14.831056285255851,0,0,0
89.24,13,1907,4,0.3718243007614097,0,1,0
46.05,7,791,4,14.58954087628811,0,0,0
102.51,14,637,2,15.872984124342322,0,1,0
100.96,9,753,2,3.8928693341605545,0,0,0
99.92,7,97,4,5.201794339568733,0,0,0
171.26,12,1295,1,16.849474231941677,0,1,0
26.2,16,2005,1,9.037473183579923,0,1,0
184.43,15,412,2,1.585487635318513,0,0,0
28.09,14,1553,3,11.38853834616004,0,0,0
112.25,19,1666,2,17.09035258437607,0,1,0
22.7,9,1393,4,13.951896583550147,0,0,0
35.99,16,124,2,0.2202322077635639,0,0,0
9.55,20,2763,6,0.0321388157165341,0,0,0
143.38,15,1622,2,0.6308964140608397,1,0,0
35.9,9,2248,2,12.119731659368306,0,0,0
98.19,16,2572,1,8.95863693694583,0,0,0
62.82,14,1421,5,5.22330137862059,0,0,0
136.23,15,2887,2,3.4415709155203196,0,1,0
31.65,13,2599,5,3.766217587752943,0,0,0
60.5,18,528,5,4.0284025492251185,0,0,0
11.16,12,1897,1,3.2665971225923283,0,0,0
195.86,14,1159,5,11.817223090740947,1,0,0
72.98,14,1271,7,2.0348239588286696,0,0,0
113.12,18,1096,4,0.6456959859133562,0,0,0
132.97,10,2485,2,5.94902791857095,0,1,0
121.73,7,2246,1,15.92741815960777,0,0,0
22.39,14,1830,5,16.304195525210396,0,1,0
56.38,14,1316,3,21.47263529647827,0,0,0
141.04,18,2441,3,5.126128088593129,0,1,0
20.19,15,1251,4,18.45076174224927,0,0,0
10.15,8,1371,3,9.760040253636316,0,1,0
101.13,14,1477,2,19.262242000780077,0,1,0
98.46,17,611,9,6.978914937692106,0,0,0
92.93,11,1914,4,22.390800326146035,0,0,0
9.72,7,1982,1,2.3675285163794983,0,1,0
133.65,19,2556,4,0.10256084510375985,0,1,0
126.24,13,2215,2,1.2296652543344053,0,0,0
66.39,14,467,4,13.120049495880126,0,1,0
34.39,13,1591,3,12.510748391890775,0,0,0
132.9,16,1823,6,17.11637545061189,0,1,0
18.52,13,749,4,4.28475554697318,0,0,0
70.97,8,2329,4,15.421419122537786,0,0,0
129.2,20,2351,1,13.39845449957484,0,0,0
210.86,20,2918,4,8.377666345186714,0,0,0
84.84,8,824,1,6.709693352995522,0,0,0
121.83,16,956,5,5.502351846882814,0,1,0
28.69,22,363,2,7.26428418069285,0,1,0
162.82,11,932,2,11.646911609556938,0,0,0
51.23,13,962,2,11.735544109101587,0,0,0
14.52,11,1633,3,11.414321432667649,0,1,0
79.56,21,2231,5,5.453577524959668,0,0,0
106.79,7,657,4,4.40476430615965,0,0,0
139.68,9,1446,0,4.826740616245131,0,0,0
62.42,12,939,2,0.07857439468003147,0,1,0
21.26,17,1664,2,3.8361355789889533,0,1,0
20.74,23,407,5,5.837015690921525,0,1,0
65.01,12,2683,2,6.02114532141673,0,0,0
55.22,14,2335,7,3.9915762950704323,0,0,0
78.72,11,514,2,0.9019547585664549,0,0,0
35.69,11,1321,2,1.8727374581911853,0,1,0
234.61,23,2644,4,1.5587150071097655,0,0,0
26.48,14,2636,2,2.1108875195668606,0,0,0
169.2,14,1038,2,16.047022806718026,0,0,0
101.55,14,2697,3,0.4313471632572332,0,0,0
224.63,14,2337,3,1.2012622467784704,0,0,0
138.99,14,1098,2,10.718950116920215,0,0,0
27.12,14,1511,4,12.878531147125255,1,0,0
54.24,18,292,2,0.31348491065413686,0,0,0
158.16,23,2050,2,14.478471603695494,0,1,0
103.41,20,2775,4,8.339585213423543,0,1,0
53.29,13,857,3,0.009242700139479254,0,0,0
38.21,8,2300,2,4.104463351094729,0,0,0
74.65,15,2053,1,14.01467635885916,0,1,0
83.91,14,2328,5,3.47525338952382,0,1,0
277.7,5,383,13,210.331626521707,1,1,1
6.54,14,1208,4,3.870979469065396,0,0,0
141.4,15,2796,5,3.9486576625322725,0,0,0
64.98,16,80,3,0.9569451000724936,0,1,0
191.07,9,1470,3,11.241417800732343,0,1,0
284.3,12,2188,5,8.224479245482078,0,1,0
43.86,13,962,0,26.355627219281573,0,1,0
164.35,8,2592,1,8.172474544047585,0,0,0
66.23,13,2179,1,5.439414282399126,0,1,0
192.56,17,1572,4,3.218443285243708,0,0,0
38.66,12,1913,4,6.872943900840504,0,1,0
92.21,17,361,4,6.913919410041511,0,0,0
49.36,12,427,7,6.0480873552415435,0,0,0
80.98,14,1106,1,6.464823325096358,1,1,0
2.42,5,592,0,9.827773512608722,0,1,0
29.78,13,911,3,6.655632314380641,0,0,0
53.76,17,855,1,8.814489195649442,0,1,0
33.02,7,1003,4,4.129357361006209,0,0,0
113.89,13,2840,2,19.920224321147593,0,1,0
247.8,13,2572,1,3.2285795674232975,0,0,0
78.34,15,2813,3,0.4853761622363937,1,1,0
80.17,9,2343,5,6.24348932609786,0,1,0
44.86,12,2006,2,9.812613777750169,0,0,0
43.39,14,2454,5,16.601963256925444,0,1,0
102.62,17,990,3,9.684143485291775,0,0,0
48.13,22,387,0,13.471753702453151,0,0,0
130.37,8,668,2,2.7971970425060775,0,0,0
121.28,12,2638,3,6.769066485286199,0,0,0
61.54,16,2709,2,11.13950692540638,0,0,0
15.47,23,1498,2,8.879961083440401,0,1,0
17.37,20,2513,3,4.1640127958194935,0,0,0
124.03,13,961,3,7.080104079213635,0,1,0
93.21,8,31,5,1.8860127815142835,0,1,0
77.42,13,909,4,18.28290493524557,0,1,0
40.51,14,1861,3,5.671838569973111,0,0,0
107.16,15,34,3,1.9052124246014635,0,0,0
94.54,12,320,3,2.4232970667031384,0,1,0
53.57,11,990,3,13.348249627923458,0,0,0
57.76,11,1684,4,20.37492966526791,0,0,0
62.02,8,2979,3,16.261211110971075,0,0,0
116.4,9,415,1,10.400007267319026,0,0,0
57.45,10,2416,1,5.26941317188931,0,0,0
27.4,12,1674,3,2.5429724681571058,0,1,0
49.75,15,1111,5,4.510506645659662,0,0,0
270.94,10,249,1,9.441205471971752,0,0,0
64.02,8,1927,7,14.42995052122918,0,0,0
37.97,13,1636,1,0.4728113963171321,0,1,0
37.01,15,847,6,8.359579090679752,0,1,0
101.59,11,1913,2,1.4424556413345453,0,0,0
10.61,14,2040,0,17.02135449200751,0,1,0
35.38,23,2023,1,9.028683686566698,0,1,0
115.38,11,750,2,11.388314123911233,0,1,0
49.01,12,2805,2,8.39229829272047,1,0,0
97.68,13,2017,5,4.0575583741037615,0,1,0
111.01,16,2710,3,12.752627385868337,0,0,0
166.54,8,1243,4,12.441612839879692,0,1,0
54.29,23,2823,2,15.002540919924993,0,0,0
31.99,17,2437,5,10.07838704303947,0,0,0
130.85,7,1073,6,5.190944639232228,1,0,0
113.68,18,1737,4,9.204849697692959,0,0,0
50.74,6,2670,4,4.114602506041785,0,1,0
116.34,20,598,3,0.03591550306283775,0,0,0
52.18,16,451,4,1.4812095684417024,0,1,0
88.34,16,344,4,2.2719322227591734,0,1,0
56.24,16,2370,3,1.4994071989987887,0,1,0
29.14,18,1647,1,1.2055579084446841,0,0,0
44.37,14,2858,3,6.213129578163302,0,0,0
39.89,13,2850,7,5.105201609102677,0,0,0
51.93,14,2050,4,13.934275491352139,0,1,0
32.37,14,1587,5,14.465010418191246,0,1,0
22.61,14,1508,4,16.722616296967754,0,0,0
104.79,18,1911,3,9.936720394555312,0,1,0
255.35,5,1003,2,5.229872184763784,0,0,0
30.72,21,2190,3,4.151034076994664,0,1,0
58.58,13,2086,1,5.253007145576566,0,0,0
211.56,19,51,8,12.049412836140313,0,0,0
47.91,18,2458,2,15.673552552093986,0,1,0
60.31,21,2486,2,10.826216857886457,0,0,0
71.0,12,52,2,8.162985646448812,0,1,0
3.94,10,1323,5,4.362508442968187,0,0,0
42.36,18,1552,4,10.25036325412998,0,1,0
46.51,20,867,4,1.108673621745719,0,0,0
55.2,19,279,2,2.3590456239552426,0,0,0
26.1,11,906,7,9.744399739985294,0,1,0
53.64,17,460,0,37.62282257853984,0,0,0
154.57,16,240,3,19.10852527198636,0,0,0
33.83,18,967,7,4.049111370775152,0,1,0
32.76,8,445,2,14.045354572561177,0,1,0
72.82,15,228,0,13.285193640038724,0,0,0
22.49,18,1600,0,13.081775548826553,0,1,0
56.41,11,1188,3,15.085524820237831,0,0,0
43.86,11,315,2,5.905730661766732,0,0,0
38.13,9,413,2,13.612388507034014,0,0,0
188.47,11,2816,2,1.2689543689752982,0,0,0
43.74,14,1376,0,2.256124457117809,0,0,0
96.04,16,908,2,4.168626508449341,0,1,0
206.29,18,1873,2,18.671457256222943,0,1,0
39.74,15,2161,1,5.935544590930415,0,0,0
54.21,12,784,3,7.936721931507773,0,0,0
41.48,19,2387,1,14.715823809124757,0,0,0
108.15,15,1043,6,13.414145401681976,0,0,0
84.42,7,510,3,0.21460739456079025,1,0,0
256.53,8,505,4,10.616636724033718,0,0,0
142.55,15,933,4,1.7224261829230691,0,1,0
47.91,13,892,1,1.04499975178659,0,0,0
83.04,12,2615,2,8.992949551395292,0,0,0
8.41,18,1030,6,17.239965955544065,0,0,0
29.06,10,2866,4,21.069294558011652,0,1,0
57.29,12,2700,3,2.1339480758137066,0,0,0
44.51,12,201,3,17.86152105580097,0,1,0
22.83,13,1288,3,4.265945662182867,0,0,0
13.08,11,1131,1,8.404917841832104,0,0,0
48.59,12,773,3,7.234680763885734,0,1,0
33.33,22,1934,3,4.642326935261623,0,0,0
43.03,13,1594,3,0.277594804723015,0,1,0
38.25,20,750,3,13.144450067975084,1,1,0
29.16,10,616,4,2.5576763426231466,0,0,0
14.65,13,662,2,8.47695540026122,0,0,0
38.0,8,1099,0,3.5438653810711314,0,0,0
42.89,18,2586,3,6.2000183679082,0,0,0
26.87,14,696,1,13.230131601328502,1,0,0
30.26,15,2254,4,12.021751536333479,1,1,0
109.03,18,1743,3,8.041831363833534,0,1,0
17.97,16,1058,3,14.256774577135532,0,0,0
17.21,9,2336,3,0.7222745244063775,0,0,0
78.76,18,2862,1,2.9946214064300856,0,1,0
53.5,14,2143,5,16.032852649920102,1,1,0
149.09,13,1296,4,7.925321544368023,0,0,0
112.1,16,1074,3,4.127912800124073,0,0,0
23.94,16,762,2,0.07831674006699174,0,0,0
52.4,9,1292,8,8.31299922381139,0,1,0
98.56,14,2483,1,21.026834932047844,1,0,0
66.75,12,1186,3,8.06761454575325,0,0,0
61.22,18,334,3,12.002287475537202,0,1,0
52.8,12,2764,2,7.059071679464614,0,0,0
131.75,11,2193,1,1.1736810769017643,0,1,0
372.36,13,731,3,4.009178390114284,0,0,0
35.48,16,851,2,9.5468036687585,0,0,0
69.31,11,1277,4,14.057042886688409,0,0,0
8.0,15,2039,3,1.478110496890273,0,1,0
91.72,12,412,1,11.319805883950869,0,0,0
40.5,14,273,0,0.314445751445561,0,0,0
21.17,6,306,4,5.958124549096947,0,0,0
147.9,19,1465,9,4.5656094096990385,0,1,0
21.0,10,1886,1,7.296886936409347,0,0,0
82.42,12,1280,2,8.620349627372407,0,0,0
126.13,14,607,5,0.4389805194360106,0,0,0
8.59,9,735,4,0.7444609609245143,0,0,0
60.25,18,2578,3,11.824967379521365,0,1,0
95.4,9,1446,3,8.090435526270264,0,0,0
50.94,17,706,5,0.9089922356945088,0,1,0
134.54,12,2136,4,3.23549365245838,0,1,0
86.24,15,2167,1,16.40827179264786,0,0,0
8.66,11,377,3,1.444419905331149,0,1,0
19.87,17,2153,2,0.7054701165959552,0,1,0
33.97,14,2796,3,2.7569611805569583,0,0,0
110.33,10,1457,1,13.127104777884991,0,1,0
36.96,12,542,1,19.57704665386445,0,0,0
318.19,15,2779,3,6.499180336508548,1,0,0
45.2,17,1097,2,18.860967244553592,0,0,0
38.17,11,228,3,16.070539044357684,0,1,0
39.69,7,2530,4,10.495581756562437,1,1,0
128.41,20,532,5,15.808118112166438,0,1,0
41.18,10,918,2,1.9970222417712846,0,0,0
75.73,11,1094,3,11.293258309210017,0,1,0
102.66,13,746,4,5.00711092856065,0,0,0
41.93,12,2723,2,2.1335630851295524,0,0,0
51.09,11,54,4,7.722501945262511,0,1,0
15.43,17,2850,3,10.97507375674815,0,0,0
45.41,15,1920,3,20.40458358913665,0,1,0
94.95,9,1903,5,1.8937249145172967,0,1,0
88.8,19,2467,4,10.923532804816844,0,0,0
41.77,11,1137,2,10.971073495115597,0,0,0
63.04,8,1973,3,18.076272000684565,0,0,0
209.24,13,265,2,4.66590124160391,0,0,0
54.47,13,187,2,27.354619996543356,0,1,0
115.32,12,58,3,9.613027416803973,0,1,0
42.08,6,285,4,8.974188059355022,0,0,0
3.84,12,2402,1,3.1554013321193732,0,0,0
74.92,7,1367,2,12.007112603318387,0,1,0
45.03,19,2253,0,0.4670927263500957,0,0,0
38.35,13,1588,1,4.5355470328924845,0,0,0
104.91,17,1867,3,7.882665299880276,0,0,0
37.69,15,1563,3,8.830024396996302,0,1,0
65.46,13,448,5,17.94492586765888,0,0,0
150.48,21,1830,5,4.214192312988416,0,1,0
10.96,13,797,4,9.906066163569573,1,0,0
85.04,11,544,6,14.617484819861371,0,0,0
28.87,21,2758,3,7.641088704706352,0,0,0
82.75,16,2450,1,4.204805560760083,0,0,0
77.55,14,1544,4,6.612893958324014,0,0,0
81.59,18,2975,4,3.8350896666789307,0,1,0
68.18,10,93,3,1.1141510220725976,1,0,0
23.31,17,1846,1,5.250842310777239,0,1,0
124.92,11,289,0,6.56312994319401,0,0,0
203.35,15,1460,3,8.326381555798585,0,1,0
155.99,11,1104,2,6.885159401266826,0,1,0
128.44,10,998,3,15.828016212167578,0,0,0
1459.96,0,210,11,481.9268594398933,1,1,1
41.08,22,1204,1,2.5786626682293248,0,0,0
99.42,18,991,2,10.394418696734533,0,0,0
37.53,15,2672,2,8.631835132032517,0,1,0
51.35,13,2919,1,13.726778641286604,0,1,0
106.41,11,1965,2,11.519532024977416,0,0,0
84.55,15,182,2,8.349772344801973,0,0,0
190.68,9,1313,1,16.49859488540202,0,1,0
52.63,16,1168,1,7.386168195203862,1,0,0
15.12,8,2861,3,9.318662981857035,0,0,0
98.01,17,1251,2,16.12055246834943,0,0,0
35.34,14,1516,0,7.35638224338142,0,0,0
82.48,12,538,3,4.913463917527526,0,0,0
35.82,10,1048,1,11.815406006231566,0,0,0
56.31,15,194,1,6.645806891160564,0,0,0
39.64,7,2620,3,7.814741704687997,0,1,0
106.85,15,347,5,16.981625516929512,0,0,0
83.07,16,2523,3,0.1693132138009279,0,0,0
77.03,12,1826,4,16.119639330114076,0,0,0
63.57,14,848,3,0.20020912179913974,0,1,0
69.44,19,141,2,5.555776266781313,0,0,0
84.31,16,1530,3,1.4694803488615693,0,0,0
85.08,12,1312,1,4.760755380632055,0,0,0
55.42,16,2984,6,20.176032768216558,0,0,0
41.54,21,2738,2,5.308198909463152,0,0,0
142.42,19,2705,3,7.740658794329864,0,0,0
145.8,15,2248,1,15.728131090596264,0,0,0
78.18,13,584,3,9.575881756521753,0,0,0
34.29,15,1073,0,5.526222899939466,0,1,0
44.36,12,2556,5,2.361677411556883,0,0,0
66.38,8,1679,3,1.823509928813969,0,1,0
145.95,14,2656,4,3.6504252597241393,0,0,0
163.61,13,2565,1,17.161863423367954,0,1,0
59.17,22,265,1,8.196718202356251,0,1,0
25.91,16,1860,4,2.880370383797155,0,0,0
47.23,6,824,1,0.7234264013598812,0,0,0
162.33,14,779,3,2.6574489391306857,0,0,0
43.67,21,2645,4,11.018610566167283,0,0,0
51.21,10,350,1,9.741756248700709,0,1,0
220.53,15,2119,7,4.220118587604747,0,0,0
118.4,15,1948,3,5.473210948760239,0,0,0
94.2,12,445,1,8.993555114889752,0,1,0
71.04,11,2922,2,9.060214576643883,0,1,0
66.34,14,2220,5,5.65053946387642,0,1,0
67.72,16,2985,1,10.025685351004572,0,0,0
31.49,15,2483,2,16.693367299392243,0,1,0
104.66,21,733,3,3.2723875209683406,0,0,0
25.04,16,682,2,2.1889634301783856,0,0,0
33.95,16,2418,3,8.790025391549563,0,1,0
64.05,10,2917,1,4.361574801802302,0,0,0
15.53,6,202,0,6.609597379259625,0,0,0
65.19,10,193,4,12.313098953194988,0,0,0
102.88,6,1757,2,3.9197363771001426,0,1,0
72.06,15,985,8,9.100008236660827,1,1,0
144.94,6,2500,1,10.188553410394315,0,1,0
221.62,19,1720,3,0.2682429155073276,0,0,0
126.69,16,1536,4,19.86285651797616,1,0,0
61.46,16,263,4,0.854503981512492,0,0,0
34.23,5,934,3,4.109250533043262,0,1,0
55.91,10,2526,2,9.92475653838126,0,1,0
147.32,10,205,3,10.40965065789728,0,1,0
121.09,12,1427,4,2.042867388344905,0,1,0
100.89,13,642,1,2.9551587342700936,0,1,0
22.36,8,449,5,5.792879016831731,0,1,0
134.68,14,840,5,2.7292815250469435,0,1,0
45.17,9,331,5,4.359028164464631,0,0,0
70.99,10,1768,7,0.9341725213088283,0,1,0
133.26,11,304,5,13.918733034354021,0,0,0
6.02,16,780,1,9.455878275845233,0,0,0
44.39,19,1728,4,3.548514185179858,0,0,0
34.3,15,1541,5,5.956350759886567,0,0,0
65.7,16,983,6,13.889685028967437,1,1,0
44.55,17,963,5,3.159416620364608,0,0,0
63.83,16,1064,2,7.735602578318806,0,0,0
112.28,16,2182,5,2.8044868149848754,0,1,0
100.28,23,2296,1,0.05731338399739716,0,0,0
72.12,14,2016,5,7.569640975934571,0,1,0
115.75,10,2871,2,4.229132433411204,0,0,0
10.23,12,1404,2,3.9518825444471517,0,0,0
87.77,9,1161,1,8.011852599542085,0,0,0
38.0,16,2666,1,9.616356472314335,0,0,0
72.94,10,516,4,1.3515273465162938,0,0,0
40.92,13,176,4,12.541741162829435,0,0,0
197.81,14,218,8,7.330451672990054,0,0,0
92.69,14,1922,3,6.574596945061531,0,1,0
47.86,21,2440,0,6.241879704735937,0,1,0
92.94,9,2773,0,10.127154613686724,0,0,0
86.08,11,1641,0,9.355592438651513,1,1,0
219.15,16,2192,3,2.528795498103502,0,0,0
29.6,13,2091,0,20.290180384617226,0,0,0
62.1,10,85,4,1.9530244408796884,0,0,0
61.28,15,1411,2,4.131122403409214,0,0,0
171.13,10,1885,4,4.638889149059288,0,1,0
61.19,11,2353,5,9.211914770305922,0,0,0
145.93,14,2340,5,15.980799457800353,0,1,0
91.14,17,640,2,5.906645702963372,0,0,0
119.32,15,1027,2,0.7029129343648979,0,0,0
111.68,20,849,2,3.002670266616377,0,0,0
50.63,14,879,3,12.51528989989267,1,0,0
113.44,11,205,2,4.406680934905361,0,0,0
52.44,14,862,4,2.248454849025469,0,0,0
66.33,14,2517,4,10.156298969855971,0,1,0
67.97,10,1659,3,23.568800402279763,0,1,0
62.01,20,1282,0,12.638813512337574,0,1,0
113.84,15,804,3,2.014814036485866,0,0,0
536.22,0,129,9,53.247410479361804,1,1,1
48.7,13,1323,2,8.320010076902335,0,0,0
30.85,14,1503,0,1.1018392672174686,0,0,0
93.26,19,1058,7,4.5247565394938425,0,1,0
116.64,14,1814,4,3.710417918704881,0,1,0
22.98,16,1847,6,7.687388192036008,0,1,0
44.81,11,1263,3,10.543916596527776,0,1,0
80.88,18,1936,2,0.5040681990440321,0,0,0
34.56,15,2818,1,11.752354883219603,0,0,0
76.81,18,432,3,3.455332529850139,0,0,0
24.41,17,1766,4,7.871161266165256,0,0,0
42.81,20,195,2,0.1677041143743354,0,1,0
95.99,9,2000,6,21.387514127356013,0,1,0
92.51,17,330,2,3.643492934681758,0,0,0
188.01,12,1779,3,3.948578364172438,0,0,0
538.21,5,315,13,882.5238442912081,1,0,1
114.07,10,304,0,16.571907367717458,0,0,0
205.53,15,557,2,0.29413750321614707,0,0,0
36.6,16,2951,2,10.144294980269102,0,1,0
105.14,12,2400,2,7.7582933446176785,0,0,0
232.0,12,1342,3,5.879520529433873,0,0,0
15.75,16,2387,1,6.848511168186569,0,1,0
145.43,12,1504,1,4.731522971720715,0,1,0
59.95,17,2449,2,2.753581684002035,0,0,0
95.1,16,495,1,2.9322551957781826,0,0,0
210.36,14,2061,2,5.197841860397251,0,1,0
161.72,7,2159,1,21.09523004293456,0,1,0
81.29,18,1409,4,6.467773783111873,0,1,0
59.27,8,1900,4,15.042801049186586,0,0,0
12.11,9,1680,1,6.962058559139674,0,0,0
72.26,7,2291,4,3.6447628138738652,0,0,0
72.73,9,2708,0,19.04647718675791,0,0,0
111.21,12,1888,4,4.157206568098083,0,1,0
49.75,15,30,4,6.972557160635405,0,0,0
184.18,13,2910,10,9.927548582772353,0,1,0
81.67,17,2691,5,5.329484007029508,0,0,0
241.24,13,688,3,7.821081472067613,0,0,0
88.17,11,1771,2,12.67687882821434,0,1,0
92.15,13,804,2,0.056381873755505296,0,0,0
59.28,10,2882,8,5.8816662851364745,0,0,0
61.92,15,1610,3,0.9659397643771017,0,1,0
176.47,2,1462,2,0.5759430056462733,0,0,0
26.67,7,953,3,4.902796365512115,0,0,0
118.69,7,1121,6,22.08746243480886,0,0,0
35.42,17,2596,3,8.511905971604415,0,1,0
66.61,13,2896,3,3.8430961295917907,0,0,0
27.72,7,2628,2,6.523726259881205,0,0,0
46.11,16,2149,4,18.418643159227045,1,1,0
135.92,14,2314,2,10.462447500309645,0,0,0
64.19,13,807,4,20.990409279990573,0,1,0
93.15,16,2763,5,14.745957708476178,0,0,0
89.05,18,1600,2,2.1662309487098397,0,0,0
96.67,14,288,4,2.3106606824137534,0,1,0
74.69,11,125,3,20.22062130766896,0,1,0
478.36,2,238,14,585.3570073278163,1,0,1
281.18,12,2797,3,12.088012601447286,0,0,0
32.9,20,202,4,16.318786002575386,0,1,0
199.77,11,1740,4,2.0877497879742437,0,0,0
11.77,17,2493,3,17.428944796928747,0,0,0
38.68,10,2116,7,12.542135084081753,0,1,0
50.1,16,2226,4,7.527916141796817,0,1,0
37.35,7,164,4,5.82833163919979,0,0,0
47.11,9,1715,7,0.9824869046032418,0,0,0
20.74,13,2134,3,1.3536920150860006,0,0,0
16.36,14,1293,2,5.611688650729565,0,0,0
89.13,11,2267,2,15.448483714608649,0,0,0
169.14,12,1256,2,7.699602997944366,0,1,0
3.82,18,1490,3,4.178077796675561,0,0,0
19.58,10,2563,6,8.91861739809363,0,1,0
254.69,16,498,3,14.411566756347247,0,1,0
29.94,14,1004,3,19.437667493578992,0,0,0
166.04,13,228,3,1.868202898464658,0,0,0
82.77,18,573,3,13.980913748768833,0,1,0
199.78,16,1698,4,10.398655869415144,0,0,0
15.41,17,733,2,3.321120583487577,0,1,0
25.73,7,969,1,4.647365814119687,0,0,0
37.51,13,2546,2,5.552565312009267,0,0,0
14.04,9,2943,2,12.097412296400183,0,1,0
88.63,4,895,4,7.258621532317079,1,0,0
59.7,21,2695,2,16.392805994541988,0,0,0
84.97,13,790,4,9.283565784688882,0,1,0
19.85,14,1827,4,1.9071732315058512,0,0,0
41.05,21,820,5,14.81093331738549,0,0,0
22.6,15,1409,3,3.64136488622845,0,0,0
3.23,14,1269,2,5.79721481435907,0,1,0
70.02,13,2616,1,0.2197726567656062,0,0,0
342.16,11,1541,4,9.094431987565542,0,1,0
21.15,15,1425,3,9.629889650517484,0,0,0
98.44,13,730,2,9.697330964097256,0,0,0
223.04,3,36,5,163.4700578154082,1,1,1
34.37,5,2278,4,11.893284588055469,0,0,0
89.14,16,211,2,10.981381538766811,0,1,0
29.8,16,1109,4,9.708043122805101,1,1,0
282.32,14,2639,6,3.9820506831143803,0,1,0
71.45,17,216,4,12.914265342996288,0,0,0
47.66,18,2916,5,7.184544991824115,0,0,0
112.37,9,2534,9,2.9649292231633266,0,0,0
58.14,21,2059,2,4.803117874514227,0,0,0
64.22,7,1870,2,1.4108287020050305,0,0,0
129.17,11,2255,4,10.468661232820262,0,1,0
54.29,18,2974,5,11.210959774075649,1,0,0
21.05,17,74,4,12.723680422913905,0,1,0
53.65,9,803,5,19.520366591084994,0,0,0
281.69,15,2670,0,0.5404442417343791,0,0,0
87.09,12,1083,3,7.98781149644619,0,1,0
30.67,6,2929,4,5.0466353491851565,0,0,0
92.41,21,1160,4,9.684283594731776,0,0,0
39.76,18,2169,2,5.331232935863229,0,1,0
168.4,12,2542,1,4.472420043202771,0,1,0
57.99,15,2332,2,3.9937643438830097,0,0,0
8.1,12,618,4,11.899392241301143,0,0,0
211.74,9,2717,3,8.611196759599203,0,1,0
22.05,16,1571,1,14.120041571726029,0,1,0
98.06,12,983,5,12.669551821148147,0,1,0
62.46,6,2929,4,2.140395185582812,0,0,0
134.71,17,580,3,3.6615984036452223,0,1,0
53.5,19,661,1,0.15589318862229717,0,0,0
68.09,13,1708,4,14.994160225323414,0,0,0
73.26,17,2465,5,0.7423079052119226,0,0,0
43.09,12,2280,4,1.8335353065829456,0,1,0
1009.96,0,372,8,89.83954335536373,1,1,1
13.26,12,2472,4,15.255341990013344,0,0,0
40.74,18,109,4,0.9479035866830943,0,0,0
51.81,8,1017,5,8.602333776267468,1,1,0
60.2,4,1346,1,4.822982459085216,0,1,0
56.7,19,2512,1,8.330600189385741,0,1,0
34.57,15,774,1,8.590098375623448,0,0,0
72.56,9,350,2,3.2191241784046216,0,0,0
45.09,11,2801,4,7.769084574075155,0,0,0
170.38,10,1228,3,10.205419079833316,0,0,0
74.4,11,2859,2,12.32608222467637,0,1,0
170.26,19,754,3,1.4874536801447658,0,0,0
122.95,12,790,1,7.714369397646241,0,1,0
119.01,13,663,3,15.181123302339987,0,1,0
23.58,11,2393,2,11.772845801383077,0,1,0
181.3,12,2236,1,0.933230811181363,0,0,0
61.27,18,2665,1,5.770607306505271,0,0,0
198.15,10,230,4,25.04759324777569,0,1,0
24.35,6,335,5,4.570259038705144,0,0,0
74.35,8,860,2,4.137128998474287,0,0,0
128.73,20,2824,8,10.921367613430078,0,1,0
99.38,11,1060,1,0.44182869891628584,0,1,0
278.44,11,1929,4,19.72702835939925,0,0,0
176.42,7,1292,3,0.4357646072337982,0,0,0
47.48,13,700,2,0.412761305159397,0,0,0
64.78,12,623,2,15.968347700117999,0,1,0
63.99,16,761,0,13.370721947829027,0,0,0
118.22,10,2813,1,5.916120095538534,0,1,0
71.21,7,1414,5,2.6307981090140844,0,0,0
35.29,18,2184,3,10.444014601969597,0,1,0
44.76,16,2214,3,8.049387377604484,0,1,0
35.07,6,1787,0,1.5042141403077283,0,1,0
28.69,23,701,2,9.632847652365236,0,0,0
75.31,13,2325,4,12.851901580606441,0,0,0
103.54,13,2387,6,5.8915373524429135,0,0,0
70.55,22,293,2,13.94098636646677,0,0,0
39.77,15,558,1,2.6262653093044293,0,0,0
36.07,14,567,1,13.356994126187166,0,0,0
24.64,11,87,1,3.333647962985306,0,1,0
39.75,15,214,4,5.048427465944342,0,0,0
52.95,17,654,3,3.770020846632618,0,1,0
54.59,14,2048,1,0.5606070408030517,0,1,0
93.24,15,1521,2,0.00400650798958857,0,0,0
26.53,18,241,1,15.407632028410378,0,1,0
20.45,8,1276,6,5.271598861383137,1,0,0
32.71,9,1146,4,4.950579064865521,0,0,0
9.79,12,447,1,8.18989404507979,0,0,0
29.77,12,1820,2,10.108159552615222,0,0,0
235.93,10,1538,5,12.26754307540891,0,1,0
96.42,9,265,3,9.115819329571442,0,1,0
104.37,19,1361,3,3.0367492707591044,0,0,0
264.52,10,2757,3,5.866867523474346,0,0,0
58.02,10,890,3,16.408958915773194,0,0,0
248.57,10,2669,5,10.164474558878496,0,1,0
494.5,5,20,6,560.4474035355433,1,1,1
23.69,15,795,2,1.2493503893179065,0,0,0
51.56,6,1627,2,0.7122877432629409,0,0,0
48.68,14,2741,0,5.90960190105138,0,1,0
31.82,14,2150,3,1.5880527657433543,0,0,0
42.34,13,150,3,17.11435934236412,0,0,0
18.43,17,2938,3,5.4045752162248055,0,0,0
3.8,17,2749,4,6.793737349707845,1,1,0
49.55,12,2827,3,11.161082359933625,0,0,0
66.26,11,765,2,3.317865036968972,0,0,0
108.83,5,2170,2,7.657865269310829,0,0,0
74.06,7,2384,4,6.27884427607262,0,1,0
107.51,14,2036,0,8.396807320090478,0,1,0
98.99,15,1885,3,21.26992098979752,0,0,0
95.14,16,2678,0,4.90211371566059,1,0,0
116.77,15,1118,4,11.960678255931994,1,1,0
86.77,16,2512,4,5.629490695492272,0,0,0
187.52,22,922,2,4.700617448210336,0,1,0
39.81,21,153,5,17.578247915383685,0,1,0
40.09,17,374,3,7.073347619363801,0,0,0
79.68,15,1561,1,4.207235664941729,0,0,0
123.35,15,2125,2,13.278390702243488,0,0,0
55.29,16,2583,0,4.958225954045003,0,1,0
115.07,16,2777,5,20.381228709083025,1,1,0
53.58,14,2669,3,9.034577106045706,0,1,0
25.62,16,2595,2,17.278250019887473,0,0,0
127.87,23,1193,4,10.06256265926376,0,0,0
7.28,12,510,1,7.358666099353696,0,0,0
14.01,17,2578,5,9.006205384660575,0,0,0
18.14,14,2574,3,7.82390429284796,0,0,0
100.83,16,1239,2,5.472974785710349,0,1,0
71.41,22,1772,2,1.1558153228313608,1,1,0
9.33,13,2104,2,7.117421904954163,0,1,0
51.41,13,1331,3,3.072990807040873,0,1,0
135.15,17,2888,2,5.453138408438749,0,0,0
293.06,2,31,11,206.83603297449068,1,1,1
145.0,15,975,2,5.446992714787511,0,1,0
111.85,13,2014,3,7.397975873521807,1,1,0
30.79,17,202,1,8.246184526255472,0,1,0
146.75,16,2870,1,1.136515912288008,0,1,0
301.24,1,30,13,328.1096451398637,1,1,1
32.73,12,1962,1,9.889907555497363,0,1,0
47.51,15,2610,5,4.016638283423433,0,0,0
29.19,12,742,1,3.5817305030103537,0,1,0
106.1,18,376,2,2.866596985998836,1,0,0
28.4,13,1575,1,2.712724110822169,0,0,0
139.44,13,71,2,14.861121700267443,0,1,0
126.2,15,753,2,10.50466976989154,0,0,0
67.59,10,2770,4,11.884386902209368,0,1,0
72.28,8,1456,3,16.23473296712578,0,0,0
171.23,9,349,0,2.021889442802755,0,1,0
17.92,13,150,3,2.097011981371413,0,0,0
77.13,22,2973,5,16.4754242624483,0,1,0
81.7,8,1554,3,26.659533007757958,0,0,0
28.53,9,785,2,0.26548056566657063,0,1,0
73.17,14,2172,4,2.1764939356958557,0,0,0
129.69,9,1648,5,1.1806251103241716,0,0,0
83.26,18,2736,5,0.5766299805250261,0,0,0
93.97,11,2593,6,22.095691034664107,0,1,0
169.4,18,649,4,5.529282886703809,0,1,0
39.65,20,2137,5,2.770963664826157,0,0,0
7.33,5,2318,3,22.616117490428646,0,1,0
38.23,11,943,4,3.7205302808341862,0,0,0
119.02,12,2548,5,3.242157571536163,0,1,0
244.32,13,1905,2,1.2779775093393058,0,1,0
77.72,14,1588,2,3.4388454826204633,0,0,0
92.51,14,1742,2,4.600782630739017,0,1,0
107.93,9,830,6,11.870530949158105,0,0,0
51.45,16,1954,2,9.814124061706622,0,0,0
358.78,1,234,7,910.337273319164,1,1,1
53.58,22,1595,3,6.040742850712013,0,0,0
124.99,15,1089,2,16.141573707059898,0,0,0
184.59,11,2521,3,10.213872998349649,0,0,0
373.16,3,128,11,177.17620612299672,1,0,1
108.98,20,302,3,0.581326308391577,0,0,0
150.77,14,475,1,24.457892732280076,0,1,0
28.53,15,1368,3,7.6826265758838,0,0,0
89.74,13,2501,3,4.438685417361242,0,0,0
113.09,15,224,1,23.275983377500165,0,1,0
124.3,10,2120,1,7.004196414335983,0,0,0
54.92,18,223,2,3.6291657365270504,0,1,0
123.94,17,1942,4,3.171979120313078,0,0,0
91.14,13,1480,4,2.919984516475675,0,1,0
141.88,11,235,4,17.444391947943906,0,1,0
234.07,8,2081,2,5.066674340819991,0,1,0
28.5,5,2091,1,8.660098720600022,0,0,0
65.36,10,2007,5,11.10495635494167,0,0,0
135.56,16,2762,2,14.382900391219966,0,1,0
34.73,13,189,3,11.64699688856544,0,0,0
28.09,10,1108,4,0.2825244577067405,0,0,0
108.56,6,1898,2,3.5631091200660343,0,0,0
42.91,12,2772,2,3.216305895060133,0,1,0
42.1,13,2586,3,7.177295372041641,0,0,0
19.71,7,374,2,7.542457971932681,0,0,0
15.07,14,1668,4,5.567830776076586,0,0,0
60.52,12,182,2,4.450007348234179,0,0,0
54.21,13,1238,4,0.0499320024310288,0,0,0
105.8,16,2722,2,1.0942281088630281,0,0,0
34.85,15,2173,3,6.27186677761989,0,0,0
148.57,8,774,6,4.336123342753456,0,0,0
44.67,5,2996,3,8.062516775614364,0,0,0
92.84,13,1720,4,3.0228939609174077,0,1,0
253.14,17,1800,3,15.7066365161726,0,0,0
112.55,8,1723,4,3.224986067231317,0,0,0
84.43,9,1507,5,15.037494203262767,0,1,0
25.75,9,1468,4,0.48954118533416136,0,1,0
205.18,12,133,3,3.866296094194532,0,0,0
40.05,14,261,3,9.235611202013548,0,0,0
69.79,18,2963,4,1.7280028110175265,0,0,0
112.67,18,2378,3,3.673553094999413,0,1,0
143.21,15,1034,8,8.971911226568228,0,1,0
72.9,12,1128,4,3.4459193889920043,0,1,0
56.35,6,232,1,5.263175297514214,0,0,0
143.91,14,2675,4,4.3846178883434215,0,1,0
35.42,8,369,2,9.781356070121632,0,1,0
39.14,18,1587,3,7.531107570175218,0,1,0
28.9,11,1837,2,7.843067907099922,0,0,0
108.44,19,1215,2,4.685144527890819,0,1,0
59.19,15,1052,3,3.018404197529885,0,1,0
29.1,16,2217,5,16.96649653999095,0,0,0
24.15,8,2356,3,2.4274587961396232,0,0,0
25.33,17,2675,3,10.451605391171125,0,1,0
64.51,10,2994,2,14.354533865894677,0,1,0
37.38,13,2637,5,3.5009070695467983,0,0,0
120.86,20,2110,3,10.5680735604387,0,1,0
25.07,11,1032,1,14.773099697578214,1,0,0
73.81,10,1008,0,5.145909342457713,0,1,0
137.99,12,1755,1,15.240427046146664,0,0,0
84.21,10,2742,6,4.191110222112215,0,0,0
40.75,18,1526,1,4.829183211119451,0,1,0
45.72,13,1543,8,1.5093214840977969,0,1,0
61.85,16,2945,5,6.448343091285125,0,1,0
19.67,16,1685,3,19.87252182222391,0,0,0
125.14,7,2470,3,4.789463460335339,0,1,0
126.68,19,926,7,5.315479280264487,0,0,0
138.25,12,827,3,8.565391147228674,0,1,0
162.3,8,579,4,16.78095889876777,0,0,0
34.92,3,1185,2,3.3306450166633015,0,0,0
37.49,7,2995,2,11.386891427251054,0,0,0
129.26,11,1950,4,0.9257717397551559,0,1,0
212.02,12,1468,4,7.005319404065523,1,1,0
10.62,14,1892,1,11.105062804447748,0,1,0
119.38,10,1866,1,7.704051954017143,0,0,0
161.87,20,2734,1,28.724923165744155,0,0,0
34.2,16,254,3,9.42741847592816,0,0,0
141.79,15,2709,2,7.044812968187782,0,0,0
91.35,18,2881,3,1.909215168776802,0,0,0
41.58,9,1137,3,3.9861205476325026,0,1,0
109.4,10,586,1,11.6744819295394,0,1,0
10.69,13,2229,3,1.326531641737807,0,0,0
24.52,21,941,1,8.217380299461501,0,1,0
79.79,16,807,4,21.85757762331379,0,1,0
67.4,15,2324,3,4.8300057605174285,0,0,0
68.64,15,1636,2,6.322972576746572,0,1,0
12.09,18,1492,0,13.173347874323543,0,1,0
64.39,19,1696,2,9.094874328734502,0,0,0
63.67,14,944,5,1.9258302687749076,0,0,0
90.53,13,2695,4,17.88748696319957,0,1,0
52.85,9,488,7,4.475390746946912,0,0,0
201.47,16,910,1,6.695352288142034,0,0,0
24.34,14,1417,0,5.809176537181676,0,0,0
17.93,13,2546,3,3.934259392542842,0,1,0
148.38,8,388,4,3.4429863197065504,0,1,0
86.17,16,1105,3,0.27030942197680563,0,1,0
36.24,16,229,3,14.754477036590046,0,0,0
70.78,14,2760,2,1.8067753885642688,1,0,0
119.67,17,93,6,5.6749268900650245,0,1,0
194.66,14,1374,3,11.743191083642191,0,0,0
127.74,10,2372,5,6.638594087583754,0,1,0
128.19,9,482,4,2.2142003408718844,0,1,0
28.34,18,499,6,0.20421584999748088,0,0,0
87.28,16,2146,4,2.693058512550564,0,1,0
245.59,12,2228,4,5.325898083926733,0,1,0
63.58,11,602,3,14.59961652343201,0,1,0
102.25,11,2824,1,11.849623675922988,0,1,0
70.04,15,2165,2,21.749613981841215,0,0,0
164.52,18,2016,6,13.353549858402939,0,0,0
164.51,16,1607,5,5.908093741521206,0,0,0
47.78,8,1941,2,16.071394668821878,0,0,0
85.02,10,1116,2,3.570242191092308,0,1,0
83.28,12,2979,2,19.605909325198688,0,0,0
70.07,11,2763,3,4.190138318499809,0,1,0
161.62,11,660,2,4.1207330224160135,0,1,0
112.81,19,1990,4,8.874401816098093,1,0,0
111.75,9,286,4,2.885975295127193,0,1,0
14.18,9,2902,3,2.441476091131694,0,1,0
90.83,15,234,4,4.949239132897386,0,0,0
140.56,11,1675,3,2.5615941268367814,0,0,0
36.04,16,848,2,16.3337078337699,0,0,0
39.08,17,1244,0,10.568305347907284,0,1,0
97.33,8,339,1,0.04542709787488608,0,0,0
77.54,7,287,2,4.111082473584904,0,0,0
79.18,15,2863,1,3.746172151588694,0,0,0
48.89,11,1869,3,5.03524022093545,0,0,0
63.72,18,2360,2,9.394398030454884,1,1,0
37.4,21,1169,4,5.0840677011203095,0,0,0
137.8,14,1139,1,18.828984939029347,0,0,0
76.59,14,1485,4,6.725163542511325,0,0,0
79.11,20,2235,3,13.436600266320811,0,0,0
78.57,13,1339,1,16.97567279223503,0,0,0
137.76,11,2768,7,19.700275065863792,0,0,0
115.19,16,2298,2,3.318242725087586,0,1,0
22.06,18,223,2,2.3539060939388796,0,0,0
161.79,19,838,2,1.4371252263012186,0,0,0
33.65,6,2958,0,7.820834510080631,0,0,0
46.0,14,1418,2,1.6161733287145932,0,1,0
2.94,6,870,1,1.0582815305939093,0,1,0
9.6,22,600,5,4.7063904772473375,1,0,0
24.83,13,2278,0,4.146675291244498,0,0,0
149.23,15,829,4,1.295632706723116,0,0,0
94.62,9,2554,2,7.79332523044277,0,0,0
46.58,11,569,1,10.386156534843305,0,0,0
94.69,14,2062,1,13.131087798472135,0,0,0
111.19,18,1214,3,4.241410256225835,0,0,0
41.72,15,639,1,12.940842407432154,0,0,0
125.43,20,650,3,0.7981161314061227,0,0,0
34.05,21,768,4,2.423852830422905,0,1,0
80.41,8,351,3,14.504381106800103,0,0,0
74.21,15,403,2,8.697401174269599,0,0,0
68.65,11,663,2,2.1675133267981055,0,0,0
61.15,14,1972,2,15.26413414112881,0,0,0
123.62,16,1310,1,0.30412497569269803,0,1,0
104.44,10,860,4,3.667033284847173,0,0,0
65.77,16,1468,3,5.059078274913635,0,0,0
163.79,8,1602,6,0.8173352979200947,0,0,0
61.25,14,96,5,0.9354977250965169,0,0,0
24.87,12,1473,2,10.26825719087065,0,1,0
72.6,11,1089,2,6.78594767652397,0,0,0
35.35,16,2749,3,6.763111585066712,0,1,0
138.86,10,1505,2,6.156960824846081,0,1,0
42.46,19,852,3,25.026385897072732,0,0,0
53.15,17,1264,3,1.4268450063311162,0,1,0
43.08,12,1507,2,19.00431609452879,0,0,0
56.24,16,2604,4,4.665846760003975,0,1,0
59.27,7,1881,0,8.881297578986128,0,1,0
108.09,18,243,2,10.734320629368728,0,1,0
0.93,17,269,2,5.248489384872809,0,0,0
54.37,7,2081,5,13.488032301309277,0,0,0
112.27,4,803,2,6.595609270954318,0,0,0
119.35,10,2680,4,7.32426563540805,0,0,0
70.32,14,406,6,33.70561020432872,0,1,0
14.18,17,104,0,7.151737913609099,0,1,0
81.03,10,2658,2,11.9974228108995,0,1,0
64.74,10,2426,4,0.8273590222732157,0,1,0
139.69,10,726,1,6.207480028169641,0,0,0
159.62,10,1214,2,7.796909171110457,0,0,0
125.56,11,2254,4,13.14722375403621,0,1,0
21.07,15,638,3,4.979081011776198,1,0,0
38.12,13,1234,1,5.75409171229567,0,1,0
156.55,13,2932,2,3.9514220152581316,0,1,0
37.74,13,1969,3,3.507446983739499,0,0,0
117.91,11,1386,4,9.919964190880972,0,0,0
2.36,12,857,6,22.602724295543936,0,1,0
78.71,12,275,0,8.947081406460498,1,1,0
49.69,14,72,5,15.525523910361837,0,0,0
36.12,12,91,3,19.860826705527735,0,0,0
111.23,18,2425,3,7.076957456224769,0,1,0
15.67,10,1941,4,32.0641949244516,0,1,0
71.5,16,1516,3,3.0892725712313585,0,0,0
54.58,8,2073,3,6.690312129537479,0,1,0
146.18,12,1866,6,15.075540574000716,0,1,0
47.67,17,464,4,8.177806853215513,1,1,0
29.92,17,2144,3,4.730672371699418,0,0,0
111.56,14,936,3,1.6631215177314642,0,1,0
109.48,12,141,2,16.938820204261642,0,0,0
186.06,12,1771,2,0.6027351905013445,0,1,0
75.88,11,2162,4,3.401559981971772,0,0,0
10.39,5,1670,3,2.669422931613759,0,0,0
85.46,8,1000,1,5.60917957899937,0,1,0
22.18,11,2263,2,7.944878287691093,0,1,0
99.8,21,2046,4,14.840654331600621,0,1,0
32.3,10,578,1,11.74275757509181,0,0,0
44.73,21,2264,6,12.64126869256684,0,0,0
41.36,14,926,1,7.2600836801015305,0,0,0
55.77,13,501,3,13.08735338850833,0,0,0
48.61,19,1859,2,2.767230984911251,0,0,0
79.96,21,304,0,1.1117037845814086,0,0,0
10.64,14,299,3,7.868263525234423,0,0,0
65.6,12,504,3,6.0940478580553155,0,0,0
28.92,14,1312,3,4.880862477067108,0,1,0
94.3,16,1762,6,13.676500062840725,0,0,0
84.23,10,2063,6,24.06869609842305,0,0,0
289.4,6,2686,2,2.669720096920703,0,1,0
51.79,18,1081,1,17.917769004174893,0,0,0
95.11,14,2575,6,3.1356107917517484,0,0,0
49.06,16,1008,3,13.157928590206978,0,1,0
59.73,18,2767,4,17.28894605632099,0,0,0
34.4,10,408,0,17.63457996869776,0,0,0
89.89,17,2920,7,2.159151572729339,0,0,0
130.01,20,2845,5,3.7197742337479323,0,0,0
93.29,11,643,3,13.908463312678107,0,0,0
161.95,18,1612,0,7.802558257111203,0,0,0
14.09,19,357,0,15.320266118162976,1,1,0
125.23,15,1370,3,10.181771979917372,0,0,0
96.5,7,2181,2,0.04393693213756045,0,0,0
65.04,7,1840,2,6.237663527434087,0,0,0
23.85,18,2121,3,7.554692941566065,0,0,0
54.89,17,416,3,2.1878468201690326,0,0,0
30.28,15,1186,4,0.4461921279621155,0,0,0
7.58,9,557,2,2.4564295574304023,1,0,0
16.55,10,1387,5,7.09679253877067,0,0,0
93.77,12,980,3,6.661071507210925,0,1,0
76.02,10,332,2,11.642602195092213,1,1,0
108.97,13,1944,1,3.9542823111063985,0,1,0
53.43,13,1246,3,8.001199992867079,0,0,0
97.09,0,785,1,0.08370499270650456,0,0,0
21.71,14,1313,1,14.552772259898274,0,0,0
76.32,23,1226,4,16.511646096570423,0,0,0
91.1,13,2264,7,8.223173661546616,0,0,0
208.75,14,2479,4,7.5083553447556595,1,0,0
93.37,17,541,1,3.294010334193997,0,0,0
6.47,13,664,4,4.2388768569271384,0,1,0
164.59,13,2293,2,11.797926454053085,0,1,0
9.94,10,1164,2,7.5476718176183635,0,0,0
5.76,15,613,2,2.222030707622711,0,0,0
8.45,12,1826,2,6.897850242756558,0,0,0
43.9,16,1341,5,2.348068233227212,0,1,0
55.63,16,2655,4,0.38664211693594286,0,1,0
25.81,16,2332,4,4.2808548278458876,0,1,0
47.94,17,1230,3,0.2072050745557279,0,0,0
146.45,8,815,4,10.204670561799622,0,0,0
27.96,15,2230,4,5.023238510591254,0,0,0
6.23,10,293,3,16.49650480502016,0,1,0
37.05,13,1908,1,10.430915190309715,0,0,0
46.3,19,137,4,3.928538061442092,0,0,0
84.94,18,1212,4,5.38028499462275,0,0,0
77.55,13,2883,4,10.391601962748709,0,0,0
44.83,11,1291,4,3.1682412140671756,0,0,0
110.04,18,525,2,17.162443522665384,0,1,0
28.44,9,1854,3,4.601906779377707,0,0,0
71.85,12,1770,1,6.581148116957417,0,0,0
70.76,18,2385,3,11.74766347620933,0,1,0
78.39,20,1192,2,6.203376885649224,0,0,0
139.69,6,2826,2,1.40452627928607,0,0,0
72.7,8,1702,2,14.213591099249976,0,0,0
79.35,17,2718,1,17.07923914611592,0,0,0
63.09,12,641,7,7.461351200709652,0,0,0
74.98,17,1379,4,2.9311927094791974,0,0,0
132.93,9,2706,6,10.308980057920092,0,1,0
42.86,13,369,2,10.032186894780896,0,1,0
53.14,12,333,2,1.430394299542761,0,0,0
75.53,6,2884,2,2.2653209570326585,0,1,0
39.91,4,2154,1,6.785012180568989,0,0,0
114.66,15,49,1,0.026074218709474906,0,0,0
25.42,15,1503,5,3.185269461354011,0,0,0
128.86,13,933,1,0.6769865178403718,0,0,0
77.13,15,2236,2,7.659085864344069,0,0,0
40.01,16,2212,2,3.4807947049532055,0,0,0
15.69,15,1935,1,3.2741951089216306,0,1,0
114.1,18,1212,2,0.8679873845118093,0,0,0
55.41,12,2835,3,10.960699255664963,0,0,0
486.45,3,78,12,60.70723422996866,1,1,1
142.26,11,2861,2,4.454271982527113,0,0,0
94.8,11,1219,1,15.929169867355581,0,1,0
148.59,10,2149,2,6.2121259474434325,0,0,0
79.39,17,1182,3,2.275180475357236,0,0,0
48.58,10,1179,0,7.928747841674705,0,1,0
85.67,10,2170,1,9.821003764143388,0,1,0
44.03,14,1923,4,8.113765084123385,1,1,0
20.96,14,1397,1,0.01422112058729219,0,1,0
187.83,12,2023,0,2.110957321654819,0,1,0
107.96,14,2828,3,8.979669393075694,0,1,0
267.45,13,1096,7,5.316042420636382,0,1,0
112.79,8,313,6,0.05659143827582014,0,1,0
13.96,15,1036,1,4.743449010028894,0,0,0
138.52,6,860,3,11.97692533901149,0,1,0
58.73,17,1913,2,13.523780221599019,0,0,0
40.72,20,1540,2,0.30186217734371645,0,0,0
54.61,13,2389,1,8.78973943806027,0,1,0
88.16,12,1487,2,16.482243690804985,0,0,0
38.55,10,181,2,7.1491251630926005,0,0,0
65.13,16,259,1,0.2902781476824501,0,0,0
80.6,4,859,1,2.9063619677516983,0,1,0
105.4,21,477,4,3.228961695126399,0,1,0
167.85,12,912,2,16.433371048354033,0,1,0
100.11,13,2749,5,3.8743970653553585,0,0,0
114.8,16,608,5,24.338687927148,0,1,0
54.52,13,244,3,9.39905404079791,0,0,0
20.24,15,955,2,0.9604270404994644,0,0,0
25.34,12,586,0,14.310747363252831,0,1,0
69.71,6,1800,5,4.520908512549871,0,0,0
224.32,20,555,3,9.498323958676615,0,0,0
91.72,12,227,2,4.331644712980898,0,1,0
44.87,10,383,1,0.6882637549322785,0,0,0
48.88,9,2070,4,11.02231449273285,0,1,0
267.53,14,1649,3,2.4790810057785664,0,0,0
132.24,20,2034,5,0.5988221768844033,0,0,0
96.04,20,2806,5,9.719178445701782,0,0,0
102.04,12,641,3,10.2609941265348,0,0,0
14.11,20,2737,2,14.483277512705296,0,0,0
55.8,13,1532,2,5.252391421578936,0,0,0
89.56,22,1791,5,3.8752874402766855,0,0,0
72.13,14,2774,4,1.695648407739263,0,0,0
103.24,13,182,6,27.962768119325872,0,0,0
147.51,20,2061,2,3.1821595296915066,0,0,0
228.6,3,315,11,491.97208280230876,0,1,1
133.18,15,1486,4,9.97292283312605,0,0,0
4.04,12,2820,2,20.987880159223124,0,1,0
22.64,16,1170,6,15.815545148075145,0,0,0
140.09,9,2282,1,0.8580776125967633,0,0,0
128.24,16,710,4,8.417234838825113,0,0,0
30.82,15,930,0,13.063776645243,0,0,0
117.82,14,172,5,3.6858600579877665,0,0,0
94.75,14,208,3,12.309307123005201,1,0,0
67.03,9,2596,3,9.52109041009565,0,1,0
60.53,3,1625,2,13.757713042892874,0,0,0
211.43,12,2410,2,3.4577306022166368,1,0,0
27.35,21,2005,2,2.810721786889796,0,0,0
80.44,11,2043,1,8.693680121642455,0,0,0
78.15,4,2713,4,11.833402688748912,0,0,0
32.2,16,1926,4,0.1531699109068878,0,0,0
160.38,11,1302,1,8.092413711480262,0,0,0
34.53,16,1149,2,4.486806647564558,0,0,0
116.48,11,589,6,13.407310162460265,0,0,0
61.57,11,264,4,1.4873395573427781,0,0,0
562.02,2,253,12,450.7784861918341,1,1,1
67.66,11,1690,1,3.471067767486982,0,0,0
59.39,11,1199,3,0.29085147451519866,0,0,0
77.95,9,1554,6,11.625136438367518,1,1,0
189.03,14,245,0,6.4344900723628395,0,0,0
42.03,15,2431,6,12.837497608193345,0,1,0
25.13,10,334,2,0.1901505149181606,0,0,0
36.37,11,1770,1,1.5037706110875257,0,0,0
90.08,19,775,3,1.260898632591339,0,1,0
10.66,18,2533,4,3.6203843560597324,0,0,0
159.79,14,2563,2,5.5300097610030345,0,0,0
29.33,15,1522,4,0.9192938191513607,0,0,0
115.71,8,1527,2,0.4085746333068423,0,0,0
81.89,12,1037,4,6.254280835074994,0,0,0
23.84,11,2554,4,9.791870756892937,0,1,0
50.46,12,1932,4,6.009281334198356,0,0,0
234.14,7,2946,3,20.044484041633915,0,0,0
100.73,13,890,4,4.365321006560249,0,1,0
36.79,15,2740,2,24.73239732401158,0,0,0
23.41,12,2981,3,14.069033491897482,0,1,0
28.54,15,987,3,0.951119589307539,0,1,0
62.1,19,1070,3,6.354510555817715,0,0,0
154.55,9,1594,4,4.178332169883048,0,0,0
101.25,19,1278,4,1.2204026497926295,0,0,0
28.11,19,565,1,3.584835116501205,0,1,0
238.82,1,338,7,873.4036111368314,1,1,1
181.0,16,1783,2,7.2383443210446945,0,1,0
32.89,4,1057,1,3.778913850425761,0,1,0
217.74,19,2707,5,11.331203034921199,0,1,0
20.41,13,552,3,6.859067609314675,0,0,0
9.43,17,1181,1,14.550121839482122,0,0,0
157.48,17,967,3,6.094378200079126,0,1,0
140.85,13,1694,1,2.942700120096357,0,1,0
125.18,15,2013,2,2.210589604296077,0,1,0
134.22,17,1311,3,1.2897802624058055,0,0,0
29.87,8,1270,2,7.2009734492200765,0,1,0
199.45,11,2740,2,5.2072834274284405,0,1,0
48.43,10,2451,4,1.598780187497976,0,1,0
23.33,14,2286,3,4.430151313402805,0,0,0
111.05,19,2868,10,9.750802903609674,0,0,0
328.76,3,222,17,915.3895097660716,1,1,1
195.26,17,2043,1,1.662205123301658,0,0,0
50.0,14,359,2,10.882025225146624,0,1,0
27.94,7,2488,1,5.227050090528671,0,1,0
41.31,16,2359,3,1.83286101501207,0,1,0
29.75,9,2666,5,5.932157747748658,0,0,0
112.69,9,2869,4,7.48698772608779,0,1,0
76.0,18,2554,4,14.357719585436762,0,0,0
176.76,14,562,2,7.582975121832995,0,0,0
49.45,12,2647,1,23.52287217435259,0,1,0
54.53,20,776,3,14.633366790812211,0,1,0
23.69,17,2881,2,4.708906739141528,0,1,0
104.25,8,1576,3,17.65815902700901,0,0,0
50.64,8,1314,2,6.323513904066125,0,0,0
95.69,17,2337,1,2.2908161651438554,0,0,0
24.67,7,2419,2,12.70258456258235,0,1,0
171.3,14,974,1,0.3495830753583249,0,1,0
40.0,14,637,3,2.452378340153458,0,1,0
174.9,16,2920,0,8.827190124534608,0,1,0
10.26,15,1646,3,8.234509838255855,0,0,0
17.21,11,1312,2,11.372706179895967,0,1,0
34.53,23,2164,2,4.5228569105785805,0,1,0
48.97,14,816,3,9.779457151241974,0,0,0
118.12,19,1874,2,3.877961094489611,0,1,0
46.34,10,1914,5,8.693789388678455,0,1,0
45.33,20,1181,2,29.274954087825616,0,1,0
80.08,15,1550,4,2.883595164400589,0,0,0
31.38,10,645,3,5.072328017967775,0,1,0
130.38,17,277,2,2.0369501224484563,0,0,0
33.6,14,389,3,8.413737165221459,0,0,0
168.24,18,1189,1,6.443733522503289,0,1,0
38.86,9,1701,4,5.316906290134236,0,0,0
67.7,13,2882,4,7.147195310703178,0,0,0
315.04,16,692,5,2.5474650807019557,0,0,0
20.36,8,2990,3,1.4120824736540087,0,0,0
47.99,17,1930,4,14.73438186451116,0,0,0
45.92,14,203,2,13.175045428887737,0,0,0
25.77,14,2251,4,0.751401977808964,0,0,0
42.08,15,883,4,6.934694308096354,0,0,0
74.1,17,142,1,18.085134542982544,0,1,0
121.06,7,1958,3,4.564936129759516,0,0,0
467.42,0,151,8,239.0836072413951,1,0,1
226.93,19,41,4,6.7345981855272665,0,1,0
55.87,17,458,2,1.5165467373060855,0,1,0
159.95,6,1252,5,12.708884755028775,0,1,0
35.09,12,175,4,2.1806009081258804,0,1,0
108.76,8,994,3,7.074038732764869,0,0,0
202.8,9,1616,3,6.124901741245361,0,1,0
36.28,7,807,1,1.257389255234541,0,0,0
34.54,22,312,5,16.318626867818367,0,0,0
152.4,10,1796,7,13.999370053428654,0,1,0
105.14,17,1491,3,3.1404745775254757,0,0,0
33.42,12,1236,4,3.20658303854699,0,0,0
73.42,12,2224,0,2.9157441893748466,0,1,0
38.9,9,2195,2,10.844526440830169,0,0,0
169.77,18,848,1,8.299758700830035,0,0,0
178.83,15,1455,8,8.351915570862202,0,0,0
75.31,9,176,1,5.802501873830209,0,0,0
78.17,13,2160,3,16.32842109031243,0,1,0
47.81,6,2609,0,8.198813981499674,1,0,0
95.4,17,1383,3,9.306496113527105,0,0,0
123.21,3,1827,2,6.425220603670429,0,0,0
108.32,11,1025,0,7.746261975307217,0,0,0
30.74,13,1452,4,0.833758897310461,0,0,0
36.03,9,921,3,10.655026744204566,0,0,0
79.3,13,1687,2,0.17065766205157828,0,1,0
46.44,13,956,5,11.626450883695973,0,0,0
120.09,18,427,2,0.7851602309585015,0,1,0
47.08,19,2373,5,20.83283475922508,0,1,0
74.28,15,1505,6,14.923862660634118,0,1,0
93.55,18,1615,2,5.242738918363903,0,0,0
71.85,14,1180,1,17.745871941962395,0,0,0
38.62,10,1452,1,5.742413391257644,0,0,0
91.28,16,1129,3,13.887837184405429,0,1,0
185.7,17,168,2,9.39833996265063,0,0,0
41.14,15,199,3,1.5266049329836848,0,0,0
55.87,10,928,1,2.601894536114786,0,1,0
21.73,16,499,4,4.3344276403830495,0,1,0
70.12,16,1087,3,21.600832504907046,0,0,0
66.42,8,2043,3,3.4430799286745657,0,1,0
47.36,13,2313,5,10.728216811268835,0,0,0
193.63,13,155,1,10.766937704163393,0,1,0
53.51,6,1883,1,4.889883092688949,0,1,0
34.13,15,2546,2,5.909395169253799,0,1,0
130.3,20,2163,2,5.654712665375808,0,0,0
93.23,6,776,4,7.3385391655498715,0,1,0
1.97,18,2808,2,10.207343423992839,0,1,0
118.65,7,2710,4,0.676175722817761,0,1,0
52.76,7,2045,1,1.3490171275605567,0,0,0
2.06,14,95,1,4.798171194964169,0,0,0
140.44,13,2535,3,4.28856399169009,0,0,0
48.16,16,76,4,0.6451733767658352,0,0,0
92.89,11,1670,4,5.793434556519753,0,0,0
26.65,8,1088,3,5.91117175793449,0,0,0
176.06,12,721,2,15.500545356633916,0,0,0
40.08,14,2492,3,5.744921071686623,0,0,0
18.72,10,2382,3,7.0851666040595624,0,0,0
97.87,12,1776,2,4.7825367885074,0,0,0
115.39,20,2825,2,0.44519183377821214,0,0,0
179.42,14,2021,3,15.084874828141599,0,1,0
47.96,15,1153,5,6.8027071400773895,0,1,0
221.99,15,2064,3,1.6789956801474308,0,0,0
29.41,12,1378,1,11.974129828801752,0,1,0
55.74,14,1816,1,4.439210304016158,1,1,0
47.45,15,2157,2,17.864129545054407,0,1,0
88.71,15,684,3,7.390426814121751,0,1,0
160.48,3,112,3,0.7589799912194382,0,0,0
42.35,14,1429,7,6.6546195241370505,0,0,0
67.92,14,214,5,19.75553456582943,0,1,0
36.66,13,292,2,15.792913515875954,0,1,0
30.66,19,2434,5,10.746128538034151,0,0,0
122.0,18,1581,3,4.164926990089981,0,1,0
129.45,11,177,2,3.7078574005208775,0,0,0
84.8,8,1255,3,2.3882507388183285,0,0,0
9.12,11,1653,1,5.6570137374114555,0,0,0
88.33,14,494,5,6.036286771207282,0,1,0
89.9,15,1790,3,21.328907950536795,0,0,0
109.34,9,2574,2,0.3753452056051563,0,0,0
181.29,19,1912,2,0.43222125837542524,0,1,0
95.94,11,327,3,19.2088347728073,0,0,0
73.37,14,1489,1,3.1701061475124135,0,0,0
39.93,20,2571,3,0.5620419788079785,0,1,0
94.62,15,1934,5,6.83053092117116,0,0,0
19.42,15,897,6,2.1812223654102585,1,1,0
175.14,11,475,1,8.454317393595455,0,0,0
16.76,8,1624,0,3.703227597189457,0,0,0
46.28,14,1373,6,18.510612839745093,0,0,0
82.1,3,1744,2,3.385727925430517,0,1,0
25.62,14,642,4,6.745692208143627,0,0,0
14.17,13,2657,2,6.206307791884895,0,0,0
136.34,13,314,2,16.752902277455906,0,1,0
119.42,8,2459,4,3.623373995265359,0,1,0
23.8,17,1062,2,10.622447711927702,0,0,0
79.02,17,1325,1,5.005243015283524,0,0,0
11.8,11,1325,2,6.127876131558352,0,0,0
83.87,5,1875,6,1.8460304602300828,0,0,0
100.38,19,2564,2,1.9914876792676002,0,0,0
76.06,14,1793,3,0.8538972498445636,1,1,0
69.35,11,785,2,1.1371821863708433,0,0,0
86.72,15,2703,4,0.12036906694061678,0,0,0
25.61,12,968,3,1.7983676879370458,0,0,0
25.79,12,1881,2,2.2454522070800227,0,0,0
43.24,14,743,1,15.794541255366012,0,1,0
123.16,19,2949,1,11.554861487745969,0,1,0
92.47,9,2942,4,7.711391462149901,0,0,0
82.05,15,2109,2,5.473037191592756,0,0,0
87.07,16,2406,4,6.419810392165102,0,1,0
20.19,19,1573,5,1.8741782206436026,1,0,0
102.32,12,860,5,9.021161386371832,0,1,0
115.66,4,125,9,1.5838206700594886,0,1,0
38.18,6,2962,3,2.2030070948676888,0,0,0
51.92,19,2953,2,0.02129958616678529,0,1,0
22.5,13,2907,4,1.220364590816327,0,1,0
123.35,16,2697,2,12.237831411072758,0,0,0
136.97,10,2292,3,11.521606320176447,0,1,0
167.2,8,2787,4,1.4537821274503226,0,1,0
190.07,14,1513,5,13.138087199201978,0,0,0
308.87,12,2974,4,12.217087470369897,0,1,0
142.06,8,1630,1,2.001587986651768,0,0,0
287.2,6,2484,1,19.415840958029584,0,0,0
81.49,14,1439,2,19.3001248327665,0,0,0
73.89,9,2261,2,1.422584206169216,0,1,0
22.06,15,2190,3,33.15799159628311,0,1,0
40.34,16,810,1,2.1985177278102457,0,0,0
21.09,18,1786,1,6.6219745533731516,0,0,0
62.92,13,1176,4,7.029805201839117,0,0,0
20.16,11,2408,2,19.229129979961137,0,1,0
167.43,11,1277,3,7.744393881553639,0,0,0
141.12,7,2773,3,10.511577022160925,0,1,0
100.88,17,1567,4,14.231179481954936,0,1,0
83.93,8,1728,1,6.491620043398917,0,0,0
43.67,22,1211,3,5.142019957328987,0,0,0
27.01,21,1680,4,12.459261152637174,0,1,0
80.05,21,2922,4,1.29644675874151,0,1,0
115.1,16,775,2,15.498886730139194,0,1,0
67.46,11,1956,2,11.450976649763955,0,0,0
50.26,18,659,5,0.3696487886800437,0,1,0
33.09,13,853,5,2.3104631949111267,0,0,0
116.85,9,959,4,2.249991494837725,0,0,0
144.85,19,125,5,8.675367209974041,0,0,0
47.76,20,2121,4,11.946991380617952,0,0,0
223.56,13,775,4,7.694150610545543,0,0,0
256.52,9,2362,4,4.8496101522989195,0,1,0
28.6,10,1903,2,9.090654186094934,0,0,0
95.91,20,797,2,7.0580176791595886,0,1,0
49.09,13,123,0,6.381021221769094,0,0,0
24.18,16,2165,4,7.960783526707532,0,0,0
42.04,13,952,3,11.864029104931666,0,1,0
196.98,15,542,2,10.05200295150451,0,0,0
36.12,4,174,4,12.441338078770137,0,1,0
56.24,18,450,3,2.3461180526560685,0,0,0
21.75,23,2557,1,11.205734205535181,0,0,0
62.32,17,1953,2,16.446429463120634,0,1,0
53.5,17,286,4,23.999360318614062,1,1,0
100.51,12,1855,3,1.6499346511136501,0,1,0
50.02,6,2246,5,1.5793748567646229,0,0,0
59.45,19,189,2,12.949404580330196,0,0,0
127.68,18,513,5,6.941592784434178,0,1,0
28.36,17,2703,6,13.247121632237075,0,1,0
429.25,5,76,9,40.72654898339749,0,1,1
68.8,6,1429,1,9.345585924395412,0,0,0
305.66,1,3,11,127.05089983954247,1,0,1
80.4,12,1103,4,1.0800525797903813,0,0,0
108.75,9,270,4,8.642873661748814,1,1,0
22.05,14,2494,3,9.004206448834577,0,0,0
63.02,13,2545,2,14.287593116243443,0,0,0
58.72,14,318,1,3.252501253976497,0,0,0
159.31,16,2671,5,9.64289679256119,0,0,0
83.03,8,2198,2,1.572413886162634,0,0,0
54.71,16,52,5,8.091403317568146,0,1,0
28.2,8,554,2,9.05296043545896,0,0,0
164.81,17,1900,1,5.08900155760316,0,0,0
153.09,10,2259,3,2.1375748547001345,0,0,0
42.32,14,146,5,2.92064823933645,0,0,0
69.86,11,2553,5,13.598525389693826,0,1,0
92.43,17,2087,3,12.303708131858428,0,0,0
86.49,7,1434,4,10.192646661415768,0,0,0
51.79,18,1935,3,0.8992580296926302,0,1,0
56.73,15,548,2,1.814329978626839,0,0,0
85.99,21,867,3,21.165238102886583,0,1,0
45.73,12,1386,2,5.25956995878729,0,0,0
7.23,16,1679,4,16.44794720922094,0,0,0
71.88,16,2414,2,10.196497865826307,0,0,0
192.97,12,937,2,2.9086126496875675,0,1,0
48.33,15,1971,2,7.89988727977881,0,0,0
153.88,23,2112,0,5.844682832781238,0,0,0
161.48,9,2351,3,4.552498210390901,0,1,0
111.39,15,2047,1,12.257695818185402,0,0,0
34.41,14,2648,4,9.020632463770832,0,0,0
52.22,16,896,4,12.56496319761402,0,0,0
74.1,10,1116,4,18.74361845314321,0,0,0
27.01,17,1501,3,16.177389432265933,0,0,0
114.67,17,2236,3,1.7573743055535354,0,1,0
67.75,13,1362,3,4.034558398929039,0,0,0
27.48,9,1491,2,1.5558388733678634,0,0,0
146.32,12,1926,1,4.563025043838612,0,0,0
54.79,16,604,3,0.4928313883988631,1,1,0
80.51,13,2588,3,5.96646467876374,0,0,0
67.46,11,1082,2,13.740160051753795,0,1,0
178.45,23,2503,2,6.2582683560191334,0,1,0
89.03,13,2781,7,2.204776970963921,0,0,0
69.37,6,189,2,21.759418846720823,0,1,0
64.03,13,2101,1,0.3507561790253497,0,1,0
17.23,14,2331,3,0.7258428823593484,0,0,0
196.14,13,1831,5,9.47910047739553,0,0,0
127.12,23,133,6,3.330917909482002,0,0,0
58.61,9,2481,2,9.22437618878116,0,0,0
43.65,12,210,1,0.09152774475214187,0,0,0
151.67,13,1359,3,2.2041737544324156,0,0,0
50.4,12,617,2,4.431967479051794,0,0,0
55.82,13,2470,6,3.009484188037171,0,1,0
57.72,13,1239,2,3.9729350990852694,0,0,0
111.16,9,1321,2,17.83160059431811,0,0,0
157.98,19,299,3,6.27169898949326,0,1,0
33.3,8,2274,6,3.981689189397555,0,0,0
76.98,15,2289,4,11.781930308828123,0,0,0
90.47,11,1621,1,8.932225261529744,0,1,0
43.76,14,1778,0,1.6200314252775687,0,1,0
52.76,9,1319,4,2.684910512419643,0,0,0
64.22,18,431,2,2.3055114757119224,0,0,0
22.14,13,1431,3,13.67823998277496,0,0,0
80.03,13,2574,0,12.050940828255818,0,1,0
137.13,11,2677,3,1.0582833806507388,0,0,0
99.5,17,2245,3,14.498381265786593,0,1,0
49.18,13,2805,2,9.133627378071616,0,1,0
6.92,15,1319,5,9.192493042115505,0,0,0
27.88,17,1837,2,18.604142717675863,0,1,0
31.36,13,1567,2,17.993127244995215,0,0,0
55.18,16,162,3,10.030405039936298,0,0,0
93.38,16,741,3,6.600371056485113,1,0,0
96.51,17,1743,2,10.446662767345838,0,1,0
151.66,17,1021,2,2.682097912962835,0,1,0
86.86,11,2070,1,6.554572017220995,0,1,0
129.48,20,1843,7,1.7856033820230826,0,1,0
69.86,18,1437,5,12.293166537792118,0,0,0
47.4,11,1980,2,9.55081629204021,0,0,0
12.26,17,342,2,9.131390690096822,0,1,0
37.29,23,1967,3,3.8545270042474957,0,1,0
116.58,15,2794,3,4.1736517312815575,0,0,0
59.88,10,1132,3,13.26574502291176,0,0,0
103.28,15,1251,8,3.5746051757221746,0,1,0
245.27,18,2010,2,13.091568942752714,0,0,0
116.34,12,2155,6,7.270499790835164,0,0,0
119.3,23,1754,4,14.921471077520362,0,0,0
98.61,18,2250,3,15.856254213391594,0,0,0
124.49,15,2751,3,10.870944562044066,0,1,0
126.99,21,2309,5,0.6654318858275206,0,1,0
111.72,14,1877,5,2.134504915236609,0,0,0
78.82,3,2207,1,18.804712961227274,0,0,0
10.17,14,888,2,2.52426953229984,0,0,0
155.89,17,1177,2,7.868689524258958,0,1,0
59.15,11,314,5,3.049715366030592,0,1,0
79.76,19,564,5,12.639418729419651,0,0,0
267.66,13,2967,2,6.159677570298667,0,1,0
40.37,8,1369,0,2.3544440392179045,0,0,0
28.29,10,2522,1,0.1917568390798685,0,1,0
7.42,16,714,3,2.8294306256185093,0,1,0
51.52,12,734,4,5.717232698610207,0,0,0
67.59,12,1655,3,8.923092662119778,0,0,0
149.11,15,518,7,1.6529631608694881,0,0,0
37.87,14,804,3,7.814603587849902,0,0,0
144.4,18,2111,5,8.657847992045761,0,0,0
28.46,13,786,6,2.29037268523867,1,0,0
125.81,11,2650,2,11.245610910669882,0,0,0
128.79,21,2274,0,6.6432048096326755,0,0,0
42.96,15,2025,5,2.127063524805251,0,1,0
92.31,15,106,2,15.32235285876573,0,0,0
27.62,20,517,2,13.301133464263344,0,1,0
95.15,16,2191,2,10.486493405785351,0,1,0
64.12,15,2395,0,9.09083397472094,0,1,0
52.02,16,2317,3,20.857506299992302,0,1,0
82.23,18,2985,2,4.745899330155838,0,1,0
83.57,16,606,2,5.667993460231255,0,1,0
76.85,5,2671,4,9.940615207664093,0,1,0
82.26,10,204,1,3.65970664711603,0,0,0
133.37,19,1503,2,3.133447661265568,0,1,0
53.78,9,296,10,9.927136343493022,0,1,0
94.38,14,2124,3,12.271525995447309,0,1,0
221.26,15,1483,2,9.311154512190022,0,1,0
24.34,10,2728,4,6.530524500020606,0,1,0
50.81,21,1022,4,17.1749643379712,0,0,0
131.48,20,509,3,15.741104002956451,0,0,0
158.47,18,459,1,0.3147397618806105,0,1,0
182.76,13,2998,2,0.10029989103229475,0,0,0
204.37,11,2536,4,4.821740014972594,0,1,0
85.19,9,1101,2,17.382702320589587,0,0,0
3.55,15,131,6,4.739765511485151,0,0,0
126.8,21,1131,2,6.57145054772907,0,0,0
55.46,10,2554,1,10.838863828197333,0,0,0
48.07,10,2461,3,18.63290832822844,0,0,0
83.02,19,1940,3,3.6084160900265037,0,1,0
57.87,8,156,4,8.994542966429059,0,1,0
79.93,9,398,4,3.620495478793688,1,0,0
79.07,13,1611,1,9.251635776881354,0,0,0
89.01,11,393,0,12.324239422502185,0,1,0
7.21,10,148,6,20.107082513032854,0,1,0
16.2,9,1237,6,1.3704181192385416,0,1,0
78.96,18,1419,4,1.012021937415783,0,0,0
66.85,15,972,2,7.269299378714261,0,1,0
80.06,17,111,3,11.088784135011096,0,0,0
80.07,21,2353,2,10.556732723365887,0,0,0
103.11,10,2521,2,1.4078464851095034,0,0,0
34.37,18,705,3,2.351626659397623,0,0,0
55.69,14,2867,5,0.49869280056556153,0,1,0
94.33,4,2528,2,14.641935572418491,0,0,0
136.68,12,2739,2,3.3785676672439724,0,0,0
62.04,13,501,1,6.312119031044188,0,0,0
95.34,13,395,5,1.2518618091612224,0,0,0
152.42,10,2428,1,1.8437052756907004,0,1,0
70.71,9,837,2,0.257865793796781,0,1,0
60.74,21,1430,0,9.138041988931711,0,0,0
105.6,10,1831,3,15.858850841196748,0,0,0
29.66,12,668,4,17.608885676940666,0,1,0
26.22,15,427,2,5.724015961209506,0,0,0
82.27,15,1493,5,5.782897348042298,0,0,0
66.77,11,134,0,3.6218888298248384,0,1,0
196.07,9,638,3,13.25050068755408,0,1,0
33.88,16,2129,3,4.40060694073216,0,0,0
60.79,12,1862,2,12.934329186383394,0,1,0
23.55,13,340,1,1.7799479275123513,0,0,0
21.99,16,897,3,3.013717339583625,0,1,0
92.42,11,340,5,17.333615047629525,0,0,0
96.17,16,1596,4,19.384740899438306,0,0,0
94.53,10,44,2,9.226995730708651,0,0,0
23.06,21,2123,3,0.40652708495832623,0,0,0
84.57,12,1932,4,8.769591202998354,0,1,0
9.48,17,1423,4,11.072528369650826,0,1,0
296.81,13,651,3,5.663083961442546,0,0,0
21.88,16,107,2,2.07630238295524,0,1,0
127.83,19,1686,6,4.681506704615726,0,0,0
108.53,15,1816,3,3.677237522529421,0,1,0
74.25,7,2482,4,7.653536476946607,0,0,0
7.9,13,788,2,6.839019929498184,0,0,0
32.09,12,2059,1,9.134240366336108,0,1,0
14.44,13,1172,4,13.055445408634784,0,1,0
62.56,16,1741,1,8.023085041838085,0,0,0
26.95,13,1694,2,3.0468957673199544,0,1,0
6.54,12,2984,4,2.6163536434065033,0,1,0
145.1,11,2212,5,15.80611676272846,0,0,0
35.78,12,2371,2,1.4068002840663927,0,0,0
32.73,9,901,1,14.588396221502144,1,1,0
28.86,11,691,3,15.354447156158711,0,1,0
37.1,19,2715,5,5.700011254702186,0,0,0
165.0,17,184,2,3.378306199960601,0,1,0
158.85,14,881,3,2.7525682326501943,0,1,0
208.37,12,446,2,3.5235142177709555,0,0,0
127.58,14,2587,1,4.287115831630283,0,0,0
147.95,5,1405,3,11.051233070587934,0,0,0
119.96,18,143,3,1.9992510745587442,1,1,0
121.68,7,2929,1,12.37691458419496,0,0,0
28.45,17,2969,2,0.2128373609187868,0,1,0
49.76,13,2233,3,3.438212069271928,0,1,0
124.88,11,2062,3,1.7623796406990904,0,1,0
65.63,17,2040,2,8.30747322059071,0,0,0
11.04,14,2690,5,8.808868870730095,0,0,0
59.3,12,2508,2,0.07375146364709995,0,0,0
49.67,12,32,3,21.207256842626602,0,0,0
93.83,13,996,3,7.086187028767521,0,1,0
15.63,16,2501,4,4.75468586097035,0,0,0
132.0,11,1009,3,13.468523240638222,0,0,0
133.06,12,842,3,24.347895115302734,0,1,0
219.83,14,2976,3,5.870124758570101,0,0,0
46.34,18,1327,1,4.488164906108837,0,0,0
21.67,18,155,3,1.1075763790591804,0,0,0
74.57,23,640,3,7.615300187564722,0,0,0
55.23,13,622,3,4.691890703476104,0,0,0
77.97,11,1269,2,6.563815599173562,0,1,0
69.14,13,2562,3,8.360530400324615,0,0,0
69.65,12,624,5,18.085192205439824,0,0,0
21.61,15,2483,4,2.2232258326324708,0,0,0
248.01,1,317,14,811.92926190443,0,1,1
85.52,22,2452,4,4.40967915324633,0,0,0
71.63,16,1451,4,18.262038639250328,0,0,0
25.21,12,103,3,8.633313294548122,0,1,0
67.56,10,77,3,15.329461495734455,0,0,0
203.99,14,2329,3,7.085736365907113,0,0,0
100.69,4,184,8,64.35946596981034,1,1,1
209.99,17,2582,6,6.889591130796657,0,0,0
48.72,9,929,3,10.741075305947174,0,0,0
54.79,20,740,1,1.2084235281583622,0,0,0
118.41,10,1871,2,0.7462654550718533,0,0,0
145.13,14,980,3,5.322191733226414,0,0,0
65.83,17,862,4,24.497897442121893,0,1,0
107.82,11,2349,3,1.8951076192171072,0,1,0
68.32,17,2373,1,0.22260404698577574,0,0,0
133.37,16,1393,3,8.899257978120568,0,1,0
18.67,15,2678,0,3.574513499922445,0,1,0
81.53,14,2620,3,0.6246516940180156,1,0,0
116.55,12,1291,4,4.292476835815907,0,0,0
38.45,11,102,5,6.9055124410286925,0,0,0
36.63,20,1442,5,14.243893784601978,0,0,0
33.49,12,279,3,15.659527716069473,0,0,0
39.46,19,1182,2,4.805816769231232,0,0,0
9.47,13,1858,3,6.152444168323593,0,0,0
297.79,13,2237,2,16.076916972424897,0,1,0
24.52,18,1996,4,14.495314556973142,0,1,0
90.1,11,2170,3,16.473933966703747,0,1,0
117.26,15,676,4,4.363918404636328,0,0,0
62.99,15,1113,4,1.9964362360135492,0,1,0
22.44,17,346,4,8.280451120408719,0,0,0
45.45,8,854,1,11.166806184077384,0,0,0
146.53,9,2577,1,2.4533144544124568,0,0,0
496.74,13,2155,2,7.572911433253621,0,1,0
62.3,10,1535,3,6.557170588774451,0,0,0
54.13,15,1814,1,12.531077898423991,0,0,0
59.93,20,2710,2,19.16709963400382,0,0,0
9.19,11,2910,9,10.418282170067888,0,1,0
47.5,15,1785,5,5.039582159518718,0,0,0
59.54,9,2507,2,16.347187238718377,0,0,0
224.8,2,69,5,593.4612297348853,1,0,1
128.3,13,1750,5,10.314320644228232,0,0,0
291.66,3,10,10,54.786434118528746,1,1,1
121.07,13,1343,1,7.212893165834293,0,1,0
75.86,8,1027,0,14.383345492793788,0,0,0
134.17,16,2986,3,10.411816920178826,0,1,0
181.84,12,1153,2,10.5611634309182,0,1,0
138.68,17,1998,1,9.930947531948682,0,1,0
27.88,12,1678,4,23.585991285598144,0,0,0
67.83,12,1318,1,12.136179193728736,0,1,0
29.19,14,708,3,3.5238578407230214,0,0,0
158.42,20,1062,5,19.49410217512647,0,0,0
77.58,7,1674,2,2.0333948943177798,1,0,0
121.34,15,520,4,7.667472397990365,0,0,0
183.63,6,1248,6,1.329524597538871,0,1,0
42.91,6,1198,5,13.13348640919352,0,1,0
95.11,11,2622,2,11.500645340403125,0,0,0
71.09,10,235,3,9.669918258243532,0,0,0
133.24,13,742,6,23.325882852328277,0,1,0
69.05,16,2149,1,17.15407178064952,0,0,0
20.82,18,182,1,11.442594915791819,0,0,0
16.16,14,2021,1,9.880633331460006,0,0,0
46.01,13,2550,4,4.40446452745886,0,1,0
102.06,13,1428,4,14.78468791880532,0,0,0
23.3,12,2989,5,1.597090682257349,0,0,0
42.63,15,1565,4,0.28572844843322454,0,1,0
200.77,19,2267,3,5.731189840457475,0,1,0
55.46,17,2957,2,17.936805084333237,0,1,0
153.81,16,1167,6,5.03015576650439,0,0,0
138.75,17,2733,5,10.652919236778041,0,0,0
20.64,12,422,5,9.718899121056056,0,1,0
114.59,12,209,2,5.669410605192825,0,0,0
17.25,19,2945,1,11.59122325560209,1,0,0
72.89,17,1578,5,8.715521694110429,0,0,0
79.09,16,773,2,2.260920352872505,0,1,0
93.35,14,492,1,1.0119888032215814,0,1,0
168.61,13,2611,5,0.33559170712454556,0,1,0
31.17,16,1296,4,3.722214597498262,0,0,0
112.54,16,2498,1,1.6093628870098664,0,1,0
233.48,15,1960,3,14.731393752739448,0,0,0
128.98,18,2550,4,0.5608947843555656,0,1,0
258.42,16,955,1,6.816592056943213,1,0,0
26.51,17,1510,1,2.618211513922904,0,0,0
95.74,6,570,1,4.292828106654218,0,1,0
104.3,16,1359,2,2.507307244819646,0,0,0
43.74,14,2939,7,9.261003163133298,0,1,0
19.98,20,247,2,9.162728477880659,1,0,0
39.23,14,1054,3,8.969833998530785,0,0,0
236.77,13,657,2,2.8885715639301486,0,1,0
136.76,15,609,2,5.691529914157245,0,1,0
41.46,14,1521,4,9.39275839062541,0,0,0
141.04,13,388,4,21.927505478102372,0,1,0
48.72,17,131,1,2.284168599785925,0,1,0
93.64,16,1826,4,22.23598246554355,0,0,0
64.71,12,1650,5,0.5856960136183629,0,1,0
96.97,12,1264,1,16.359233745298734,0,0,0
18.85,17,2096,2,6.625161666811079,0,0,0
25.8,14,2790,7,11.44697495727917,0,0,0
109.18,10,1654,4,26.59254928802082,0,1,0
55.21,12,2576,3,6.755623836026462,0,1,0
77.69,14,1308,4,7.801860418035712,0,1,0
141.2,11,2172,3,13.3137886348362,0,0,0
89.2,11,1789,0,2.315053453842343,0,1,0
42.21,8,1430,5,8.238351581625206,0,0,0
77.64,12,243,5,13.527252390176209,0,1,0
80.79,14,1815,3,0.5902654888551453,0,0,0
72.13,11,656,2,0.3948955055834764,0,1,0
98.56,11,2187,1,26.343770122989785,0,0,0
39.03,10,942,1,19.705903258543362,0,0,0
101.47,22,2061,3,19.210312415541345,0,0,0
47.68,16,126,4,1.6400505330495783,1,0,0
57.11,13,250,3,12.47909206702913,0,1,0
68.89,10,1523,1,4.40025908330753,0,0,0
19.79,12,1903,4,7.088450637747585,0,0,0
21.65,16,491,0,3.6511756064881338,0,0,0
32.52,19,852,5,2.8114179249935347,0,0,0
22.07,12,1458,2,12.84149619777903,0,1,0
46.52,13,2531,1,5.6377213797823815,0,0,0
60.38,14,2876,5,4.244388181528564,0,0,0
46.85,13,1981,3,1.8607520923638035,0,1,0
50.48,9,1406,2,5.321297223620904,0,0,0
36.63,8,274,2,6.006574182109867,0,1,0
98.09,20,896,1,2.695135477757157,1,1,0
37.78,9,2383,5,9.659406223034996,0,0,0
10.26,11,1710,1,14.157600070502319,0,0,0
183.4,15,2772,1,2.2948228239887953,0,0,0
18.4,11,1862,0,3.148164293202835,0,0,0
137.33,14,1757,0,15.151880521438306,0,0,0
20.06,17,1298,1,4.555685741822261,0,1,0
21.56,20,1503,2,4.022454324531359,0,0,0
70.88,15,1263,3,5.965405114122543,0,0,0
48.11,14,2942,2,8.756652572270184,0,0,0
43.36,11,1626,8,4.2381789975737645,0,1,0
52.3,17,1174,4,0.41071804886779173,0,0,0
165.16,17,1395,3,3.5102822123100097,0,0,0
46.66,15,659,5,12.626130191069006,0,1,0
33.6,17,2420,2,1.341929847807899,0,1,0
147.44,12,1917,4,6.469126332198249,0,0,0
7.95,14,2177,3,4.41296979578004,0,0,0
19.11,10,1972,2,1.4945544894922795,0,0,0
208.34,8,1649,1,3.1031898875143913,0,0,0
218.18,12,2512,2,0.4214803541009511,0,0,0
69.22,15,451,0,2.710832042674725,1,1,0
71.43,16,321,3,15.780398892254997,0,0,0
101.85,23,1451,0,1.9441617984637158,0,0,0
31.17,7,1290,5,0.8156474096089585,0,1,0
127.08,21,2734,5,12.928379571697752,1,0,0
79.86,11,2026,3,4.69673123978548,0,0,0
85.33,11,2709,1,2.0786760158480586,0,1,0
43.17,14,576,2,4.802358778038964,0,1,0
212.22,3,858,3,4.874161931550464,0,0,0
164.36,15,2001,3,0.5085692605728438,0,0,0
43.25,9,2262,2,4.881233647789912,0,0,0
50.24,15,718,3,14.68785734049821,0,0,0
93.5,16,868,4,9.050504897482377,0,0,0
194.67,19,2033,1,16.400889310548386,0,1,0
114.41,15,180,4,1.1939666246058156,0,0,0
60.14,17,2743,4,0.4252062815667035,0,1,0
112.7,2,1899,2,5.999467911639237,0,1,0
52.32,14,1995,1,3.373042179182999,0,0,0
97.19,13,2766,3,15.530151367087441,0,1,0
6.14,15,1470,2,3.8991264851465584,0,0,0
51.38,17,2099,2,0.7204530370298361,0,0,0
17.74,9,138,6,5.699967373159943,0,1,0
169.42,15,2779,5,0.24162649660783053,0,0,0
101.62,14,1567,5,11.253938044741904,0,0,0
119.84,16,2753,4,3.636238450341094,0,1,0
50.06,17,2533,1,5.011568512034091,0,0,0
132.79,22,1685,1,12.224029536450733,0,1,0
49.34,19,267,5,1.2447821717150003,0,0,0
30.32,15,448,2,7.496073738526663,0,0,0
95.35,20,1289,4,1.0175267161331893,0,0,0
3.12,12,1852,1,8.923865491436514,0,1,0
45.64,20,167,3,12.851737080000653,0,1,0
21.61,12,475,2,17.916041243040468,0,1,0
39.75,9,1029,2,15.992879039481888,0,0,0
101.74,18,779,1,0.06543631825404006,0,0,0
36.9,17,370,7,15.257340912140359,0,0,0
37.02,5,497,4,4.403165828203123,0,0,0
91.22,21,912,0,6.005861217829997,0,0,0
62.74,9,1287,6,14.456988702046782,0,0,0
18.63,13,326,5,1.7319034900732837,0,1,0
41.81,10,2014,2,3.01618925016813,0,1,0
72.76,10,612,3,2.829670308710593,0,1,0
51.12,15,136,5,2.9623357499945584,0,0,0
36.53,21,1288,2,15.503023842531157,0,0,0
101.51,9,640,6,9.504331433716942,1,1,0
251.54,14,2735,2,2.9938419454245464,0,0,0
124.87,13,2514,4,2.453088481924767,0,0,0
232.43,12,1661,2,4.655691070367158,0,0,0
67.58,8,205,4,4.901656033412042,0,0,0
54.29,18,705,4,5.6665287547719805,0,0,0
42.91,16,91,4,12.200463572587463,0,0,0
66.54,8,990,7,0.39754849193247654,0,0,0
48.79,12,2060,3,7.566432183114333,0,1,0
250.88,12,686,3,2.30183932178351,0,0,0
20.75,15,1042,3,15.698482936683074,0,0,0
233.41,13,1030,7,11.585257784833626,0,0,0
122.03,15,101,5,11.162188943461137,0,0,0
113.14,11,1926,3,1.384925175789924,0,1,0
22.31,12,1773,3,8.603132683784953,0,0,0
101.81,17,1164,3,1.586475445819123,0,1,0
48.36,5,152,3,8.087280323431544,0,0,0
43.77,21,1075,3,1.7663338868498033,0,0,0
33.76,17,803,5,10.391508787093775,0,0,0
77.35,13,1014,1,0.707155870456976,1,0,0
77.1,10,218,3,11.361186149408937,0,1,0
25.55,21,2914,5,13.149421231302783,0,1,0
66.06,13,2832,3,17.264999033387085,0,0,0
32.24,8,2458,3,9.265006246835055,0,0,0
119.31,10,1722,4,16.534481698803134,0,0,0
75.45,13,543,5,4.049825164110899,0,0,0
228.21,10,1973,3,9.926816007510329,0,1,0
52.53,14,1441,2,2.3201845069135265,0,0,0
11.08,13,1709,0,11.01638089290082,0,1,0
60.97,4,2999,3,11.671142941188814,0,0,0
40.55,20,2550,3,9.38880240247229,0,0,0
48.95,8,1342,2,9.582919038247693,0,1,0
97.14,11,476,3,3.0033474619052996,0,1,0
31.86,13,2688,3,4.275817210192985,0,0,0
70.21,16,1329,3,6.878413647156021,0,0,0
130.52,16,2851,2,1.652010502987339,0,1,0
106.1,17,1740,3,7.957809159520695,0,0,0
44.05,15,529,3,12.166960006492054,0,0,0
38.05,13,2108,3,9.496626785842846,0,0,0
109.33,16,1104,1,17.22027159129467,0,1,0
90.53,14,415,2,10.700794557310275,0,0,0
33.03,15,2967,3,0.7551512555567435,0,0,0
72.89,8,2053,8,2.382355260007785,0,1,0
55.64,10,434,2,1.3384118592114311,0,0,0
43.3,16,977,2,14.481538961624706,0,0,0
16.8,13,914,7,4.822021477611866,0,0,0
60.75,23,1489,1,10.225575161940666,0,0,0
57.4,13,1087,3,10.103679093289628,0,0,0
38.77,12,2572,4,7.727115589545076,0,0,0
17.77,14,1098,3,5.117173810684445,0,0,0
58.05,11,2267,2,7.316978228002883,0,1,0
64.79,21,1435,1,22.918545503904024,1,1,0
67.04,13,2517,6,1.8825269312717263,0,1,0
159.42,7,1592,4,4.169699066407976,0,1,0
93.72,15,1403,2,0.6354013923004036,0,0,0
165.26,16,400,6,21.44634232677703,0,0,0
54.8,18,1480,2,5.6610173570808096,0,1,0
51.99,16,1907,2,18.42583211070902,0,0,0
54.7,4,2871,3,21.064435662340966,0,1,0
75.35,18,1749,3,23.53911694559518,0,0,0
43.6,14,1513,4,4.858603945422434,0,0,0
41.71,17,345,2,5.973995034413829,0,0,0
51.81,17,1299,5,2.125885870217574,0,1,0
85.51,7,669,2,15.945601443179424,0,1,0
42.84,9,380,3,7.293366236011151,0,0,0
34.73,12,1945,4,3.9689261622994536,0,1,0
39.17,11,2797,6,5.179012617061079,0,1,0
39.21,15,171,3,15.910699453701385,0,0,0
86.24,12,2105,2,14.036921197069749,0,0,0
55.95,18,530,6,1.9469546547630943,0,0,0
105.64,8,1646,7,26.618949174129106,0,0,0
51.26,22,1745,2,9.765707603070656,0,1,0
29.35,12,2461,6,9.337283056265964,1,0,0
51.21,8,1913,7,0.48892788633588413,0,1,0
208.22,16,2610,0,8.140978991847033,0,0,0
86.27,9,121,3,0.07526655525779713,0,0,0
47.71,15,998,1,8.899304956848324,0,1,0
63.36,10,2551,4,2.8146051407326342,0,0,0
188.07,10,307,0,1.1535136616509725,0,1,0
47.11,13,303,0,2.090930339668951,0,0,0
159.25,13,2696,4,23.84556359598938,1,0,0
73.79,14,2338,1,8.425367180166337,0,0,0
45.5,12,1080,4,3.594015212935326,0,0,0
259.73,14,2371,7,2.1818361590825983,0,1,0
13.3,18,288,4,4.165413256521455,0,0,0
45.5,13,1635,3,3.5089983524557136,0,0,0
109.3,16,579,5,1.0401465124592129,0,1,0
9.66,12,2316,3,11.529835752362123,0,0,0
176.92,14,2920,3,3.991001749809381,0,0,0
59.9,7,1939,5,13.775225319826559,0,1,0
36.81,21,1488,2,4.928959399042043,0,1,0
100.71,16,2356,2,2.440351766728431,0,0,0
12.57,17,2051,3,2.289397396442287,0,1,0
92.79,17,528,3,0.22726390089777304,0,0,0
43.04,4,1475,5,0.28741015045526286,0,0,0
36.04,18,2931,2,10.464219040448691,0,0,0
76.07,13,1514,3,13.29110072072763,0,0,0
73.36,13,254,1,11.432968702375659,0,0,0
143.33,13,2698,6,6.278638503998482,0,0,0
16.06,14,460,3,2.1927219000411986,0,0,0
132.76,9,2048,2,2.8796440940977304,0,0,0
164.46,16,1329,4,1.0659148600446917,0,0,0
168.46,20,1941,2,17.379831860150325,0,0,0
42.3,2,229,5,17.02902235328814,0,1,0
60.89,10,2099,3,5.796590181035331,0,0,0
23.71,14,1101,3,2.5702323421663915,0,1,0
0.79,18,330,3,14.36452855748933,0,0,0
6.99,10,385,1,11.512590980074052,0,0,0
48.23,6,1567,1,2.8698150686771102,0,0,0
43.77,13,807,3,9.69705933010351,0,0,0
62.97,16,1183,0,2.0701968971668867,0,1,0
24.74,6,456,3,7.31054691397809,0,0,0
37.32,11,1131,4,2.857574586692915,0,1,0
80.98,14,2140,2,11.882549311815481,0,1,0
27.82,7,934,6,11.65170296115902,0,0,0
52.23,8,1728,2,15.090472488081575,0,1,0
40.64,15,2884,4,18.75821101361516,0,0,0
126.21,13,1506,6,0.3585575121506839,0,0,0
35.47,16,668,3,10.277995229215442,0,1,0
61.42,12,1190,4,8.795915682672202,0,0,0
74.65,17,435,3,7.49826226809094,0,0,0
81.98,18,1153,4,10.681248333249378,0,1,0
49.94,18,207,5,9.859231484041725,0,0,0
77.4,11,1238,7,3.1765342948831545,0,0,0
167.62,17,1270,3,2.145585072242394,0,1,0
6.63,11,322,2,2.91032535554532,0,0,0
150.13,12,977,5,9.987556355884006,0,0,0
63.89,17,1270,9,7.584071723346462,0,0,0
20.59,11,355,2,12.511735239299355,0,0,0
73.29,14,1031,1,1.9365894983374394,0,1,0
10.87,18,941,4,8.328825360286574,0,0,0
39.88,17,1812,1,8.075024960596572,0,1,0
77.14,16,338,3,4.254243442899678,0,0,0
78.01,15,1898,5,18.415726635129953,0,0,0
14.08,15,1327,3,3.251439412204503,0,0,0
31.96,15,863,4,18.55830800050331,0,0,0
139.34,11,701,5,3.8281597351518393,0,1,0
145.4,12,2558,2,15.095292632607244,1,0,0
104.35,4,1497,6,2.8088999061042004,0,0,0
81.59,11,1309,4,13.971621397557945,0,0,0
71.89,12,2883,3,6.5663287677216156,0,0,0
27.51,6,649,3,10.835391316518747,0,0,0
75.02,19,1000,2,10.290463703827154,1,0,0
71.62,8,1777,1,12.277103715893698,0,1,0
6.62,17,1216,4,17.34472385722419,0,0,0
26.17,9,2488,2,10.677909931021329,0,0,0
65.57,15,2081,4,3.462094421585267,0,0,0
27.95,11,1265,5,0.3094139550306423,1,1,0
56.69,15,1146,2,3.5906599586314263,0,0,0
61.32,17,706,4,1.095706985258989,0,1,0
27.36,13,504,4,2.786474854297611,0,0,0
35.64,15,2227,2,16.919699114178055,0,1,0
39.25,10,1139,3,4.3178091509777765,0,1,0
60.53,12,2856,3,4.952443740544208,0,0,0
149.39,10,522,3,4.3794046796693875,0,1,0
18.01,9,653,5,6.105091159663669,0,0,0
11.87,13,1993,4,3.0775407565258,0,0,0
26.98,9,1740,2,10.368004012907491,0,0,0
84.07,12,597,4,10.09090013104781,0,0,0
132.58,13,2648,2,1.4966093513387158,0,0,0
245.97,5,634,2,6.152052173424591,0,1,0
114.6,16,394,3,5.307200150618973,0,0,0
3.15,10,2597,2,2.554534020962013,0,1,0
157.59,17,1376,2,4.422952601352052,0,0,0
46.76,6,1888,3,9.905662149272416,0,0,0
115.71,9,2645,2,8.19668914555508,0,1,0
61.83,10,385,2,12.607417851004213,0,0,0
32.18,14,30,3,14.06285561505355,0,1,0
28.0,11,2043,3,13.251824948980298,0,0,0
48.61,18,631,3,8.583416735347361,0,0,0
139.2,16,1388,2,4.772508589433164,0,1,0
58.03,7,1778,3,15.310644375066945,0,0,0
171.73,12,167,0,18.398219806179874,0,1,0
23.61,9,1665,2,17.230576761504516,0,0,0
24.92,10,1853,1,6.149101073510964,0,1,0
50.66,14,2410,1,6.2002288945981,0,1,0
115.96,17,2901,7,10.557665348827182,0,0,0
56.13,11,34,4,13.102927149665605,0,0,0
60.46,16,531,6,2.3415191823211874,0,0,0
27.29,11,1347,3,1.455727802052138,0,0,0
45.31,8,2313,1,16.24058356813422,0,1,0
51.45,22,312,2,7.689666095364551,0,0,0
62.47,20,1634,4,15.86276743075087,0,0,0
45.38,12,1577,2,16.356806811751056,0,1,0
14.94,8,727,5,8.783525890207727,0,0,0
26.82,20,1483,3,10.476031663372058,0,1,0
468.89,2,349,10,969.0880106172651,0,1,1
77.12,8,54,0,5.961165656979283,0,0,0
17.37,14,2649,4,11.180579756205002,0,0,0
46.89,16,479,2,11.076181808432718,0,0,0
67.9,21,728,4,5.742564805516864,0,0,0
155.5,17,1147,1,18.244669213262625,0,0,0
44.64,10,1976,2,1.5195471376424088,0,0,0
72.09,13,991,3,3.9149637041941237,0,0,0
24.54,17,154,3,11.142485408104811,0,0,0
103.72,8,1183,6,0.16204251410143744,0,0,0
83.12,14,2776,4,0.7463259502063853,0,1,0
97.34,12,1178,2,21.092098508140452,0,1,0
211.14,19,928,2,3.5177314181884407,0,1,0
101.96,17,1043,1,18.613808250287356,0,0,0
58.68,15,777,4,5.255943461617589,0,0,0
25.57,12,79,3,0.8728743605570326,0,0,0
91.74,16,1708,3,6.611379179252271,0,0,0
113.68,7,42,8,5.156170963497469,0,0,0
127.39,12,2465,2,13.28650811987914,0,0,0
108.8,16,2779,6,27.89528073726931,0,1,0
67.65,15,1727,1,5.233656248703921,0,0,0
35.69,15,2264,4,1.5970028547708663,0,1,0
43.49,21,965,1,8.027048498460736,0,1,0
27.71,11,2170,3,4.2907436694713805,0,0,0
74.36,14,195,3,10.10839720268201,1,0,0
91.48,15,1002,1,8.999268698676897,0,1,0
335.94,0,399,5,457.456123232099,1,1,1
48.08,14,2678,1,10.244225222607245,0,0,0
22.4,17,2273,7,17.412059060495732,0,0,0
109.99,14,1651,2,13.985927480521871,0,0,0
39.65,15,144,3,11.672056088916275,0,0,0
91.04,12,2526,5,3.5457867046958533,0,1,0
8.2,11,939,3,0.4779831900007627,0,1,0
65.35,6,1195,1,10.007765203748654,0,0,0
93.12,13,1598,6,17.98373054851413,0,1,0
121.8,19,1532,6,11.692091191329947,0,1,0
113.52,15,2493,1,29.470696233034058,0,0,0
191.99,23,208,4,15.857898667505093,0,0,0
21.73,9,2300,3,0.28694857179268585,0,0,0
26.24,15,2341,3,8.313623254272482,0,0,0
23.92,9,1168,3,11.021967486815083,0,0,0
17.77,12,1018,1,5.295579313080886,0,0,0
55.96,14,1618,5,4.648891191263429,0,0,0
126.48,14,2690,4,1.3277612578126479,0,0,0
45.84,13,1630,2,8.484969446389378,0,1,0
16.61,16,187,9,0.9619306324649184,0,0,0
54.03,10,973,2,12.414621135801575,0,1,0
93.51,13,1459,4,7.477772715892497,0,0,0
153.18,19,2507,4,0.030220377116038755,0,0,0
34.66,13,2139,3,16.680004600132026,0,1,0
138.08,15,2296,2,9.488028833129814,0,0,0
53.65,20,2466,6,1.27807390238176,0,1,0
165.87,19,246,5,6.570219567950517,0,1,0
81.74,9,1894,3,4.988682644619235,1,1,0
35.21,15,2304,3,18.148680145370534,0,0,0
63.63,11,2990,1,14.977535914059457,0,1,0
37.16,13,1755,7,0.9168376977975958,0,0,0
148.55,17,2452,3,1.6186168286154157,0,0,0
105.73,13,2472,4,5.94469024821535,0,0,0
89.56,10,312,6,3.0558044637283004,0,0,0
59.36,10,522,4,0.9581664247501145,0,0,0
266.11,7,2818,3,5.095101363300816,0,0,0
144.88,11,1348,0,0.45484197898873013,0,1,0
77.5,10,2904,1,18.027681141719007,0,0,0
40.61,15,417,5,11.652720037601371,0,0,0
230.52,12,2074,3,4.2718667696965325,0,0,0
157.27,11,1676,5,7.205899512641828,0,1,0
37.68,15,2831,3,3.2127139535393168,1,0,0
254.33,0,294,8,368.9824280022724,1,1,1
105.11,12,2128,4,7.750633231418906,0,0,0
71.2,13,1252,2,2.9550307369398556,0,1,0
28.67,20,1296,3,2.1800468848656482,0,0,0
91.86,12,2159,4,5.156160176149544,0,0,0
62.06,11,2297,4,7.7908218040856125,0,1,0
147.46,14,936,1,6.511266606875024,0,1,0
92.12,14,2284,2,12.583516350863015,0,0,0
25.58,21,766,4,5.546111744425982,0,1,0
10.3,17,1326,3,0.027452328344531374,0,0,0
66.05,9,907,1,4.713293180839768,0,0,0
95.06,15,950,3,20.54380757573201,0,1,0
41.61,12,1633,5,6.1114409865922505,0,0,0
103.5,17,478,1,5.0810434348144415,0,0,0
141.21,14,1900,3,3.2693741498958655,0,0,0
69.14,13,1516,3,2.2494155309370596,0,0,0
93.98,15,458,2,1.2813070679109604,0,0,0
184.49,11,2340,4,11.177754710814366,0,1,0
54.72,12,1942,2,6.7538713263452035,0,1,0
251.73,8,2182,4,0.88312502190296,0,0,0
78.06,21,2130,0,7.058849104794286,0,1,0
201.05,10,2282,1,1.6574610144851936,0,1,0
52.31,19,1723,3,6.048527490068182,0,0,0
71.48,16,925,4,17.76657412130568,0,0,0
67.65,16,1083,4,19.316027667658407,0,1,0
87.77,20,2243,4,4.374836898640186,0,1,0
73.07,17,1769,6,12.340288172185428,0,1,0
15.32,7,1422,3,7.7948662633314125,0,0,0
36.73,11,305,6,13.669646790567162,1,0,0
47.24,7,2166,2,2.3844985975811035,0,1,0
111.01,15,2269,3,4.47814046314549,0,1,0
24.62,15,252,4,12.032907746103891,0,0,0
153.92,17,987,5,10.01073767419442,0,0,0
53.09,12,40,3,12.112309012259164,0,0,0
72.15,14,1301,2,10.582394713478356,0,1,0
49.12,17,808,5,9.205327094535983,0,0,0
101.0,14,1124,2,11.168872212578052,0,0,0
18.93,12,2723,0,2.3783737060093832,0,1,0
58.17,0,2250,2,4.750442662116504,0,0,0
81.56,8,1891,3,6.435300216714641,0,1,0
24.82,5,492,2,5.8938081471332975,0,0,0
68.13,17,2483,2,8.98800178654846,0,0,0
289.16,14,2885,5,6.717846380466639,0,1,0
92.19,20,2552,2,0.5656024129598647,0,1,0
67.61,13,1573,3,6.9968269950777575,1,0,0
29.62,17,2506,2,0.3098935392584101,0,0,0
36.34,19,125,4,6.6045625503137355,0,0,0
81.75,10,2316,2,1.6138464647101465,0,1,0
27.12,16,1764,2,15.259283335389098,0,1,0
6.65,15,2979,4,6.331423647935401,0,1,0
60.29,9,2887,3,12.286075653627115,0,0,0
191.43,15,108,6,1.005212383679349,0,0,0
116.23,9,2985,1,2.5791960824241347,0,0,0
94.3,17,2776,3,15.54413345038502,0,1,0
90.39,15,587,2,6.245756443424099,0,0,0
158.28,20,994,4,4.969346477646047,0,0,0
214.98,8,310,2,5.182691648313103,0,0,0
163.48,10,2706,6,23.056365152305343,0,0,0
100.17,14,1151,2,8.984570690617105,0,1,0
85.41,9,1849,6,5.6193931420547685,0,1,0
141.28,17,906,3,8.180264483578439,0,1,0
25.6,13,1253,2,10.44093586161387,0,1,0
31.75,19,1066,3,0.24244602474758992,0,0,0
7.59,6,1844,7,2.189706101755462,0,1,0
34.13,13,638,5,0.44889280963943,0,0,0
111.59,7,2308,8,2.5930084535480473,0,1,0
48.37,16,2454,5,8.849568780763864,0,1,0
115.79,20,1050,4,8.657969094320181,0,0,0
125.07,12,1320,2,14.918088254703527,1,0,0
57.09,14,2268,3,2.5387562651265165,0,0,0
89.64,18,670,2,5.677373112581002,1,0,0
69.93,19,2924,4,14.746409969361295,0,0,0
69.81,15,414,4,5.896236212756913,0,1,0
91.0,12,303,0,18.39075058340893,0,1,0
48.97,11,1490,1,7.03417918011698,0,0,0
60.07,18,2791,4,11.376938092913043,0,1,0
181.76,19,2317,2,8.226680035082374,0,0,0
67.49,10,1138,2,15.428785719219434,0,0,0
716.75,0,85,9,3.5674517196256943,1,1,1
87.37,18,1684,4,9.537036166271864,0,1,0
152.39,7,957,5,9.05087153312022,1,0,0
73.95,13,547,2,19.01774195498055,0,0,0
248.63,12,710,2,7.820348440739005,0,0,0
63.01,16,822,5,6.074569283947422,0,0,0
68.95,12,596,7,1.233918190230435,0,0,0
196.14,12,707,4,13.110641567055273,0,0,0
27.14,18,340,1,8.534209073748428,0,1,0
39.71,11,1914,5,4.369175108087257,0,1,0
49.91,12,2245,4,11.605310730108831,0,1,0
9.48,12,262,6,4.781960568339159,0,0,0
40.0,11,1272,3,1.4680955295121736,0,1,0
20.23,16,727,3,6.378657011642945,0,0,0
81.45,4,1703,1,5.601044416342409,0,1,0
134.54,4,45,3,7.078675823011805,0,1,0
39.78,17,218,3,3.392795435343876,0,0,0
122.67,15,2386,4,20.235142346912347,0,1,0
60.34,10,1087,2,0.7890609457930378,0,0,0
70.27,15,274,3,1.57653002515405,0,0,0
31.25,6,761,3,15.84124877141601,0,0,0
44.75,7,2178,6,6.7424997794677015,0,0,0
142.94,14,1720,3,4.59100548800956,0,0,0
344.26,3,361,7,346.9251329833143,1,1,1
5.27,8,1283,3,12.869818533552646,0,0,0
120.44,15,524,4,4.9729406940524585,1,1,0
48.35,4,2257,4,11.295294880205788,1,0,0
103.97,8,2699,3,1.163496495188416,0,0,0
99.97,7,446,1,9.745032584952444,0,0,0
32.75,18,578,6,11.906415956949855,0,0,0
141.25,8,1204,0,2.072157254966558,0,1,0
33.84,11,2045,7,12.991385217193866,0,1,0
69.25,9,110,0,13.522752673433272,0,0,0
87.55,21,1397,0,4.72145774507302,0,0,0
31.71,16,1691,3,0.6431404809268466,0,0,0
105.44,13,745,4,13.263747538656446,0,1,0
114.74,13,1559,7,0.6922404936107389,0,1,0
125.47,10,166,2,19.060073681520173,0,0,0
118.93,14,291,1,8.204208098596478,0,0,0
107.67,14,1947,5,7.163131931545637,0,1,0
143.51,18,622,1,7.321964254976476,0,0,0
95.09,11,2844,4,5.426428636797826,0,1,0
19.57,10,1349,2,6.775140745032527,0,1,0
139.11,12,194,4,11.589733177358951,0,1,0
80.57,13,1558,1,4.568542955561093,0,0,0
66.85,10,2790,4,9.025561442063607,0,1,0
78.92,23,52,4,4.469603209444628,0,1,0
47.45,17,1668,1,4.0781410370428155,0,1,0
15.44,21,625,6,9.449153241559777,0,0,0
63.69,12,1457,4,10.877306720205583,0,0,0
58.19,13,2457,3,11.82830142461101,0,1,0
51.79,14,295,1,0.4315657242198041,0,0,0
66.77,13,773,1,4.4016703943845865,0,1,0
69.73,8,821,3,8.053571208510373,0,1,0
28.37,14,1513,5,2.825921743499609,0,1,0
53.1,15,979,3,1.5675360871049406,0,1,0
141.56,10,82,1,4.281451427561864,0,0,0
67.34,11,36,1,0.1352051051125409,0,1,0
214.84,11,1315,6,15.408946390780354,0,0,0
61.79,6,2111,1,9.25565472324412,0,1,0
186.01,14,1266,4,7.127961842160174,0,1,0
101.56,8,833,2,19.64498440134515,0,1,0
65.4,10,1091,6,5.256959215488028,0,0,0
102.18,10,513,5,24.327527142610986,0,0,0
13.3,18,2881,1,12.762521832453064,0,0,0
44.43,9,782,3,3.1245410204701223,0,0,0
70.13,7,2927,1,1.9606771607511368,0,0,0
58.75,14,1018,1,2.2124157967426012,0,0,0
86.91,11,2668,2,16.020164457976275,0,0,0
78.63,9,2992,5,7.673096994242183,0,0,0
19.58,12,684,1,3.4505462947791354,0,0,0
146.27,16,2607,4,19.154435316414663,0,0,0
204.62,17,759,5,16.390597778611713,0,0,0
166.23,21,837,1,4.244336832849868,0,0,0
61.8,9,1680,0,15.447945404234119,0,0,0
112.56,15,609,5,6.542126206836963,0,1,0
23.75,14,2449,4,10.846488947110586,1,0,0
58.97,10,1651,7,15.32895008253871,0,0,0
108.42,9,2893,4,5.466646068312526,0,0,0
70.67,12,1386,5,6.347610564738266,0,1,0
91.29,9,861,3,0.6865353635091749,0,0,0
131.92,17,289,1,12.501616704933536,0,0,0
21.01,17,2752,3,10.619536066666,0,0,0
92.49,16,532,2,6.58689103562326,0,1,0
66.92,14,1092,6,1.1441081684969214,0,1,0
33.19,17,1967,3,23.240848171184354,0,1,0
70.8,18,760,3,2.898745661539058,0,1,0
519.57,4,239,6,302.0674788086719,1,1,1
48.5,12,1548,5,8.975350666905005,0,0,0
23.18,18,1553,3,6.909391421767632,0,0,0
27.59,7,608,1,5.309454152163518,0,1,0
142.68,16,2655,4,15.604870130857908,0,0,0
142.53,20,1709,4,9.023949677407598,0,0,0
17.75,18,1390,2,17.603341523179296,0,0,0
30.2,14,822,4,4.481373623575114,0,0,0
117.19,12,1727,5,0.7959569639844526,0,0,0
370.74,0,265,7,393.58624482601533,0,1,1
133.27,14,796,0,4.5574674504727986,1,0,0
49.93,13,1318,4,0.7238177401237511,1,0,0
51.94,17,233,1,4.34594434744402,0,0,0
39.95,7,1979,3,5.9890250158823,0,0,0
121.96,11,2948,1,4.7776517975444275,0,0,0
32.23,5,835,2,0.8812907877923699,0,1,0
106.33,14,1718,4,7.138149560910346,0,0,0
120.87,12,539,1,3.0897095569957305,0,0,0
55.19,16,2663,2,23.162893634454253,0,0,0
144.89,21,1555,1,0.6190473806543357,0,1,0
75.74,16,923,1,14.871742949548954,0,0,0
24.17,15,2303,2,5.956686954686838,0,0,0
42.17,12,2849,4,0.7333122569141413,0,0,0
55.33,14,2476,3,4.2108614115501215,1,1,0
79.92,13,2100,5,1.4665067720287666,1,1,0
51.93,8,1030,2,3.9797450147178983,1,0,0
61.3,16,2429,4,8.71388624436112,1,1,0
86.83,14,512,3,11.592136576658813,0,1,0
102.69,15,2451,2,3.2879681717884637,0,1,0
146.37,19,2570,7,0.9829238853075193,0,0,0
59.97,12,2505,4,11.056256074635378,1,0,0
84.88,10,153,2,3.884824926864505,0,1,0
132.87,11,1217,7,0.8185264090985287,0,0,0
49.37,9,415,1,1.1829246001579272,0,0,0
21.81,15,2940,1,10.555770767003107,0,1,0
62.53,18,2451,5,18.93677206696101,0,0,0
75.83,16,1269,3,2.8769391582463446,0,1,0
42.89,20,170,1,5.09798642588412,1,0,0
75.49,10,1853,5,2.716909429438293,0,1,0
134.68,12,2673,2,3.5281733524117254,0,1,0
57.99,14,1483,2,11.76847190640764,0,0,0
85.76,12,2170,4,3.8197419581464462,0,1,0
46.3,17,1118,2,11.940128552679486,0,0,0
72.36,21,1411,6,13.595038187130536,0,1,0
64.93,14,1507,0,3.96191969997178,0,1,0
135.21,13,113,5,8.394691045714543,0,1,0
145.35,13,2517,2,7.142639557055018,0,0,0
239.75,12,1741,4,6.111240462361698,0,0,0
74.07,13,1385,0,3.516437635652334,0,1,0
17.82,17,214,1,1.5667747380953392,1,0,0
97.9,20,328,2,1.1115218528022655,0,1,0
233.76,10,778,4,8.640165076329176,1,0,0
97.57,14,2266,3,9.789937177707866,0,0,0
11.8,15,2231,3,5.380270707202608,1,0,0
188.51,15,1684,4,0.8608011017797743,0,1,0
79.35,8,2886,3,8.632076995340173,0,0,0
147.44,9,708,5,9.398356957583633,0,0,0
38.9,18,1987,6,0.06315207332059991,0,1,0
34.41,7,669,4,0.467263837221795,0,0,0
168.83,19,1320,3,6.908761565542479,0,0,0
26.3,11,1905,2,3.7731026471797318,0,1,0
16.06,19,739,3,16.778946222608482,0,0,0
76.7,5,1299,2,16.180348002655528,0,0,0
87.36,9,1081,3,12.468231060200875,0,0,0
58.61,8,795,5,15.133771370163718,0,0,0
60.82,10,559,1,3.519150870686709,0,0,0
94.34,18,2019,0,19.70969901003163,0,1,0
19.78,11,2657,3,6.760002248432673,0,1,0
62.58,21,1974,4,20.92498304370904,0,0,0
27.6,14,1540,3,10.759307171076081,0,0,0
39.83,23,395,2,2.017639321941708,0,1,0
65.85,14,1267,2,1.0986225032773915,0,0,0
93.1,15,1103,1,2.0008036316325413,0,1,0
100.3,18,1833,2,1.4399903696443914,0,1,0
141.41,19,2519,4,4.61462359112858,0,1,0
26.8,17,2358,4,19.36453250492661,0,0,0
80.2,10,1246,4,6.976187137967905,0,0,0
64.88,17,2651,3,5.901175057941979,1,0,0
29.05,11,2129,5,8.587462344500759,0,0,0
80.48,12,1641,2,2.249954174506388,0,1,0
152.51,1,385,7,443.19095937273937,1,1,1
90.18,17,2936,4,1.9483147099052465,0,1,0
129.94,4,2775,4,15.458676109247358,0,0,0
50.57,11,2563,4,1.4530240203550404,0,0,0
81.02,10,2861,0,13.299182747979946,0,1,0
136.32,8,1105,2,0.2660138332645188,0,0,0
32.09,11,322,4,4.212564685958942,1,1,0
107.42,14,349,5,2.4984047878466504,0,0,0
158.0,17,550,3,13.503468779154304,0,0,0
58.68,13,1451,1,6.09721902546751,0,0,0
26.99,11,993,3,21.791795327490654,0,0,0
83.01,15,782,4,7.590857659425675,0,1,0
22.64,12,1718,3,5.006953107201908,0,1,0
73.04,21,1580,5,4.153035341673538,0,0,0
39.14,16,1323,3,2.227905442744029,0,0,0
26.06,20,1347,3,1.7548770242600384,0,0,0
78.93,21,709,5,1.6247893267469058,0,0,0
66.77,11,1279,1,7.528490891418529,0,0,0
51.13,18,2344,4,9.18691157786526,0,0,0
50.89,10,1360,1,4.860054460245197,0,0,0
78.15,12,1948,3,8.599974154814097,0,0,0
43.07,12,2487,2,5.925436358543554,0,0,0
201.94,19,1701,4,13.727932990365353,0,0,0
148.74,12,2606,4,14.639757832586055,0,0,0
72.85,13,2008,2,21.191175582206444,0,1,0
68.28,10,1362,6,6.461701005351861,0,0,0
110.24,13,1580,4,4.717584054536342,0,0,0
16.42,15,1142,3,4.299659604778245,0,0,0
359.27,0,43,7,423.12259125536866,1,1,1
35.86,15,73,1,9.919174977521006,0,0,0
201.45,3,1190,4,9.744566435454566,1,0,0
169.15,13,79,1,0.02468891454946398,0,1,0
81.57,14,63,4,20.903517158977238,0,0,0
63.28,11,2822,4,13.351845427976201,0,1,0
11.15,16,2514,5,3.4128896766221395,0,0,0
21.85,18,1090,6,7.474710604668138,0,1,0
32.89,14,735,3,6.5358741559586635,0,0,0
52.4,16,1681,3,10.128838383113123,0,1,0
129.34,13,2731,1,4.041967526095446,0,1,0
74.65,5,2495,2,3.929991346954992,1,1,0
72.78,16,720,5,5.6410801613159,0,1,0
42.77,12,2428,3,2.4998613597144907,0,0,0
42.13,15,2629,4,13.378820917489994,0,1,0
60.08,11,1230,5,19.950850782897277,0,0,0
28.64,14,2444,2,7.115332907811899,0,1,0
235.58,7,1024,3,11.81906346292407,0,0,0
42.89,21,1122,7,0.5092448560456102,0,1,0
13.1,15,2658,2,1.7074378148106186,0,0,0
15.59,17,1156,4,11.123588022747121,0,1,0
57.55,5,1651,6,1.236641063610679,0,0,0
104.95,15,568,3,25.72168296866519,0,0,0
85.95,11,809,1,16.38467342526341,0,0,0
54.73,15,2304,3,3.1076807037141014,0,0,0
51.51,23,1755,4,4.687880196927079,0,0,0
42.82,15,2702,6,7.070389181039468,0,0,0
72.1,9,164,2,8.406845612793699,0,1,0
183.74,11,567,6,10.269701518189116,0,1,0
45.52,12,557,3,5.5254172485339925,0,0,0
34.97,12,1732,3,13.970865338851274,0,1,0
142.05,5,210,6,477.24865186193665,1,1,1
152.25,15,2114,7,3.587938930698707,0,1,0
63.16,12,713,3,8.791603609445833,0,1,0
101.81,19,641,2,14.927068350467593,0,1,0
150.33,16,2368,4,8.306235145674147,0,1,0
68.75,12,2505,3,11.924259241803547,0,0,0
101.77,14,1118,2,0.3469096932702431,1,0,0
149.84,13,2829,4,11.02955793296653,0,0,0
102.77,10,2132,3,12.484261695164822,0,1,0
35.1,19,338,0,9.476776370920174,0,1,0
157.57,20,2312,3,9.231676216208488,0,1,0
21.96,13,1205,3,6.469575070052764,0,1,0
12.81,13,222,5,13.513431605744273,0,1,0
24.54,18,1339,2,7.605035345405183,0,0,0
134.24,15,1150,2,0.8483090266250022,0,1,0
66.19,17,2960,3,6.600622273412474,0,0,0
91.59,14,275,3,25.98910195730716,0,0,0
119.86,18,2822,5,6.415181054042778,0,0,0
113.54,12,1499,1,1.0730005792311181,0,0,0
21.88,14,1540,7,5.86753110707695,0,1,0
4.45,11,558,4,6.8805292046143975,0,1,0
78.23,17,1109,2,1.7652972595434706,0,0,0
21.27,10,2490,1,10.77421425399959,0,0,0
64.36,10,2289,4,9.137702529407191,0,0,0
26.42,13,2453,5,14.740611151827007,0,0,0
108.16,13,671,3,9.485643523770564,0,0,0
122.48,13,1935,2,2.2556958770376996,0,0,0
10.26,15,2176,2,4.527911533750841,0,0,0
126.6,20,2156,1,10.398043746180969,0,0,0
51.83,16,2539,3,5.475004843493664,0,1,0
154.6,8,1358,3,3.8788261800870583,1,0,0
166.77,12,2850,3,10.651631647694941,0,1,0
52.13,14,484,1,16.08262991343823,0,0,0
32.76,13,1365,3,3.1975251768631754,0,1,0
62.43,13,1474,5,16.369063160452086,0,1,0
98.48,7,2002,4,0.1464674050695569,0,0,0
106.74,15,1996,6,15.298047962907924,0,1,0
80.02,9,1643,1,5.848096417586762,0,1,0
15.42,13,313,3,15.814793098293823,0,0,0
33.19,15,361,3,1.295603451575749,0,0,0
144.57,14,1785,4,1.793020017467835,0,1,0
72.74,22,1227,2,8.070468948862663,0,1,0
200.42,11,1144,6,18.927626042514028,0,1,0
121.45,17,2359,1,19.066850546180547,0,1,0
34.12,18,2452,2,11.907048009711104,0,1,0
34.83,15,1432,1,1.9329497783442835,0,0,0
30.13,21,1569,8,2.395691465894274,0,0,0
39.86,20,1837,7,14.461294863418873,0,0,0
17.29,11,1673,5,1.7011051301537403,1,0,0
165.6,14,807,3,8.816669291635723,0,1,0
77.56,11,2115,4,9.768989433311203,1,0,0
173.53,11,67,3,1.555386361586347,0,1,0
69.81,15,2204,1,7.5041685012157355,0,1,0
22.02,13,1085,1,3.3648190706220404,0,0,0
481.77,4,163,11,117.17195216075868,1,1,1
185.02,21,2828,4,5.6450393846828755,0,1,0
214.94,12,2305,3,5.500717329140954,0,1,0
47.09,12,1040,5,8.448979192782355,0,1,0
14.42,17,376,7,4.335809927573735,0,0,0
70.08,15,1596,5,10.434788552166172,0,1,0
115.09,11,2803,4,6.81422363585471,0,1,0
73.32,15,1625,3,15.378861284984442,0,1,0
106.91,11,99,1,4.763269465434203,1,1,0
6.17,11,1269,1,11.470580123891747,0,0,0
129.91,12,2156,3,11.83350534637206,0,1,0
181.53,10,2698,1,18.87668197149101,0,0,0
36.24,15,1063,0,2.4790847160988396,0,0,0
61.15,12,1186,1,2.9023811458427122,0,0,0
8.67,13,1523,3,5.556802886996317,0,0,0
14.1,19,873,3,0.46640825594605584,0,0,0
129.12,9,2525,3,9.932829667163798,0,0,0
47.96,14,2549,2,3.527265709667194,0,1,0
50.82,7,2325,1,4.414195605126918,0,1,0
150.57,11,1240,6,18.954246250800157,0,0,0
341.12,18,1838,2,8.680157274024204,0,0,0
62.16,13,905,2,1.7194580704126858,0,0,0
19.95,10,614,4,18.07940307516369,1,0,0
30.62,13,1504,1,9.516714047852,0,0,0
90.39,8,1224,3,2.459662105553093,0,1,0
44.2,10,2056,4,6.976384012742569,1,0,0
91.33,21,2337,5,2.001448168642756,0,0,0
84.86,9,2701,5,8.843157320160921,0,1,0
59.56,12,580,3,3.201360080292819,0,0,0
19.86,16,953,3,3.0589525842032494,0,0,0
25.28,14,445,4,11.196829274227166,0,0,0
55.01,15,1099,4,3.691417218931262,0,0,0
28.96,16,1027,2,11.385119994531049,0,0,0
217.07,15,1961,2,12.573684149241032,0,1,0
30.78,14,306,3,4.565226814667623,0,0,0
16.42,18,2647,2,10.782833015875317,0,1,0
24.29,11,1527,3,1.8161091533198457,0,0,0
180.45,7,392,3,20.235262133145465,0,0,0
10.7,11,1853,3,2.736147018924491,0,1,0
23.42,8,1638,1,5.052321479156282,0,0,0
45.08,16,2033,3,4.503129763604502,0,1,0
60.63,10,826,3,9.502836553145457,0,0,0
17.21,19,2490,4,2.0448255863924216,0,0,0
64.14,13,561,1,1.5044973318899943,0,0,0
9.92,10,2811,3,5.28859900739651,0,1,0
29.81,13,537,2,14.23609340138846,0,0,0
112.32,12,683,3,0.22492115368831467,0,0,0
19.04,14,2905,1,4.172773638191991,0,0,0
57.59,18,76,2,25.61060788112873,0,1,0
85.73,7,2157,1,18.54339690760885,0,0,0
48.7,11,1227,4,13.792711765347258,0,1,0
703.93,3,180,9,931.2362129158537,0,1,1
10.43,7,1450,5,0.07031206552660851,0,1,0
104.5,18,2599,1,7.337912192096084,0,0,0
30.11,8,120,6,11.155723361459259,0,0,0
83.62,12,1408,2,23.110300183534942,0,1,0
40.35,17,2437,5,10.27374391042737,0,0,0
16.35,15,1725,2,0.731320661186766,0,0,0
102.69,18,2167,2,5.907658883362027,0,0,0
67.52,15,399,2,10.340572745186583,0,1,0
394.92,2,255,15,282.2804710588224,0,1,1
158.69,14,2057,5,15.034667381951103,0,0,0
44.94,15,2055,3,7.438877180587072,0,1,0
70.73,16,978,2,1.4755232651942567,0,1,0
114.57,11,2491,2,2.9447749931416958,0,0,0
123.93,11,933,1,4.770580959842361,0,1,0
142.88,8,1742,8,4.793573926077334,0,1,0
32.63,7,607,3,2.6149926328028696,0,0,0
70.5,13,611,1,10.404954185990976,0,0,0
103.09,13,848,1,3.7444076832560125,0,0,0
16.88,16,1737,5,7.586962708685763,0,1,0
69.51,17,310,5,0.5599609403271533,0,0,0
127.44,8,2895,3,5.9502664714473195,0,0,0
97.41,19,2633,4,14.727920952332347,0,0,0
35.07,8,2171,2,12.508002387569535,0,0,0
43.47,8,1270,3,0.7967540887856526,0,0,0
720.08,1,190,11,90.47758910375904,1,0,1
99.22,8,913,1,1.1015502718417194,0,0,0
98.41,12,2736,1,5.522328781293291,0,0,0
192.11,11,1086,3,1.9609322103880693,0,1,0
91.07,15,2645,2,12.730022687511752,0,1,0
117.85,10,1251,2,0.4674138121878135,0,1,0
39.69,13,57,2,2.9781743664921394,0,1,0
51.96,12,385,2,8.090115013007935,0,0,0
157.59,18,960,1,1.0296578234990985,0,1,0
191.47,11,503,1,5.4471109368025665,0,0,0
51.18,9,2664,4,9.23877529342538,0,0,0
83.76,8,197,2,19.85504536586011,0,1,0
82.49,14,2120,1,0.9151482858640225,0,0,0
64.16,15,368,1,12.516457548660139,0,0,0
26.77,15,2777,6,4.735508614513218,0,1,0
15.04,17,2132,2,18.372372117427556,0,0,0
23.04,16,2462,3,15.788924921205302,0,0,0
51.7,16,1815,1,4.215615026936058,0,0,0
81.46,11,1241,3,0.006337737080750472,1,1,0
66.94,16,1100,1,9.13739271570187,0,0,0
64.79,19,1503,4,4.962893630231205,0,0,0
44.92,15,535,3,5.54112135652492,0,1,0
50.41,13,395,2,6.597767507004985,0,0,0
70.57,14,515,1,11.328352728594808,0,0,0
21.07,10,938,4,11.273657055939216,0,0,0
242.55,0,391,7,219.9501890757942,1,1,1
54.04,9,1806,1,14.250761311339403,0,0,0
36.1,20,1094,4,4.335937618531622,0,1,0
205.72,13,2033,1,7.690130602680517,0,0,0
85.07,18,2891,3,28.700293111952526,0,1,0
118.8,13,1174,7,3.3325606897112507,0,0,0
108.58,10,1147,3,10.757541225305749,0,1,0
12.0,16,322,1,4.113409822716918,0,0,0
54.76,2,2873,3,4.775881915830673,0,1,0
215.82,15,496,2,5.2822685374703315,0,0,0
110.89,11,1203,3,0.3897698268990162,0,1,0
80.27,12,1962,4,13.751215880819634,0,1,0
86.14,14,2028,2,7.879790487329894,0,1,0
53.03,9,2176,1,7.876241680358314,0,0,0
44.08,13,705,4,8.240025948577781,0,1,0
64.93,1,384,5,3.3813069203164776,1,0,0
71.19,7,1393,3,5.783209338580041,0,0,0
88.79,14,2677,4,2.3285454391693463,0,0,0
98.25,22,1359,4,5.366660222916443,0,0,0
23.1,11,1088,3,0.5620100501587135,0,1,0
145.74,9,306,1,2.9018256421950746,0,0,0
744.81,4,297,12,743.5682425492964,1,1,1
65.57,12,914,3,6.3844793627810645,0,1,0
127.14,14,2586,2,0.8901445175157718,0,0,0
87.52,16,1898,7,14.410963910280069,0,0,0
71.82,14,2082,3,7.183853878041408,0,1,0
240.52,17,234,2,15.118843465746906,0,0,0
173.4,16,852,6,0.04576845579685429,0,0,0
335.44,0,146,10,495.03865981481937,1,1,1
89.2,13,1309,3,6.871730404144028,0,1,0
119.33,19,2468,4,6.1528530580450305,0,0,0
52.11,15,140,3,7.254358270231395,0,0,0
17.09,17,2125,2,0.06916612550797563,0,0,0
11.96,11,475,2,10.684538627059283,0,1,0
120.19,18,2518,6,12.285999857387383,0,0,0
181.01,15,1020,0,7.1571177245606705,0,0,0
150.48,11,2305,1,10.33638397609219,0,0,0
18.53,15,2139,2,7.11054704172928,0,1,0
129.56,13,2831,6,5.254791479070572,0,1,0
111.9,7,2647,3,4.084757920886547,0,1,0
127.41,23,2210,2,2.455291106200627,1,0,0
127.7,12,37,1,14.09675174978482,0,0,0
34.15,15,761,4,3.2820189056402054,0,0,0
92.17,12,1896,1,13.882190833415475,0,1,0
26.63,11,1033,1,3.9608863904908147,0,1,0
12.19,19,2635,1,6.419323291319456,0,0,0
46.87,19,1336,5,14.666267665793066,0,0,0
40.5,15,1699,2,0.2709373522256602,1,1,0
85.86,11,309,0,0.12406867356623241,0,0,0
17.31,17,1231,4,6.377512137728961,0,0,0
35.37,15,353,2,2.9668978247445614,0,1,0
65.0,7,2530,4,3.854201945920554,0,0,0
36.92,14,557,1,3.1972464594875403,0,0,0
37.67,11,1791,2,10.354066234459268,0,0,0
94.2,9,494,3,10.233611498496742,0,0,0
64.26,22,1052,5,11.206465466035546,1,1,0
108.23,13,2725,4,1.4495924291724225,0,1,0
159.36,12,2373,2,0.30008165896718,0,0,0
112.06,11,1043,1,9.78459723132975,0,1,0
80.52,19,979,3,5.80594631905438,0,0,0
215.6,14,980,2,0.19349284142250234,0,0,0
36.39,15,1628,3,11.014209434466249,0,0,0
16.47,15,1346,3,4.270084883552366,1,0,0
123.9,19,1152,7,9.029530417873254,0,1,0
43.64,11,611,3,0.7980606871175526,0,0,0
96.3,19,2453,4,15.55206232106374,0,0,0
43.41,18,2206,2,3.7415983824928816,0,0,0
54.27,9,343,2,3.964246005678027,0,0,0
49.23,14,980,7,6.969152454638971,0,0,0
146.49,18,875,4,3.5826644273771464,0,1,0
88.02,11,558,5,11.62612963118354,0,1,0
64.54,15,927,3,12.311599376285383,0,1,0
29.62,17,2224,4,4.334203304259187,0,0,0
89.78,16,1704,0,9.38706138899621,0,0,0
66.51,17,2301,2,4.554639915440589,0,1,0
71.8,8,1156,3,1.2709420338579784,0,1,0
43.25,21,351,5,1.6528331629766444,0,0,0
63.23,14,748,4,1.0243605955561677,0,1,0
56.19,14,2737,1,2.890989862369473,0,1,0
58.27,18,1142,2,15.444886406403237,0,1,0
66.93,21,501,5,2.0210303478167195,0,1,0
8.93,7,2691,5,15.174881694194976,0,1,0
63.57,23,2139,4,0.45179402013253167,0,0,0
66.65,14,317,6,13.017397513455506,0,0,0
88.61,5,242,2,3.9372746397024776,0,0,0
45.22,14,2913,4,0.5749631609271031,0,0,0
22.75,17,2101,2,7.7988552154735515,0,0,0
74.38,15,2468,2,12.72016679298397,0,0,0
84.31,16,2274,4,2.813292920813492,0,0,0
23.48,8,136,3,6.692604598823046,0,0,0
94.56,7,1049,3,2.415819906106217,0,0,0
54.68,7,1816,3,4.880800000810233,0,1,0
95.82,19,2998,1,1.9562112584431999,0,1,0
49.29,14,277,4,4.3180174131400655,0,0,0
9.5,16,2307,3,4.383419802376585,0,0,0
37.55,10,2455,4,0.9850007972837744,0,0,0
68.23,16,303,5,13.700986120590418,0,0,0
62.28,14,2387,4,1.1428494564907279,0,0,0
51.79,14,773,5,0.8056640101360841,0,0,0
47.22,20,1063,3,14.35884981317239,0,1,0
142.96,15,857,4,3.090484582278649,0,0,0
112.95,5,174,2,11.48794775629473,0,0,0
81.28,9,285,4,19.974725945815262,0,0,0
56.22,15,149,3,3.946577531879389,0,0,0
29.29,22,1359,3,11.227392012093627,0,1,0
75.87,18,791,4,9.545415701895525,0,1,0
71.66,14,1265,7,0.48271241508845364,0,0,0
71.6,13,1833,3,7.9881025527257385,0,0,0
34.35,9,2307,1,6.433538121256838,0,0,0
85.26,14,2611,2,8.96839026809645,0,1,0
459.1,2,120,7,846.8974931951223,1,1,1
110.49,16,762,2,16.103288077448383,0,1,0
73.96,14,1293,2,10.82831754322499,0,0,0
79.5,9,2627,4,19.460715818867058,0,1,0
26.09,12,1181,3,1.9429055098085142,0,0,0
73.03,11,2112,3,10.339099684315324,0,1,0
166.94,12,2992,8,1.913607358939137,0,0,0
75.64,16,673,2,1.2167908659859759,0,1,0
63.88,14,2916,0,13.748589803119426,0,1,0
95.43,21,1946,4,6.729305537890294,1,1,0
67.05,17,2414,4,2.6538372453216317,0,1,0
7.52,10,1767,2,7.659475385581384,1,1,0
38.41,16,1542,2,3.137658004946034,0,1,0
93.59,21,2860,3,16.91146118294974,0,0,0
15.98,12,2854,4,2.5601944460177206,0,1,0
158.99,13,2082,3,8.723305342476685,0,0,0
38.26,15,2756,2,7.963115885536947,0,1,0
51.32,10,748,1,14.085511258699745,0,1,0
58.35,11,207,4,3.707912294583883,0,1,0
124.46,10,1551,2,7.492148868004776,0,1,0
146.56,10,847,3,4.4987027638573585,0,0,0
26.72,16,1990,3,8.788611666723384,0,0,0
83.53,16,2206,5,6.7077893375767275,0,1,0
51.12,14,2694,2,7.167501434301327,1,0,0
150.97,6,512,2,13.747650120948816,0,0,0
505.32,3,139,13,1182.9197973951395,1,1,1
239.21,18,444,4,1.8520525609829255,0,1,0
65.01,15,2657,4,1.827842894198426,0,0,0
207.09,10,1995,2,3.9052504784967477,0,0,0
48.29,11,1845,8,0.1467218169170712,0,1,0
35.47,17,368,3,0.9934534657628182,0,1,0
12.03,2,1516,4,9.300984534660529,0,0,0
45.3,14,1784,1,4.0176870978909855,0,0,0
67.98,16,2940,5,3.9266088375287103,0,0,0
35.06,17,551,3,2.4586640002079574,0,1,0
33.26,16,2966,4,12.051888898388347,0,0,0
23.72,10,115,1,3.028497894751114,0,1,0
181.3,13,458,2,19.282734647428036,0,1,0
198.25,15,2854,3,1.725855572548273,0,1,0
65.5,13,2878,1,13.037806901053045,1,1,0
55.3,9,304,0,3.5107219349250443,0,0,0
33.55,10,2269,3,20.637828103049763,0,0,0
77.27,13,1442,4,9.285587361900177,0,1,0
45.8,18,1928,0,10.592235239091849,0,0,0
29.06,17,538,4,13.472658136494658,0,0,0
31.51,15,464,3,5.488144373425656,0,1,0
42.52,16,1592,5,12.795748937459432,0,0,0
99.64,15,314,2,0.3844555684359836,0,0,0
82.26,12,701,4,6.030474824377506,0,1,0
14.61,14,865,2,3.072235605597525,0,0,0
96.25,13,2835,6,0.5911816147064552,0,0,0
38.44,8,1378,4,6.849546681406153,0,1,0
14.38,9,1210,0,10.401472933522502,0,0,0
95.87,10,2273,3,1.8866889674888023,0,0,0
141.63,10,525,4,0.45503912773204647,0,0,0
59.29,18,580,4,1.8327917351690508,0,1,0
102.54,16,356,1,0.592970458395758,0,1,0
57.8,14,1247,4,15.51041637336659,0,0,0
125.58,9,2729,7,11.145817615132621,0,1,0
116.98,15,1287,6,3.188392081002676,0,1,0
100.86,22,2318,4,2.9512903347158357,0,0,0
181.44,23,1855,6,6.420394456749243,0,1,0
8.55,16,2062,3,0.15626037020592776,0,1,0
199.67,14,1755,0,0.5149453013399992,0,1,0
115.52,21,2700,6,6.100988826013834,0,1,0
36.59,12,617,6,14.047118051164544,0,1,0
18.08,9,384,3,8.10968622614712,0,1,0
50.3,14,91,2,4.663889317715452,0,0,0
25.99,14,2699,7,13.843212875449797,0,0,0
27.13,15,2742,6,4.7534421287050534,0,0,0
35.2,15,1451,3,5.6458758626845,0,0,0
85.35,12,2144,6,1.4583966946863534,0,1,0
77.49,18,2760,1,0.5018876787732882,0,1,0
32.2,9,2421,1,5.209586042084103,0,1,0
78.91,10,2008,1,11.345513211788873,0,1,0
17.13,14,1009,2,11.903888997895713,0,1,0
85.44,11,1493,1,12.078646336864546,0,0,0
44.53,11,1460,1,18.66484364034347,0,0,0
180.84,11,366,4,13.031383661025474,0,0,0
8.36,12,2103,2,1.281605611061737,0,0,0
7.84,21,1939,1,13.927864253904719,0,0,0
14.93,15,2598,0,18.249945319295463,0,0,0
85.75,17,2569,3,16.352069506811414,0,0,0
50.37,18,1144,5,3.5556391771639184,0,1,0
38.66,9,1762,0,15.294250180421354,0,1,0
61.36,7,1698,3,5.934043519483966,0,1,0
68.15,5,993,3,1.2985008900065775,0,1,0
39.81,12,1646,1,9.861576135956838,0,1,0
42.13,17,1087,2,1.0679412042600402,0,0,0
73.06,11,2216,3,10.592226829738863,0,0,0
46.71,15,2447,3,4.021354619004072,0,0,0
53.23,10,1812,3,10.448665803680454,0,1,0
88.64,5,1930,1,7.114175474278612,0,1,0
55.22,19,593,5,0.9883570365800756,0,1,0
85.51,10,544,0,7.187638973196668,0,1,0
89.49,18,2215,4,2.6222427120246663,0,0,0
79.91,10,925,3,10.301582360269625,0,0,0
25.88,13,2796,2,13.973297391178724,0,1,0
48.35,11,2798,2,19.551260279328392,0,1,0
21.34,17,558,3,6.8253746418107175,0,0,0
103.17,10,1516,2,2.253982662881583,0,0,0
41.18,15,410,5,5.198679708332486,0,1,0
95.45,14,92,2,10.079889092741185,0,0,0
62.1,12,858,1,1.9771479911965368,0,1,0
27.19,17,945,2,3.116373238062753,0,0,0
57.15,16,1472,7,5.084947959350181,0,0,0
98.11,12,303,4,17.347939474280295,0,1,0
24.94,10,1450,4,12.136134715799944,0,0,0
235.32,11,375,5,2.3862159926659143,0,0,0
28.9,10,1643,4,6.59175841781404,1,0,0
72.4,7,1404,5,0.26620627234630145,1,0,0
18.78,15,677,3,0.11409992104805156,0,0,0
36.09,9,2247,3,5.578701723304118,0,1,0
22.15,19,2488,1,14.65067167456095,0,1,0
25.84,9,120,0,13.187505046564645,1,0,0
22.38,12,2594,0,4.1209027516158105,0,1,0
82.05,12,2499,4,6.799632691231431,1,1,0
258.48,14,1216,1,11.475015880788721,0,0,0
36.89,17,2495,5,15.575604200419717,0,0,0
99.61,16,238,2,10.315988067438948,0,0,0
80.39,10,1571,3,4.231881000154512,0,1,0
182.92,15,1788,2,0.9537975475192129,0,1,0
63.47,19,1480,7,5.622104677065614,0,0,0
49.69,4,1665,4,11.69628143905698,0,0,0
102.97,15,2556,3,3.5896032832823357,0,0,0
123.66,16,345,0,2.9312822731361523,0,0,0
76.1,19,757,4,7.313057971574381,0,1,0
35.44,17,763,2,8.752890364523854,0,1,0
66.82,12,2380,2,4.230605530661445,0,0,0
44.85,13,920,0,21.943324521718537,0,0,0
52.1,15,2280,1,0.5060598020968694,0,0,0
216.08,3,332,12,1041.7148365665032,0,1,1
75.61,16,1563,4,3.9830256330185616,1,1,0
14.73,12,1095,1,8.082206414734864,0,0,0
63.89,11,885,1,9.449532046508725,0,0,0
23.81,9,1730,4,7.581554321488472,0,0,0
23.55,11,2754,3,19.326282643925815,0,1,0
476.32,5,367,9,166.09108548505105,0,1,1
72.87,16,1804,4,2.698601247410557,0,1,0
146.85,17,2347,4,8.073361876011472,0,1,0
35.9,15,2470,0,18.47895359407302,0,0,0
97.42,11,567,1,6.707145902502707,0,0,0
73.98,20,2238,5,14.142735775041988,1,0,0
59.77,16,1505,4,8.685171956817419,0,0,0
96.76,12,2047,3,12.581490952521637,0,0,0
291.83,1,67,11,728.5627713406177,1,1,1
22.64,12,578,5,1.417202719189501,0,0,0
155.6,16,499,4,5.5825218849871465,0,0,0
115.24,12,47,2,3.040829892644925,0,0,0
42.67,19,165,3,5.649697730302439,0,1,0
186.94,10,1552,2,1.179454822891028,0,0,0
111.39,18,2541,1,5.529775618499424,0,0,0
79.31,14,2235,7,6.544329871646964,0,0,0
134.66,11,1229,5,10.238215546840594,1,0,0
92.8,12,2185,4,3.471525580627362,0,1,0
49.19,15,2287,2,8.075578636134374,0,1,0
7.7,12,822,2,8.350010978001556,0,1,0
171.42,13,91,1,6.975056300435834,0,0,0
124.55,11,276,6,8.65386294570167,0,0,0
24.35,14,842,3,19.097617420090263,0,1,0
43.81,15,47,3,4.612425703938414,0,0,0
70.65,16,2481,2,7.8882533038237135,0,1,0
120.74,18,33,4,1.853213118707866,0,0,0
3.52,12,2765,3,7.634647535185015,0,0,0
101.89,15,709,2,1.834916819547082,0,0,0
39.24,11,1394,3,2.841331781643372,0,0,0
170.58,15,1739,3,1.4989109459825758,0,0,0
176.53,10,1303,6,7.34759830504183,0,1,0
56.99,18,120,2,12.702417994935029,0,1,0
43.77,14,2936,1,9.278223107048099,0,0,0
27.26,6,1458,4,10.694537149796982,0,0,0
1.03,16,2008,4,2.9653438889270323,0,0,0
111.5,5,930,4,18.047064496028238,0,0,0
85.56,12,2908,2,3.059554393699523,0,0,0
170.02,13,2982,2,15.779519093086869,0,0,0
82.35,20,88,2,17.22887161346044,0,0,0
206.45,17,2657,2,1.5518472106713395,0,0,0
91.81,11,2903,5,6.212732126841099,0,1,0
185.42,0,63,13,286.769623366865,0,1,1
1383.76,3,267,10,242.7839603149909,1,1,1
95.32,17,533,4,0.351470965871167,0,1,0
81.72,16,1382,0,2.994080257623534,0,0,0
13.69,8,1194,5,15.785359916289964,0,0,0
133.52,13,2959,3,11.54074164990693,0,0,0
66.72,16,1872,0,8.718957535990386,0,1,0
80.76,12,2585,6,3.258217440811098,0,0,0
30.28,8,2019,2,10.192762640056156,0,0,0
29.91,19,43,2,11.135864010809188,0,0,0
67.37,16,91,5,6.607690360038838,0,0,0
80.23,19,2465,3,17.395380376089495,0,1,0
258.03,15,213,3,14.21663160164946,0,0,0
70.67,15,1460,3,9.45524481168531,0,0,0
110.5,12,1396,6,2.932755854378321,0,1,0
42.89,12,1924,5,0.191567811335573,0,0,0
22.78,14,242,3,12.76008535424698,0,0,0
53.31,9,380,4,23.809178770689567,0,1,0
32.97,12,2204,3,6.921198763407448,0,1,0
157.82,15,1226,2,0.4076213613058641,0,0,0
93.92,14,222,4,8.143689044894847,0,0,0
57.63,9,815,2,3.747017897458833,0,0,0
125.29,13,2086,2,2.9744028440327117,0,1,0
53.36,16,752,3,15.957373510797382,0,0,0
33.94,21,2619,5,12.660968368926044,0,0,0
82.87,8,1211,3,3.7893509551758147,0,0,0
115.81,20,430,3,5.288233919143555,0,1,0
102.13,10,2812,5,4.959740396197955,0,0,0
124.5,11,2666,1,4.706728883326859,0,0,0
227.22,6,2553,5,11.890376957828416,0,0,0
127.86,14,2356,2,11.62278312993115,0,0,0
76.05,14,2396,1,0.7709763750714904,0,1,0
35.53,15,155,5,3.6664150876265746,0,0,0
74.65,14,397,3,5.046534946699584,0,1,0
16.16,8,115,4,3.0893697913773535,0,0,0
100.92,19,401,7,1.6802193225212951,0,0,0
40.78,14,2762,4,2.5752505045166783,0,1,0
136.47,16,163,1,9.353089454723428,0,0,0
49.57,16,943,2,5.85721494806106,0,1,0
186.85,13,414,1,0.7993164792025613,0,1,0
195.61,12,2612,0,6.392012604822993,0,0,0
111.01,16,2817,3,8.728457170858931,0,1,0
28.29,12,1410,2,18.9785358182904,0,0,0
67.0,9,178,7,10.629644922712494,0,1,0
149.72,15,1929,1,6.560875594930685,1,1,0
27.47,21,273,5,0.9618390026985102,0,0,0
167.81,19,1803,2,2.8222467094310097,0,0,0
36.74,13,1077,1,7.702102242762128,0,0,0
104.54,6,55,4,0.9378721783609958,0,0,0
60.84,18,1771,3,8.26005960323767,0,1,0
52.02,8,1179,3,6.189726999679273,0,0,0
95.9,9,1795,3,4.089444342274887,0,1,0
30.49,14,71,3,13.893974743339223,0,0,0
98.23,15,525,4,4.504233699062989,0,1,0
59.72,12,1918,4,9.812677017954494,0,1,0
14.97,10,1471,3,9.607931702130374,0,1,0
113.99,6,1349,4,10.140502405486874,0,1,0
145.95,15,1318,3,5.6780084690580335,1,0,0
15.65,22,1697,2,6.118679669698617,0,1,0
190.09,12,2234,7,9.272806652208896,0,0,0
30.26,11,2010,4,9.234195904798776,0,0,0
102.34,21,1210,3,4.4009477927043825,0,1,0
25.29,7,1431,2,25.552773342175957,0,0,0
63.94,8,626,3,24.169480825719184,0,0,0
32.94,8,2839,3,11.452428375081526,0,0,0
108.54,11,999,6,15.4027637055731,0,1,0
55.18,17,2594,3,7.073939355295575,0,0,0
26.97,13,2986,8,26.012530847449277,0,1,0
31.35,19,1174,4,5.054342346377155,0,1,0
46.01,16,1481,4,0.21111042851749318,1,1,0
108.13,17,2210,1,5.460173416000767,0,0,0
19.2,10,908,4,10.30187302422787,0,0,0
2.18,16,780,3,4.52818985902111,0,1,0
40.5,15,2762,4,3.448685198773754,0,0,0
34.19,14,229,3,7.535475753739247,0,0,0
22.77,7,2244,5,5.092852523206228,0,0,0
122.96,16,948,1,8.384510760817532,0,1,0
137.51,21,286,1,15.062745798890466,0,1,0
252.39,12,2192,5,0.2166243164413153,0,1,0
144.63,11,1257,1,6.2625519646805685,0,1,0
129.24,12,481,4,6.971801799133793,0,1,0
21.95,13,877,1,8.398267362463908,0,0,0
39.49,15,761,6,13.43655445090172,0,0,0
34.19,15,748,0,15.019191061347067,0,1,0
91.7,2,183,11,165.5715766190265,0,1,1
38.89,15,235,3,2.773724370233736,0,0,0
122.24,7,1159,2,1.252753955595474,0,1,0
37.13,16,766,5,0.17407762312783426,0,1,0
123.94,18,528,4,13.581177049924147,0,0,0
53.99,11,1063,2,8.293367866792169,0,1,0
93.36,19,921,1,18.35970096814627,0,1,0
35.55,11,262,2,7.754948899014444,0,0,0
130.46,9,2975,1,9.34946243750004,0,0,0
79.69,15,517,3,6.203639498583268,0,0,0
60.1,10,2644,2,1.3934398732365145,0,0,0
81.12,21,1047,0,11.961301298995581,0,1,0
62.67,6,2522,2,11.295216664785837,0,0,0
58.94,10,1152,5,0.33716074204645174,0,1,0
25.37,12,1015,1,1.3551209583972623,0,1,0
81.06,15,707,2,11.612792757848908,0,1,0
22.95,19,1719,3,16.817380394392014,0,1,0
103.41,22,836,5,13.907746442230117,0,0,0
344.7,11,1875,3,12.98215188268255,0,1,0
16.12,12,101,2,1.940848804558653,0,0,0
94.24,11,2732,6,2.1163613172326974,0,1,0
54.31,9,2449,7,7.37834594722589,0,0,0
395.24,5,845,2,9.16685259900684,0,0,0
14.86,18,2952,0,9.252640743875038,0,0,0
137.25,11,903,0,11.811602999480732,0,1,0
21.35,17,2818,1,8.412419308201269,0,0,0
70.0,14,2723,4,7.125662757684809,0,1,0
3.67,17,389,4,6.71067789044125,0,1,0
6.59,10,1034,1,3.7728308532348045,0,0,0
29.11,23,2809,7,7.268636494994729,0,1,0
78.5,10,379,3,10.235395778581728,0,0,0
219.56,15,1720,0,0.21218304137280164,0,0,0
84.81,18,463,3,16.435643084375084,0,0,0
72.43,18,1148,2,5.7796525780389345,1,0,0
116.94,16,192,3,10.177423816821904,0,0,0
19.88,14,631,3,9.090884438923661,0,0,0
120.09,14,2152,3,5.607112743191542,0,1,0
451.46,0,228,9,198.9874083213766,0,1,1
76.23,10,2048,2,19.21931428648956,0,0,0
120.55,11,2113,1,14.286513778410603,0,1,0
63.82,5,2897,1,1.5910408331379777,0,0,0
50.17,15,466,3,9.038373312612094,0,0,0
147.09,13,31,2,0.9999545994811117,0,1,0
135.02,12,1919,2,6.328050654180704,0,0,0
102.98,11,52,5,4.529000375349985,0,0,0
19.44,13,1612,4,1.850441179716447,1,1,0
45.92,12,1042,3,11.130095418641709,0,0,0
15.82,11,842,4,5.369550879044654,0,0,0
101.94,16,467,5,3.3505427402895673,0,0,0
76.52,17,593,0,0.7733031657434175,0,1,0
7.67,17,1823,5,0.870009898181336,0,0,0
44.98,19,2473,2,7.283364964986567,0,0,0
88.81,8,2623,1,19.401553955538798,0,1,0
172.77,15,1622,0,11.817765607869624,0,0,0
11.38,13,1870,1,0.1908426901461171,0,0,0
91.69,12,370,2,0.6001526249937159,0,1,0
112.17,9,805,3,14.492104292031566,0,1,0
127.6,10,1982,3,9.595820291078278,0,1,0
20.97,16,2654,5,6.586974571077271,0,1,0
73.91,14,830,4,4.543721407197271,0,0,0
13.87,16,2577,5,6.596647906444751,0,0,0
130.19,16,2487,2,10.164126488735082,0,0,0
86.64,11,741,2,4.02627006478647,0,0,0
30.77,16,1766,4,0.02951457229768817,0,0,0
172.25,6,162,4,19.534170066463847,0,0,0
17.93,15,940,3,0.6381930518219638,0,1,0
24.85,13,2708,3,2.1300174903371216,0,0,0
11.61,7,454,3,13.539966476551372,0,0,0
65.9,13,362,4,0.21811494930739883,0,0,0
35.24,11,2894,3,10.053923177482165,0,0,0
69.46,13,1613,8,1.4167887800600996,0,0,0
79.82,15,925,2,9.532480309238913,0,0,0
55.6,18,1292,6,9.10261304953388,0,0,0
16.22,20,1078,3,2.001890900178709,0,1,0
32.47,13,1424,3,13.898352422433806,0,0,0
15.45,11,2082,3,6.878447093068839,0,0,0
68.41,11,1469,3,3.7124926202961994,0,0,0
65.36,14,916,3,10.005221839834876,0,0,0
72.56,23,2852,3,5.980239805834348,0,0,0
33.17,14,1681,3,12.645869422928678,0,0,0
34.35,14,2010,7,0.4515608182448032,0,0,0
71.13,17,1349,2,5.942433706697027,0,0,0
91.37,12,755,4,11.476272319059724,0,0,0
120.29,13,1815,4,5.664903999619419,0,1,0
132.54,8,59,5,0.05226851647620823,0,0,0
35.45,10,416,3,6.838243855218648,0,1,0
105.31,7,368,4,3.6220909541635464,0,0,0
34.12,21,68,4,13.679165864452184,0,1,0
42.64,15,2743,2,23.814638338159956,0,0,0
12.41,10,1563,3,11.746635820111258,0,0,0
104.66,8,2671,4,6.8321680753120955,0,0,0
36.77,10,954,1,7.399412604470788,0,0,0
57.37,15,1578,4,8.992732542909554,0,0,0
32.9,14,299,7,2.6865080524351854,0,1,0
40.6,12,1468,1,10.019013046329128,0,0,0
60.34,20,2763,3,6.652111469526574,0,0,0
82.64,21,641,5,7.871665809029121,0,1,0
61.48,11,559,4,3.458430131202609,0,1,0
125.3,15,943,1,9.815486867222903,0,0,0
87.05,8,1901,2,7.367979291075782,0,1,0
104.47,17,1084,2,3.5441547117136007,0,0,0
67.15,13,2807,2,12.709697511256913,0,1,0
21.86,15,1645,2,2.629786447758731,0,0,0
59.22,9,2567,4,25.202976401887273,0,0,0
26.8,9,637,3,8.11907343432819,0,0,0
191.15,3,310,8,2.3101112921827935,1,0,0
65.68,7,1577,2,5.992666280906516,0,1,0
37.73,9,1816,0,3.5816608575005864,0,0,0
210.19,7,1018,2,0.12717565285295063,0,0,0
88.36,21,2068,2,6.042656191975087,0,0,0
65.15,15,482,3,3.4486396845988923,0,0,0
67.39,10,108,1,8.831863253051798,0,1,0
34.95,16,1738,7,9.119605034390862,0,0,0
86.51,13,2762,0,0.4359423929851616,0,0,0
268.88,17,2039,1,2.672429239095583,0,1,0
186.95,14,2558,3,0.7064531263062523,0,0,0
118.56,11,929,4,2.076114576767971,0,0,0
95.68,11,614,7,1.9102937340064,0,1,0
165.26,10,1492,4,15.166332663906031,0,0,0
149.42,14,1861,0,13.53907567952269,0,1,0
116.18,15,1881,3,5.2479273875996215,0,1,0
65.67,16,2332,4,4.4530274398396195,0,0,0
38.32,11,2508,3,12.22513676350809,0,0,0
18.0,15,2312,3,23.416003143562456,0,0,0
88.81,16,989,2,13.825629952695063,0,1,0
55.83,19,1452,2,15.012631511624273,0,1,0
33.39,13,751,5,14.258637086349834,0,0,0
21.83,7,2356,2,0.7390478766188044,0,0,0
23.14,20,1194,5,6.160403362670893,0,0,0
93.19,21,618,4,7.675334244202709,0,1,0
135.77,12,1392,2,5.128841382863007,0,0,0
172.87,12,1872,6,3.7281355458449736,0,0,0
140.5,14,2707,3,19.01280701214992,0,1,0
209.18,18,2617,2,0.9915175025676941,0,0,0
109.5,12,2533,4,4.923304128415554,0,0,0
25.32,16,526,3,10.45833814092979,0,0,0
57.22,22,2227,1,12.890559898698513,0,1,0
128.76,9,320,3,4.339505816269541,0,0,0
59.95,11,2091,4,6.436031388886865,0,0,0
27.37,13,1009,3,1.0609348238783127,0,0,0
284.98,12,872,2,16.27055532945197,0,0,0
52.63,14,2747,1,7.384464038139566,0,0,0
78.86,17,262,3,9.631188264287065,0,0,0
97.31,16,1155,3,12.941884262039856,0,0,0
19.72,15,825,6,18.416978047449884,0,0,0
53.41,14,1673,1,5.258424145706426,0,0,0
29.05,8,2656,2,5.64279823513871,0,1,0
55.21,9,1471,3,15.542196535463237,0,0,0
113.96,14,439,1,0.32062825810559303,0,1,0
37.42,14,1745,3,11.410940726448207,0,1,0
140.22,16,1706,2,11.465104574521543,0,0,0
44.41,14,2463,4,5.660111707292194,1,0,0
143.77,17,329,4,15.746739272648744,0,0,0
142.56,8,2305,3,19.45713086267294,0,0,0
66.81,12,2205,4,2.061306757132347,0,0,0
28.86,14,210,4,13.250086978019329,0,0,0
45.3,18,2024,2,4.791404100822307,0,0,0
32.04,19,912,2,13.785822459111042,0,1,0
94.1,10,1192,4,4.497208190779679,0,1,0
41.58,9,1226,4,11.674312387615053,0,1,0
138.62,8,569,3,16.272482183916413,0,1,0
43.68,14,2542,6,23.717525045557434,0,0,0
13.58,13,2958,1,14.729862513176922,0,0,0
136.49,13,865,3,7.3863048952343515,0,0,0
292.19,2,54,17,507.13854115032626,0,1,1
5.36,17,1644,1,5.454241331816077,0,1,0
208.44,10,2435,2,9.819697092298258,0,1,0
108.45,13,858,2,9.085328687489616,0,0,0
76.67,10,1217,6,1.5794774810538597,0,1,0
49.51,15,1486,3,1.5464838091651423,0,1,0
48.42,14,2880,0,8.81642486795037,0,0,0
72.47,11,1917,6,10.214011118405251,0,1,0
71.02,11,519,1,8.522362145844422,0,0,0
34.32,16,1345,1,2.4330552500437976,0,0,0
23.68,18,100,2,3.275999441925301,0,0,0
201.89,13,2414,4,14.381074954044351,0,1,0
56.48,20,1104,2,9.723158419703879,1,1,0
58.76,13,415,1,1.3328707321654045,0,0,0
82.76,14,771,3,13.151188061764683,0,0,0
43.44,7,2279,3,4.209267945662791,0,0,0
65.43,3,791,7,2.575858096755271,0,0,0
19.86,0,48,1,10.833610551278081,0,1,0
47.54,13,2231,5,15.922535693240949,0,1,0
98.77,17,1145,6,5.464409177125387,0,0,0
54.94,16,1850,3,5.067117638103506,0,1,0
61.97,20,1384,1,7.990935132947994,0,0,0
117.35,11,953,1,0.9849793981883108,0,1,0
78.75,15,55,9,17.50629449809249,0,1,0
158.27,10,2882,2,1.2614457628287936,0,0,0
94.91,14,1982,3,6.938308063809252,0,1,0
168.98,12,953,5,5.189905658109561,0,0,0
151.44,4,470,6,9.709227429867095,0,1,0
96.13,18,2623,4,8.51521162419157,0,0,0
80.14,14,1611,2,15.56124376990489,0,1,0
126.96,6,1937,0,8.731925632138909,0,0,0
58.46,19,2186,8,16.24118040249833,0,0,0
674.43,0,285,9,664.5351097148125,1,0,1
12.52,15,965,4,6.312483683499066,0,0,0
31.86,14,2166,4,4.04287557162591,0,0,0
50.34,16,1413,3,21.82217827256162,0,1,0
43.15,16,1468,1,0.6463326518208419,0,0,0
211.83,21,102,1,11.634461568902918,0,1,0
82.04,18,2169,3,14.71765465188978,0,0,0
129.98,12,2211,4,1.5782995092761976,0,1,0
154.65,16,986,3,4.437989762665181,0,1,0
131.53,15,1491,3,12.377353112049558,1,0,0
33.81,20,1504,4,14.520637898475938,0,0,0
62.73,15,33,3,5.448020868687548,0,1,0
249.24,11,1054,1,5.776731523820504,0,1,0
53.66,20,2210,2,2.3002404861865307,0,0,0
102.1,3,2422,0,11.512413675183211,0,0,0
65.56,19,2034,4,13.90970459186175,0,1,0
26.97,20,2247,2,2.421201666801026,0,0,0
137.59,19,308,6,10.108499357626076,0,0,0
106.37,18,1876,2,7.576642937252286,0,1,0
50.64,18,2654,2,2.398310007589298,0,1,0
129.37,12,59,4,2.283136724266954,1,0,0
147.91,14,952,6,4.386524373022267,0,1,0
13.57,9,596,1,0.9322342819985634,1,0,0
113.86,19,998,7,2.040172842488725,0,1,0
51.92,11,2728,4,7.898872744022762,0,1,0
11.03,23,1653,1,23.50257707728505,0,1,0
66.4,8,683,4,3.0655180858240847,0,0,0
223.77,13,307,3,2.725116440689864,0,0,0
44.63,17,1177,1,10.484279869453248,0,0,0
50.58,15,2433,4,5.042385157916478,0,0,0
52.6,12,187,8,11.470810190673193,0,1,0
310.04,22,1129,5,0.63872117566748,0,1,0
159.36,12,323,3,5.879537290029894,0,0,0
54.6,14,1360,0,1.937015360361713,0,1,0
40.71,11,951,4,3.849337323405342,0,0,0
113.62,17,2146,2,4.554176531828835,0,0,0
22.26,10,714,4,4.352793371039462,0,1,0
134.55,5,2937,2,12.114668126456282,0,1,0
127.49,13,2581,0,15.02756760357808,0,1,0
23.2,9,1131,5,2.726772749828334,0,1,0
115.37,9,1080,0,6.2886323484916495,0,0,0
10.9,17,131,2,4.121922478161269,0,0,0
166.57,13,2448,3,5.2903202005033005,0,1,0
46.02,8,900,6,7.672290805276948,0,1,0
38.9,15,51,2,0.1594309603798605,0,0,0
93.36,8,766,6,1.065647824575776,0,0,0
31.7,11,2502,2,0.07955314289132076,0,0,0
145.99,19,1185,5,9.489481797754173,0,1,0
77.59,15,2180,1,19.980555783841844,0,0,0
14.94,18,1719,2,6.841974219856844,0,0,0
12.29,9,1955,4,11.840988553132973,0,1,0
35.88,12,2283,0,1.1180524882594294,0,1,0
172.35,7,194,4,5.6806123019383445,0,0,0
159.76,23,2916,3,5.1461306064113845,0,0,0
14.05,7,1479,6,4.989282174969889,0,1,0
82.62,12,837,2,2.310720444498192,0,1,0
64.76,12,51,2,6.370429143832644,1,1,0
59.25,11,2399,3,8.190110980137442,0,0,0
92.74,16,1621,0,2.4727928984364915,0,0,0
267.3,15,924,2,1.9562350082188882,0,1,0
67.77,15,738,2,7.147659526544436,0,1,0
106.2,8,1232,3,10.406773272531584,0,0,0
133.4,14,2732,3,4.341714970098073,0,0,0
50.86,14,1740,4,3.217516012699554,0,1,0
39.7,15,1768,3,7.998765732183417,0,0,0
43.92,22,2209,3,12.46131490977058,0,1,0
37.72,13,2737,3,9.688688111986119,0,0,0
52.63,9,2956,5,1.1459502517889608,0,0,0
68.63,11,412,4,19.140188877273193,0,1,0
34.91,15,49,1,4.095238913913312,0,0,0
33.31,15,1883,1,6.688179688888875,0,1,0
67.66,9,1563,4,7.227650737140053,0,0,0
30.78,18,2139,3,3.8378221316363876,0,1,0
40.16,11,2212,0,10.508946898837577,0,0,0
140.19,7,1768,2,16.002765207590436,0,0,0
90.43,17,1040,2,4.449253980338016,0,0,0
56.85,14,797,0,11.203438180915853,0,1,0
118.03,14,1338,3,9.937282900503979,0,0,0
152.26,17,176,4,5.395296433112094,0,1,0
136.47,17,334,3,1.7414500672195241,0,0,0
19.36,14,2642,5,6.125637231102862,0,1,0
76.36,13,2901,1,5.258484937639839,0,0,0
87.01,18,1044,5,22.37926714551366,0,0,0
36.65,22,140,5,10.337275351807275,0,0,0
283.89,13,1500,4,2.82645581889407,0,1,0
112.78,14,1662,4,10.586215486925454,0,0,0
15.65,14,1928,4,7.009863785415687,0,0,0
73.6,18,1498,0,6.8384717128894605,0,0,0
83.5,18,2351,5,12.532290657053016,0,0,0
195.51,18,2713,2,6.727790160893843,0,0,0
67.84,10,1642,1,10.479927847659784,0,0,0
63.0,15,252,1,15.331812711998714,0,0,0
28.43,17,271,2,3.950315675275153,0,0,0
88.54,13,99,5,4.904012826507158,0,1,0
47.7,13,1488,1,4.398389833801378,0,0,0
55.39,14,2348,5,2.3030640347919356,0,0,0
35.02,11,500,3,23.09616199848241,0,0,0
138.38,8,927,1,1.5445478874208418,0,0,0
100.58,13,821,2,6.9143844265441805,0,1,0
16.21,12,1166,6,9.463477802188617,0,0,0
30.07,14,418,4,13.956908655838497,0,1,0
95.48,15,244,7,1.9951495761323343,0,1,0
113.48,12,2884,6,0.05034907456629334,0,1,0
85.94,6,2199,1,2.011547930374474,0,0,0
212.81,20,403,4,10.129889512182812,0,1,0
129.59,12,1944,6,16.95105709429536,0,0,0
79.24,20,2394,5,22.221148833263474,0,0,0
116.22,17,2356,4,17.450214625630302,0,1,0
17.99,21,243,2,13.627001339237095,0,0,0
87.43,13,182,3,8.121908154589601,0,0,0
25.52,15,1299,0,3.619608461965787,0,1,0
204.22,13,1365,5,4.206841481988938,0,0,0
139.51,17,1783,4,8.743017465080424,0,0,0
123.97,15,1541,2,10.227067129465308,0,0,0
149.66,13,1242,4,1.9360277308807756,1,0,0
79.3,9,330,1,17.672385005058608,0,1,0
28.6,17,1621,3,13.293582505220947,0,0,0
100.6,17,727,4,12.73602056214887,0,0,0
24.53,14,625,3,12.507030103077938,0,0,0
76.99,8,1445,3,6.165088792105177,0,0,0
204.28,18,2642,1,10.025675285827,0,1,0
74.51,4,1052,3,8.85638983340874,0,0,0
77.54,6,1965,4,0.8079545075772687,0,0,0
25.46,19,409,1,5.863873108392451,0,1,0
25.51,16,2346,4,7.547292591162472,0,0,0
165.1,18,500,3,12.917237681713189,0,0,0
21.71,9,1231,2,8.797085362674029,0,0,0
11.21,13,2360,4,11.167475255029107,0,1,0
26.58,12,2374,3,5.990847675808174,0,0,0
155.14,18,732,6,5.28668505728028,0,0,0
19.07,1,1288,2,5.919194115269347,0,0,0
17.37,12,1865,2,10.676774272590592,0,0,0
79.22,8,1242,2,13.754615450704318,0,0,0
119.49,9,1120,0,3.8190023628979857,0,1,0
26.28,15,935,0,0.42757328762169067,0,0,0
102.57,14,937,3,10.054633085777056,0,1,0
290.42,9,2937,1,7.261325595026827,0,0,0
46.76,22,2835,6,11.25360493373985,0,0,0
72.54,11,1024,1,11.913267478030189,0,0,0
223.17,1,357,16,98.42040989887403,0,1,1
46.79,13,1510,1,6.547263552338577,0,1,0
34.36,8,2972,5,1.9052341903857108,0,0,0
257.31,14,2811,4,17.55889397210324,0,0,0
54.7,16,927,2,1.446620627271594,0,1,0
60.64,11,1262,5,14.564529852075855,0,1,0
46.86,17,1405,3,0.31398556006927336,0,0,0
25.02,9,1529,2,13.833289057467955,0,1,0
39.62,20,1279,3,2.6649561402785817,0,0,0
111.64,13,334,5,7.070639158970673,0,0,0
102.98,9,2947,3,6.575256351048617,1,1,0
22.4,13,1090,0,0.08760854674724516,0,0,0
312.86,6,1659,2,1.8702727371760481,0,1,0
3.01,11,292,6,10.78142289410907,0,0,0
35.86,23,2922,4,6.624786312711844,0,0,0
5.79,11,2490,4,0.48149723023119595,1,0,0
33.35,17,1714,0,4.872990496579466,1,0,0
172.57,15,85,1,1.1639020949404664,0,0,0
128.22,3,606,2,1.3523592595874794,0,0,0
135.75,13,1992,0,8.948488870567571,0,1,0
251.35,15,1956,4,10.881882685943518,0,0,0
31.9,16,2307,3,8.42949131151693,0,0,0
123.25,19,1029,0,14.18519456497669,0,0,0
168.33,9,1481,4,0.8038150323626541,0,0,0
127.89,16,2479,7,11.129889678972402,0,1,0
136.27,14,1369,4,1.14000656844056,0,0,0
82.91,12,663,7,2.4135608161252886,0,0,0
256.39,17,1656,4,3.822270944067415,0,0,0
49.01,13,988,2,9.91122073943536,0,0,0
54.99,11,1908,4,1.3980368375292707,0,1,0
63.88,15,2044,5,4.455094442256015,0,0,0
63.0,14,2441,1,2.5157847329500287,0,0,0
56.69,14,1099,4,18.245162010019225,0,1,0
148.22,20,2392,1,2.6900289733209313,1,1,0
16.15,10,1775,4,3.154152115533493,0,0,0
133.4,15,131,3,16.12352751535378,0,0,0
146.82,19,1942,3,3.0779173048435364,0,1,0
89.15,17,2710,3,16.217704139906203,0,1,0
32.58,12,2709,3,13.063765394787145,0,1,0
52.38,13,2584,1,0.730682138961182,0,0,0
38.95,14,2055,0,7.229260744082589,0,0,0
38.28,21,2483,2,21.106101722038336,0,1,0
15.3,7,2377,3,7.696818240860463,0,0,0
30.13,10,698,2,13.353394960987002,1,0,0
93.01,16,1177,2,16.177848106618093,1,0,0
145.81,9,1242,8,8.267599275338274,0,1,0
86.54,9,1007,1,9.186933071992998,0,1,0
91.88,19,2350,2,5.456031436579545,0,0,0
101.15,16,2818,5,17.88879480054157,0,0,0
64.38,13,512,2,2.414848471684654,0,0,0
132.55,15,2475,3,11.64241480714793,0,0,0
191.49,13,1891,4,4.442450884748466,0,0,0
25.08,20,1549,1,3.1373784078677023,0,0,0
177.67,17,2388,3,11.733641736867913,0,0,0
101.65,20,2684,2,5.383894146253434,0,0,0
112.95,18,2565,0,3.1091930966941925,0,0,0
33.01,14,2280,1,3.8416848842080515,0,1,0
52.19,16,1854,0,2.5638470075709368,0,0,0
67.74,19,2872,3,12.492598962088321,0,0,0
121.52,11,315,2,4.535488750553661,0,0,0
70.19,18,370,2,12.07853687077708,0,0,0
37.01,17,284,2,4.787851084213466,0,1,0
83.77,13,2844,1,6.535658595552825,0,1,0
61.19,10,2467,6,2.4540924736395606,0,1,0
22.7,16,1319,2,0.29289095437633517,0,0,0
54.68,12,1678,4,5.640583844972787,0,0,0
23.02,17,2252,2,4.774697206366589,0,1,0
16.73,11,2066,2,10.047460674446025,0,1,0
103.82,5,2792,1,11.107194058958328,0,1,0
271.86,13,352,4,9.40156572367692,0,0,0
182.74,18,1906,6,5.748825260259364,0,1,0
32.14,18,2747,4,13.14232361035062,0,1,0
114.05,14,2899,0,2.3111376146334313,0,0,0
111.48,20,90,2,3.3260636897486258,0,0,0
105.78,13,2357,3,2.9529098370116675,0,1,0
265.05,15,2154,2,5.606021467147254,0,1,0
91.63,12,463,1,0.8964886167529,0,0,0
35.37,10,2655,2,8.209457423066286,0,0,0
56.46,16,136,3,3.4067587323957333,0,0,0
161.1,13,130,5,6.3818996470515765,0,1,0
123.72,6,165,2,15.728091141100789,0,0,0
42.3,13,2873,3,3.98298632884926,0,1,0
58.87,18,2498,2,1.168630633572814,0,0,0
34.19,11,447,1,1.9878019355945646,0,0,0
7.74,10,238,3,0.6983687833407419,0,0,0
54.45,17,2679,2,13.38534759688794,0,0,0
95.76,10,856,3,9.10677173637315,0,1,0
39.85,13,2962,4,2.853291144487158,0,0,0
83.34,19,2896,1,3.7812865031346234,0,1,0
94.06,22,2998,4,5.117580995538313,0,0,0
336.16,9,62,3,2.3220801148910475,0,1,0
52.94,15,959,1,13.852657690972082,0,0,0
73.27,15,886,3,10.013269661129787,0,0,0
6.67,9,1883,2,7.2243967544431715,0,1,0
112.12,12,1472,5,0.08051918694311766,0,0,0
96.1,16,2198,3,6.316898698427334,0,1,0
95.28,6,616,3,11.130184622856447,0,0,0
58.05,13,116,1,0.5084013318801794,0,1,0
63.92,14,1890,3,5.5076446751376515,0,1,0
45.34,15,1149,2,18.7734180050165,0,0,0
157.56,12,1318,2,4.196702739967619,0,0,0
78.02,15,1674,3,10.361217080195598,0,0,0
20.61,19,1043,3,11.523346181022841,0,0,0
105.01,12,735,2,1.272766770790847,0,0,0
20.67,6,1714,2,7.139025291889794,0,0,0
12.38,15,1608,1,12.03092167759703,0,1,0
100.68,16,589,6,5.442113106349691,0,1,0
52.3,13,2538,1,16.276011462142556,0,1,0
44.68,18,2164,2,13.896862163605348,0,0,0
6.24,16,298,6,3.6457213056875073,0,0,0
21.13,12,602,3,3.891496448008011,0,0,0
85.06,11,2791,8,6.254264276643943,1,0,0
149.04,12,344,4,11.178757877472497,0,1,0
30.09,18,1696,5,2.550630306630935,0,0,0
78.56,3,962,5,8.76644701843907,0,1,0
96.93,10,1912,7,5.481625152463978,0,0,0
85.05,12,1237,1,8.541638416499262,0,0,0
144.55,18,284,2,29.36957755563375,0,0,0
53.62,9,791,4,9.19468167514518,0,0,0
78.91,17,2407,4,4.061747417337199,0,0,0
90.67,14,2570,5,1.302904313929635,0,0,0
49.69,11,1593,3,3.946249813836488,0,0,0
142.9,12,1036,4,15.679602010131983,0,0,0
115.92,21,2410,1,6.81368282070199,0,0,0
590.0,3,316,7,152.33569012475624,1,1,1
39.34,14,1423,4,13.643444634720765,0,1,0
82.78,13,133,3,9.725744170076538,0,1,0
19.66,9,1395,2,14.454068437911111,0,0,0
127.63,19,238,2,5.288875284478623,0,1,0
70.23,14,2331,2,15.828689453773428,0,1,0
81.94,6,258,2,1.3759636410268508,0,1,0
191.59,14,758,5,2.395213839921717,0,0,0
7.79,20,2661,1,9.824729075430055,0,0,0
27.11,15,1565,4,8.251969002072604,0,1,0
71.13,14,2960,5,15.158868202540516,0,1,0
47.15,11,1044,1,7.900591284185461,0,1,0
128.36,8,2362,2,9.51643295658317,0,0,0
25.02,16,2063,6,4.494504443107564,0,1,0
98.63,13,436,3,2.4062272266273013,0,1,0
23.62,17,1711,4,16.36477591823143,0,0,0
43.82,13,1267,1,11.464703647324445,0,0,0
122.56,11,210,2,2.0753169475796445,0,1,0
27.79,18,1085,2,10.593846230783015,0,1,0
52.83,14,2290,1,14.486030551031957,0,1,0
144.81,13,1562,3,6.468541713572382,0,1,0
98.87,12,2549,6,18.68840655222639,0,0,0
30.47,20,342,5,1.10355155811955,0,0,0
22.06,14,793,0,10.45334224683506,0,0,0
56.24,12,1573,5,8.989503255915292,0,0,0
195.83,12,1707,6,2.241165436022243,0,0,0
190.44,15,2194,3,6.163241827719451,0,1,0
162.25,15,2683,0,1.5294391043732105,0,1,0
80.39,15,102,7,1.605703355309637,0,0,0
134.56,11,2794,2,21.951137433979447,0,1,0
58.87,10,2275,2,17.04975347478194,0,0,0
108.64,13,2897,5,3.1074321317418896,0,0,0
44.52,14,47,5,4.3123851881101665,0,0,0
105.49,18,2211,2,0.31450688438559116,0,1,0
21.49,22,1880,5,9.421534157795085,0,1,0
105.19,17,43,6,21.160701219213838,0,0,0
32.88,13,838,2,7.845395878746392,0,1,0
27.96,11,2509,4,2.2202149097467023,0,0,0
204.9,12,2491,2,3.972260281007033,0,1,0
82.16,11,2810,2,1.1528390094901129,0,1,0
82.05,11,2744,2,0.8274364913091494,0,1,0
122.12,5,1854,0,10.4762934026888,0,1,0
43.34,17,49,3,1.3719381770139822,0,0,0
27.84,15,2566,3,0.5694922228364465,0,0,0
67.0,22,1203,3,1.3019143022054949,0,0,0
12.79,14,1795,1,15.105152849726826,0,0,0
68.82,13,446,0,2.7125057602304565,0,0,0
49.15,14,2003,2,1.2868806299185942,0,0,0
160.52,18,2747,6,0.16785709100421364,0,1,0
152.22,17,2834,2,14.063778977854977,0,0,0
26.05,14,809,3,12.722071144530865,0,0,0
27.09,15,1409,1,0.2053223382437137,0,0,0
72.51,12,1987,4,3.2097957555179395,0,0,0
58.82,20,2594,4,12.520428414933937,0,1,0
63.25,16,2299,3,2.515652799073431,0,0,0
33.05,10,829,2,6.441725031555597,0,1,0
33.12,15,2878,6,18.012620637169356,0,0,0
94.77,13,1347,5,0.9208483029300902,0,1,0
12.99,14,1052,2,6.000248598470263,0,1,0
4.02,10,2130,2,8.543224713486525,0,0,0
92.1,14,1728,7,7.057500135423597,0,0,0
273.19,16,1053,3,16.653663557205462,0,1,0
84.31,10,2815,0,1.8713553062324388,0,1,0
103.16,7,651,2,1.1431443440312408,0,0,0
19.16,15,2579,6,2.318329547925905,0,0,0
45.68,15,165,3,15.35696499803524,0,0,0
105.19,15,431,6,1.002639446226088,0,1,0
13.71,10,2952,4,2.1139712674720634,0,0,0
82.99,18,2091,3,9.583909805340333,0,0,0
25.52,14,2213,2,8.894528278650498,1,1,0
49.7,11,2641,2,5.535993915469183,0,1,0
124.61,16,1750,5,0.08595654924657659,0,1,0
127.22,11,2515,2,7.762172582412854,0,0,0
81.25,5,1138,2,15.798535321659358,0,0,0
152.54,7,1159,3,7.093183920520951,0,1,0
71.49,18,2670,0,17.452113385530637,0,1,0
8.0,7,196,2,1.054384372749591,0,0,0
96.9,18,633,3,11.398523643597075,0,1,0
74.7,12,1381,4,19.43632360459919,0,0,0
69.59,13,1434,3,5.118728925467916,0,0,0
37.48,18,2844,4,9.501217840590503,0,1,0
15.22,9,1729,1,0.7645044962989278,0,0,0
56.93,10,2768,3,16.040952270269777,0,1,0
42.77,12,2074,4,0.8660699932002034,1,0,0
42.13,14,1968,0,6.997523290081453,0,0,0
69.25,16,1749,3,8.006059599105189,0,1,0
105.85,8,1902,5,11.999509848642004,0,0,0
57.89,10,2129,3,6.624630776203128,0,0,0
62.5,9,533,1,0.7964056451051782,0,0,0
37.9,20,760,1,9.778398866431044,0,1,0
8.33,8,2595,8,6.814628020818172,0,1,0
46.79,11,1480,2,6.102547134101942,0,0,0
39.82,14,1568,6,14.369946334366086,0,0,0
102.14,17,633,3,12.014644984905512,0,0,0
104.31,9,305,5,11.599783247543344,0,0,0
89.46,19,1259,3,1.8116858168242658,1,0,0
64.27,10,659,4,9.443795088156131,0,1,0
40.61,15,2439,1,9.51509852866183,0,0,0
28.96,14,1708,3,10.64828525795022,0,0,0
362.25,13,2863,4,2.155164104896767,0,0,0
92.18,11,2010,3,2.3046894640125486,1,0,0
69.44,16,491,2,12.815349824969612,0,1,0
29.23,13,2849,3,11.239991731418185,0,1,0
165.81,10,375,7,16.68037642179832,0,1,0
28.91,12,1374,8,5.962402728081511,0,0,0
123.26,11,1202,3,0.36484647042699336,0,0,0
76.86,14,1708,5,8.197078268803548,0,1,0
87.08,10,322,8,6.210729815278269,0,0,0
71.25,8,332,1,9.142042162958685,0,1,0
19.57,19,2889,3,10.466135990072573,0,0,0
55.42,12,584,0,10.613376034308729,0,1,0
340.96,16,2388,3,10.23922495119038,0,0,0
106.06,12,250,5,13.933066279439085,0,0,0
19.72,14,815,3,8.502791536749157,0,0,0
113.86,20,407,5,7.1412892366006195,0,1,0
62.42,14,847,3,1.2858461118352853,0,0,0
85.5,17,375,1,11.082279816892765,0,0,0
201.06,9,1463,3,10.543214794389348,0,0,0
139.64,9,2124,4,6.366021702129514,0,0,0
104.02,14,2726,1,14.690819354723498,0,0,0
28.78,13,548,1,3.7320377175364907,0,0,0
251.52,15,1045,0,6.475877076338304,0,0,0
63.33,9,1092,4,7.555304252954682,0,1,0
39.96,14,1491,4,8.448105048709017,0,0,0
20.6,15,255,3,17.011985469256803,0,0,0
41.91,13,2950,3,7.771706390988381,0,1,0
125.6,16,946,2,3.2294753636979445,0,0,0
60.36,12,2326,1,12.376848596157323,0,1,0
59.46,15,1417,1,8.129639534165703,0,1,0
126.36,15,376,1,11.58752115610119,0,1,0
114.33,13,585,1,6.02036135935589,0,1,0
69.64,14,2258,5,5.6409725939809094,0,1,0
34.31,13,165,1,0.6830851355347649,0,0,0
17.64,17,880,2,15.3471346115582,0,0,0
123.75,9,2730,3,3.641830027856515,0,0,0
51.14,16,2455,4,24.15939352084509,0,0,0
193.27,17,1590,2,3.2253920013142245,0,0,0
33.95,12,2115,3,10.157600719351223,0,1,0
33.93,16,926,2,5.897830210581899,0,1,0
83.73,18,1650,3,17.459912693046693,0,0,0
148.81,12,2940,3,7.916434543243586,0,0,0
16.8,20,224,2,4.154729572785384,0,0,0
33.24,17,2469,4,10.271110266529828,1,0,0
30.17,21,1679,0,1.223153491758481,0,0,0
17.22,16,1800,1,7.026814164536152,0,1,0
57.32,21,973,5,3.719845856937045,0,0,0
34.96,9,1638,2,3.627436057725789,0,0,0
19.88,9,1873,2,6.884597014078107,0,0,0
81.56,11,1117,0,1.1549880131631194,0,0,0
156.28,15,229,0,10.936615951422546,0,1,0
80.8,13,1142,1,3.264748537263097,0,1,0
86.72,7,774,2,0.514660969011211,0,0,0
20.14,12,1691,3,7.76311002222751,0,1,0
39.33,13,2475,4,2.2245488556753856,0,0,0
94.22,6,939,1,18.675176608427236,0,0,0
41.38,11,2096,7,2.658856016604939,0,1,0
36.79,12,2959,4,19.86618437873592,0,1,0
166.07,10,389,3,0.4261483847316567,0,0,0
141.77,17,635,2,6.684412333363467,0,0,0
46.84,21,1652,5,0.6324280818684835,0,0,0
39.76,10,2058,4,6.444734553161915,0,1,0
94.52,16,2573,5,7.568410093929165,1,0,0
116.28,14,1951,4,21.047126406093255,0,0,0
52.34,11,2215,0,7.6336609771395345,0,1,0
95.93,15,2785,3,4.7330611340158075,0,1,0
54.95,15,1340,2,23.812741889850063,0,1,0
106.41,10,1511,2,0.36003451778520557,0,1,0
134.18,17,1961,4,5.037261378823749,0,1,0
15.52,16,2737,6,1.461294605177197,0,1,0
22.44,16,1089,1,0.8397068734222115,0,1,0
87.6,15,557,2,3.2353197326323535,0,1,0
172.26,16,62,2,21.629821249711274,0,1,0
73.44,17,1786,2,4.346986579845702,0,1,0
46.8,8,599,5,5.944941515160716,0,0,0
30.13,19,1365,1,12.602617485033921,0,1,0
29.28,5,2473,2,6.591932780751521,0,0,0
127.6,14,2471,3,7.5764048086753775,0,0,0
23.58,11,2773,7,3.511629099217636,0,0,0
141.46,10,1145,0,13.74876365209808,0,0,0
117.59,11,2355,2,17.18209733598217,0,1,0
72.56,21,2508,0,12.21135189167931,0,1,0
66.34,17,2375,4,1.0374529963501415,0,0,0
58.5,15,661,3,12.086487172805544,0,1,0
48.91,15,459,10,9.205629158574112,0,1,0
198.04,9,2206,1,12.29276823094983,0,0,0
196.92,3,66,2,12.46722246709994,0,0,0
116.51,12,2875,4,2.772970227459637,0,1,0
43.22,18,1675,6,6.449748997951249,0,1,0
82.9,10,91,3,2.416311709881428,0,0,0
70.15,14,1989,3,11.489662096996176,0,1,0
51.4,12,2114,3,7.542373856665872,0,1,0
71.61,18,2002,0,12.3739313909621,0,0,0
37.87,14,1198,5,1.0577480455154404,0,1,0
173.59,13,825,3,3.333647991965714,0,0,0
116.39,9,109,4,3.968301625688726,0,1,0
63.21,9,391,6,0.3906056646855438,0,1,0
10.7,9,2061,4,2.995088010984946,0,1,0
39.98,10,908,6,13.983578435791863,0,1,0
74.68,15,1066,2,5.532017819761386,0,0,0
72.58,10,1500,3,2.0553180949642007,0,0,0
35.27,8,1438,1,15.029288166426099,0,1,0
40.73,15,107,2,2.162156191007801,0,0,0
84.02,8,1792,6,0.6324991351776994,0,0,0
144.26,9,1190,1,12.815060478719532,0,1,0
131.67,22,1867,3,9.835009138524791,0,0,0
40.72,12,899,4,7.876865977494885,0,0,0
104.23,9,2573,2,4.90043590678686,0,0,0
56.42,11,850,4,13.226005604256295,0,1,0
27.29,13,1084,2,2.3297824143463886,0,0,0
105.53,16,1665,4,8.716575612651743,0,1,0
70.83,10,1604,4,27.259565662260442,0,1,0
84.45,11,2474,5,1.8609012499570055,0,0,0
82.81,6,1850,10,2.798499615738139,0,1,0
207.35,15,1328,4,8.572106268586193,0,0,0
80.4,19,963,7,4.932230483373205,0,1,0
70.64,18,2254,3,6.664311731413213,0,0,0
53.09,10,1956,2,7.841943004921969,0,1,0
83.1,17,2996,5,3.2922021528475724,0,0,0
69.44,14,996,1,6.793147157551657,0,0,0
23.57,18,492,3,1.5539817158894618,0,0,0
21.98,21,2435,3,10.867901018625478,0,0,0
43.04,13,2624,5,12.23714203147979,0,0,0
6.37,22,1620,2,0.10396420099556725,0,0,0
95.57,14,1614,3,7.1171146813864254,0,0,0
59.22,17,2323,1,0.9811063136434042,0,0,0
45.2,12,1802,0,5.234947841897236,0,0,0
75.23,11,2550,6,3.4773980850631068,1,0,0
93.51,16,412,1,6.122754183164076,0,0,0
97.76,15,1822,3,6.889011734911355,0,0,0
31.7,17,1133,4,8.669629824841085,0,0,0
62.87,11,2248,2,7.573309821558624,0,0,0
59.2,20,1924,3,6.4319994200093635,1,0,0
31.93,18,2665,3,9.11483681621775,0,1,0
14.01,13,1045,6,11.761171070104048,0,0,0
39.34,13,2504,3,17.21796648627556,0,1,0
339.71,2,212,9,26.751567491104538,1,1,1
44.47,16,471,5,4.303677292751934,0,0,0
307.41,10,1273,5,4.78181347864232,1,1,0
58.84,7,2162,6,12.478506747709735,0,1,0
152.76,13,1319,2,11.20574518325758,0,1,0
21.32,15,758,4,6.77807566500031,1,0,0
168.84,11,554,2,6.262252412419838,0,0,0
34.29,11,1410,1,9.807148978683164,0,1,0
112.88,1,1850,2,1.4175236032219067,0,0,0
62.98,14,1425,4,3.863439106151258,0,0,0
125.17,15,589,4,3.985982676586686,0,0,0
47.27,11,1256,0,3.5420311103023785,0,1,0
54.35,15,1263,7,12.070823998255495,0,1,0
59.0,17,2808,5,15.56249930373357,0,1,0
158.48,18,1514,2,3.4725266465774727,0,1,0
133.31,23,775,2,3.559432660999895,0,0,0
83.25,7,2267,3,19.680232960581144,0,1,0
41.13,15,2203,3,4.308951972131533,0,0,0
24.22,14,2903,6,3.634214731184466,0,0,0
5.09,9,2168,4,5.880253554541491,0,0,0
58.72,9,2735,0,9.283461016990042,0,0,0
72.58,14,1564,2,1.2199102164919475,0,1,0
187.42,18,1405,2,5.8710175428469125,1,0,0
90.65,17,2327,3,9.250868437225478,0,1,0
82.86,21,2149,0,10.177208863922342,0,1,0
19.1,14,1523,3,4.253786204981558,0,1,0
73.11,18,1521,1,13.965050188628052,0,1,0
18.44,18,745,2,12.536985072006345,0,0,0
62.57,15,1226,1,0.29998120049453725,0,1,0
35.96,16,1484,7,2.9886807808253213,0,0,0
65.72,9,367,3,4.912583505708044,0,1,0
90.77,14,600,3,5.571186546525801,0,0,0
113.2,14,489,3,12.086721212060688,0,1,0
35.24,13,2611,0,10.29485872440069,0,1,0
49.53,15,1353,2,11.478808483254777,0,0,0
72.2,11,2592,7,0.7372347521503393,0,0,0
58.82,9,2441,1,3.1672924035701544,0,0,0
201.34,12,1372,1,6.236789838363002,0,0,0
100.42,10,406,3,17.63386337771511,0,0,0
99.88,13,1718,3,3.5351220473101934,0,0,0
143.25,17,969,4,8.262422833419782,0,0,0
179.12,14,1692,5,3.4776221890495616,0,0,0
29.23,16,627,2,9.404461409804973,0,0,0
84.32,14,1061,6,15.208635486699317,0,0,0
90.22,11,2190,2,8.36632618897876,0,1,0
68.44,7,2809,2,16.93992057341549,0,0,0
87.42,18,636,1,2.5554023661155805,0,0,0
203.64,16,1758,2,3.9689085484837303,0,1,0
69.03,17,1697,3,6.271545198351683,0,0,0
53.12,13,873,2,4.585188880138967,0,0,0
31.28,17,186,3,2.1748532023675153,0,1,0
25.67,16,1363,4,1.0982797652428546,0,1,0
6.78,11,960,1,9.881051952723478,0,0,0
73.54,7,515,5,7.410674408208387,0,1,0
81.94,16,855,6,0.8478652328307819,0,0,0
59.15,12,1417,3,0.16147251270436147,0,0,0
107.92,14,1624,2,1.4874056511726135,0,0,0
14.29,9,553,1,12.051514425305982,0,0,0
123.84,13,118,2,2.9663892139490287,0,0,0
189.11,9,2634,2,10.952422488323858,0,0,0
74.27,20,2540,1,11.565914600804685,0,1,0
54.25,13,1665,3,0.43120764599549677,0,0,0
30.32,14,1760,2,15.04070838598831,0,1,0
55.04,12,618,2,28.555919742749616,0,0,0
39.74,8,476,2,2.8802343542683744,0,1,0
31.0,12,2226,4,9.816832282507718,0,1,0
94.5,11,2052,2,20.805223354655254,0,0,0
68.97,15,267,3,4.627149989482134,0,1,0
40.53,17,1878,3,5.111861348285039,0,0,0
22.12,8,976,3,7.041575196998327,0,0,0
53.93,18,1392,3,2.105707955989688,0,0,0
159.8,14,2632,2,18.581112498794145,0,1,0
61.53,13,727,4,12.034267603842991,0,1,0
34.03,15,725,2,11.524797021904696,0,1,0
15.68,13,2570,5,13.064821956240054,0,1,0
17.28,20,1818,6,9.129377979336692,1,1,0
134.91,10,2678,3,13.475341971844008,0,1,0
85.21,15,904,1,8.35655851541775,1,0,0
41.45,16,1212,7,5.182299190256757,0,1,0
218.0,15,1861,2,3.934916886340716,0,1,0
67.15,11,2815,5,12.436023330125824,0,1,0
51.64,17,2920,3,9.971425160220102,0,1,0
43.46,18,1207,4,4.9233461889178285,0,1,0
121.68,17,1499,6,2.2785752547842635,0,0,0
48.99,17,1787,2,4.467646578251506,0,0,0
76.3,10,1652,4,3.376313699107852,1,0,0
154.27,8,2107,7,17.130865303515456,0,0,0
338.54,0,243,10,387.634893398518,1,1,1
135.11,8,2776,3,6.945183483659552,0,0,0
191.25,16,1409,3,6.195422939481497,0,0,0
74.29,18,2829,3,2.5781065338005043,0,0,0
123.46,15,1556,3,1.930639361034546,0,1,0
70.28,13,2460,2,6.439596142905437,0,1,0
24.37,17,1761,2,16.84699451467887,0,1,0
35.06,10,2672,3,1.0342166092556555,1,1,0
56.84,6,1747,2,6.99738288138184,0,0,0
24.68,14,2276,3,2.9007670900352442,0,0,0
58.15,15,967,1,23.08011770648022,0,0,0
162.69,16,2757,5,2.661270007313048,0,1,0
89.56,15,228,2,9.247754110181738,0,0,0
44.66,14,2637,2,4.917835444915691,0,1,0
101.42,9,282,6,19.530957494366728,0,1,0
126.14,9,1705,4,1.01292936575277,0,1,0
1.15,12,2201,1,6.704314497593158,0,1,0
66.96,12,1161,1,11.149738675887868,0,1,0
4.95,11,469,4,1.270148477793469,0,0,0
23.75,12,1536,2,3.6292749851986184,0,0,0
99.81,20,440,2,2.6459003085486135,0,0,0
43.5,10,2186,1,7.896475063267141,0,0,0
180.05,12,140,1,0.6091936233458721,0,1,0
94.81,19,1148,4,12.432456687066459,0,1,0
48.67,17,2515,6,8.427924764384171,0,1,0
9.48,16,2811,5,10.861497980178285,0,1,0
109.22,10,2722,2,0.8590513554244756,0,0,0
164.04,12,2805,4,17.814566532594405,0,1,0
11.42,10,1620,2,2.8936502299450284,0,0,0
49.14,21,1231,3,6.144957784697567,0,0,0
74.52,12,2730,3,18.041181487307533,0,1,0
71.43,10,1682,1,7.0635906953702685,0,0,0
144.45,11,2153,2,12.979111782816277,0,0,0
58.32,16,2531,2,5.678672770074381,0,1,0
103.63,11,2049,4,9.541080519608116,0,1,0
174.97,21,2751,2,10.660997601969541,0,0,0
178.84,10,1531,4,5.310954923619271,0,1,0
95.22,16,794,5,10.902414064636947,0,0,0
93.84,18,386,0,7.8040066570412305,0,0,0
186.65,9,202,3,7.7321910750005145,0,0,0
61.57,10,624,2,2.1847957146597974,0,0,0
57.15,8,1503,4,2.9676257375220283,0,0,0
36.72,3,2417,4,3.136852183517359,0,1,0
123.9,15,855,1,0.4306168563789301,0,1,0
28.68,17,331,4,1.9428948758883382,0,0,0
36.06,8,1885,2,11.089938442408824,0,1,0
83.7,11,980,3,10.174212479487444,0,1,0
194.24,4,11,6,16.194206076867204,1,1,1
25.73,19,1406,1,13.131969110869546,0,0,0
31.68,18,2641,3,2.5537308719277654,0,0,0
60.83,10,2526,1,5.334334236101753,0,1,0
133.02,6,799,3,5.588799006434811,0,0,0
157.86,19,2448,7,9.510904495639439,0,0,0
47.35,12,2442,3,6.753486570699332,0,1,0
47.21,21,1352,3,13.822923536043124,0,1,0
163.7,6,999,4,3.7187790076817837,0,0,0
115.5,13,2210,4,3.345532398609584,0,1,0
262.13,20,689,1,17.892988511173375,0,0,0
99.15,22,2846,5,15.382735961753605,0,0,0
222.85,15,995,5,6.604714370397415,0,0,0
106.28,9,1820,6,9.599616554739285,0,0,0
56.21,18,875,3,10.985963670405702,0,1,0
34.37,16,1716,3,8.097133872379828,0,0,0
82.78,9,1126,3,4.216125810951417,1,0,0
140.27,9,2484,4,2.0046715924414062,0,1,0
52.61,14,465,5,5.828588533328708,0,0,0
64.31,13,41,4,2.120384544470606,0,0,0
232.58,21,895,5,17.026611822135994,0,0,0
289.93,13,306,1,16.26639098468292,0,0,0
16.25,20,1639,4,5.339449210035203,0,0,0
51.79,9,558,5,15.825149309413066,0,0,0
160.46,13,529,1,1.5560546194779015,0,1,0
10.53,19,1582,1,6.915525213185326,0,1,0
69.19,17,1991,5,3.0931111146514585,0,0,0
115.65,5,2729,0,11.663073782136188,0,1,0
76.19,15,129,7,2.165617733700173,0,1,0
26.9,14,2790,7,5.498664331597407,0,1,0
63.07,5,2754,3,3.053838881203262,1,0,0
108.7,17,116,3,15.109951034892191,0,0,0
68.48,6,1436,4,3.18868411662182,0,0,0
27.49,16,2583,2,8.79253303666026,0,0,0
69.29,10,1259,3,4.802538784763884,0,0,0
36.18,10,2801,4,12.471695152988747,0,0,0
21.13,17,1424,1,4.247229332658705,0,1,0
166.35,12,1052,1,7.727397796838211,0,1,0
91.62,18,974,9,5.79933668720261,0,1,0
185.48,22,2323,1,0.8944201380423058,0,0,0
101.76,15,2810,3,13.211824980715086,0,0,0
79.21,14,628,4,1.6455147688406928,0,1,0
69.77,12,2020,3,9.170761269729644,0,1,0
76.72,9,2260,3,8.423186273398832,0,0,0
114.65,11,533,3,9.145242033266602,0,0,0
141.21,17,159,3,4.629962585355755,0,0,0
20.81,5,889,3,4.448784456027751,0,0,0
76.14,10,579,7,5.499753636732615,0,0,0
134.77,15,1365,3,9.120931907023447,1,1,0
23.57,10,666,6,2.6131057236638187,0,0,0
64.9,17,1220,2,3.476706670785795,0,1,0
60.77,12,2484,6,6.292191432963879,0,0,0
69.16,8,694,6,1.0073356125739652,0,1,0
23.41,13,2379,5,23.95282389711221,0,0,0
75.97,9,339,4,6.899321251088471,0,0,0
47.2,18,1801,7,11.878061342764344,0,1,0
24.79,14,1909,0,5.569886287010707,0,1,0
42.29,11,2135,2,2.74997557972711,0,0,0
39.91,16,1193,3,12.468026174818746,1,0,0
78.97,12,1381,5,1.1612290591437153,0,0,0
72.2,11,222,7,9.73911980147355,0,0,0
75.31,13,2591,2,5.976279222113305,1,1,0
141.38,10,2941,2,16.311774082567496,0,1,0
51.24,10,2454,2,6.447744445719172,0,1,0
76.95,15,329,1,11.934779532135602,0,0,0
118.0,6,1052,2,3.7221711280706047,0,1,0
44.67,13,631,8,5.32777018696217,0,0,0
54.4,18,1714,7,4.821181621327145,0,0,0
74.36,14,1316,4,10.025543977841588,0,1,0
181.38,11,2341,4,22.31519554253466,0,0,0
67.94,10,146,3,4.733507435852528,0,0,0
40.22,10,2035,0,6.800181416590846,0,1,0
83.1,18,1297,7,2.276012190591758,0,0,0
81.22,11,326,3,5.461291770365142,0,0,0
15.86,13,1227,2,2.3815364977906905,0,0,0
29.02,14,1157,0,1.1339083267504089,0,0,0
161.24,15,761,5,2.6306352645964832,0,1,0
24.6,9,884,3,4.4377481860089425,0,0,0
40.15,19,1698,0,5.778647733260299,0,0,0
70.87,10,2206,1,5.272342080754526,0,1,0
70.95,12,2398,3,3.789249628808701,0,0,0
108.9,15,552,0,7.870605208401287,0,0,0
218.59,17,2810,4,4.749774605499519,0,0,0
81.26,9,1041,3,0.2839662573016639,0,1,0
133.47,20,2640,4,6.8160733546902925,1,1,0
53.41,10,1984,0,8.525464614801862,0,0,0
78.17,16,2408,2,5.787793289378967,0,1,0
34.77,10,2241,2,4.571015385485522,0,0,0
29.87,12,2494,1,1.9135142080964966,0,1,0
73.75,3,825,6,16.328080982722206,0,0,0
210.13,6,2002,1,7.254937546269064,0,0,0
107.84,13,2675,3,5.801673834961708,0,0,0
110.55,15,1447,3,0.1361152995236523,0,1,0
25.64,11,1546,4,5.231326155538445,0,0,0
194.67,7,2440,4,7.508418194295308,0,0,0
5.64,16,79,2,1.9987988093203475,0,0,0
106.97,16,1883,4,0.11387959584109986,0,1,0
63.09,5,2435,3,8.095601441564611,0,1,0
14.65,8,1619,5,4.375955380620334,1,1,0
91.75,18,324,1,3.797037824707745,0,0,0
81.55,10,118,2,11.433405404764956,0,0,0
115.21,16,656,0,8.38179437350126,0,1,0
191.44,13,729,3,6.709793836012598,0,0,0
46.2,12,2056,5,0.09571308481309249,0,0,0
82.65,10,53,1,10.765598358004418,0,0,0
92.86,11,393,2,8.768034295738286,0,1,0
94.64,19,912,2,7.784770849592846,0,0,0
24.3,19,266,5,6.295617641764487,0,0,0
91.79,17,1771,0,4.492262332914283,0,1,0
49.75,5,351,6,3.537177697759268,0,0,0
16.75,8,374,6,6.0727309503047575,0,1,0
128.87,18,2040,3,15.344625846234857,0,1,0
41.11,20,1372,4,10.80051023074127,0,0,0
56.73,23,1714,5,9.779652487660071,0,0,0
59.77,10,2707,1,7.932205110065728,0,0,0
62.22,8,38,1,16.428160309945792,0,0,0
32.4,18,1099,3,9.773031332591236,0,0,0
92.96,13,116,2,22.666125253720487,0,0,0
63.41,18,1834,5,3.7521177476924397,0,0,0
69.88,12,2667,2,10.849351991090542,0,1,0
205.64,7,2536,3,5.889822230475915,0,1,0
5.83,22,2978,2,1.4000411502513237,0,1,0
22.87,9,1595,4,4.344490962965337,0,1,0
6.61,19,1579,4,5.369696528528552,0,1,0
14.14,12,44,3,11.623679756652702,0,0,0
57.5,10,2039,8,4.221315577790583,0,1,0
10.66,14,137,3,1.0295020620849993,0,1,0
109.66,19,1378,5,16.952130209918536,0,1,0
15.17,18,649,7,7.168992514619045,0,0,0
23.07,18,521,4,11.046931160495383,0,1,0
110.25,11,2669,5,1.381585758125894,1,0,0
104.49,12,2428,4,4.396066876948929,0,0,0
25.3,9,483,3,8.63522139995969,0,0,0
97.96,19,1339,3,2.557548170178567,0,0,0
49.9,11,189,4,12.160383705685202,0,0,0
89.24,13,2337,0,6.507393158920962,0,1,0
62.14,21,626,3,17.617072165656786,0,1,0
60.85,17,615,1,16.859068134179253,0,1,0
63.01,14,1187,5,6.890065525762839,1,0,0
48.55,15,2703,3,10.310960864227381,0,0,0
23.93,9,653,2,3.323577189469097,0,1,0
46.42,16,836,6,0.22065930116764232,0,0,0
85.72,12,846,2,0.675280547576893,0,1,0
17.77,12,537,7,15.451151467723063,0,1,0
195.45,16,2716,4,8.805350047303099,0,0,0
19.05,9,2997,3,2.473229417724907,0,0,0
67.57,13,1634,4,8.642187216353559,0,0,0
45.69,22,2343,3,21.451277850452758,0,0,0
20.96,18,2188,2,8.463835654716297,0,0,0
159.16,21,1533,2,6.465530296180857,0,0,0
155.7,15,170,4,6.262626091525782,1,1,0
43.02,17,1675,4,7.611689861231444,0,1,0
97.43,11,69,1,1.7081908399048769,0,0,0
115.32,9,1588,1,13.010061889677676,0,0,0
77.21,18,1844,3,2.836911718860353,0,1,0
36.35,10,913,2,3.699639507615527,0,1,0
61.95,15,2181,4,12.316141584869968,0,1,0
74.94,11,2190,5,7.66293721020846,0,0,0
65.26,11,2731,2,9.62457393704644,0,1,0
62.35,18,1435,1,12.168268582106332,0,1,0
31.96,13,538,2,0.14859781005103923,0,1,0
18.81,6,1658,4,0.5497533125969545,0,0,0
95.95,15,2123,4,1.446270676717087,0,0,0
11.36,18,2498,4,10.757694668144998,0,1,0
91.72,16,1730,0,3.0229952496675185,0,1,0
74.72,11,534,4,9.688989917610312,0,1,0
45.03,10,1551,4,12.505281980407908,0,0,0
24.1,5,2657,2,12.770542740029438,0,0,0
56.22,18,1024,6,5.2363476741128565,0,1,0
37.79,10,578,4,7.893966368362065,0,0,0
114.8,14,2541,4,1.9695133469164396,0,1,0
92.54,13,1159,3,7.3678352586492695,0,1,0
44.49,13,411,3,11.33440691738803,1,1,0
38.36,23,1615,2,4.219150935221563,0,0,0
47.33,11,531,1,17.49233054880363,0,0,0
49.4,16,860,2,12.775551724077044,0,0,0
229.68,0,9,7,495.57784598538916,1,1,1
11.77,14,385,5,0.24731378573022766,0,0,0
34.03,17,948,0,6.877974809083643,0,0,0
213.3,15,2248,2,12.644374503812784,1,0,0
102.42,10,1520,2,6.529181549011094,0,0,0
41.25,18,404,0,7.63602296116675,0,1,0
14.15,12,555,4,0.6724708590895192,0,1,0
20.67,8,2911,4,13.899797206583024,0,0,0
96.62,15,326,3,8.19877002246358,0,1,0
104.56,5,2714,2,5.923657100723808,0,1,0
85.13,16,2238,4,15.694594803359863,0,0,0
82.61,11,1351,2,5.545273266889326,0,1,0
46.37,18,2290,4,1.0295701653046345,0,0,0
92.09,12,857,1,0.21572954214885964,0,0,0
66.12,17,358,3,1.422115162632009,0,1,0
101.73,7,372,1,13.903822461594947,0,1,0
32.14,7,1982,2,4.776446559359482,0,1,0
70.47,15,2815,1,9.713148595669605,0,1,0
74.65,6,1878,5,14.336838665804503,0,0,0
56.97,19,2898,0,5.78000864387096,0,1,0
57.86,10,2128,2,7.314763284564162,0,1,0
39.39,17,1722,0,2.986624786934696,0,0,0
55.99,12,467,2,5.4142099010962275,1,0,0
73.29,14,812,2,6.356588845372651,0,1,0
96.44,15,2230,6,1.212033122326576,1,1,0
148.35,9,1040,3,0.9537092867096986,0,0,0
84.09,13,506,0,24.93674414594169,1,1,0
10.81,13,1887,3,8.202701690426425,0,0,0
66.13,10,857,2,11.257316063002554,0,1,0
637.6,5,115,14,686.2997149915607,0,1,1
189.21,16,2976,2,16.439140702570374,0,1,0
78.99,10,148,6,2.1862397361964585,0,0,0
5.8,18,203,3,3.3716854210772667,0,1,0
40.15,18,2485,4,6.659592672223548,1,1,0
114.06,17,1950,5,1.2070354818954279,0,0,0
30.77,12,1192,0,3.186019750565646,0,1,0
93.72,18,500,2,7.667890211025011,0,0,0
108.26,18,1959,7,7.469157269417534,0,0,0
82.63,20,186,4,4.100368727738886,0,0,0
39.37,16,2866,4,5.956604899752575,1,0,0
119.0,7,1897,4,1.426065248775454,0,1,0
34.73,17,1132,3,5.484059860514263,0,0,0
45.26,17,850,1,0.6783500444611112,0,1,0
111.27,13,1073,6,11.473011408786316,0,1,0
81.33,7,1290,1,6.162507116738285,0,0,0
40.02,10,1588,3,1.0450048623855461,0,0,0
169.57,4,1323,3,8.321901934097461,0,1,0
74.61,8,2168,4,5.375042679011314,0,0,0
23.54,19,875,3,3.1766252138056945,0,0,0
35.8,13,209,4,2.7201783299294626,0,1,0
100.39,18,2903,5,2.5410874156111127,0,0,0
150.17,11,2836,2,7.6477314467882405,0,0,0
88.1,16,1051,4,8.444408796120918,0,1,0
25.53,6,999,5,13.153491277044804,0,0,0
61.87,11,1470,1,19.1920771826123,0,0,0
11.82,18,2682,0,11.42778759077791,0,0,0
106.53,13,1865,1,2.124562400480259,0,1,0
152.32,12,125,3,10.908924928175079,0,1,0
22.56,9,1589,4,25.258336556208427,0,1,0
11.25,6,2411,4,17.81223550755284,0,1,0
101.96,10,2029,4,6.248898340025503,0,0,0
75.19,11,228,2,3.909462527500508,0,1,0
143.56,11,520,4,7.9389444060637775,0,0,0
84.4,22,828,1,7.2974398904872135,0,0,0
72.18,8,328,0,1.4169733762514065,0,0,0
241.99,1,354,10,1216.6678432599792,1,1,1
139.22,10,1268,3,1.239203173847824,0,1,0
38.75,17,1726,2,11.613646751672992,0,0,0
49.17,12,1049,5,1.035520882319637,0,0,0
16.05,16,1627,4,6.578823066613987,0,0,0
62.3,18,1789,3,15.906959302471037,0,0,0
31.44,6,435,3,12.369318074006337,0,1,0
74.22,19,1692,0,8.363167364574704,0,1,0
68.08,10,524,6,13.546122792599636,0,0,0
121.27,12,464,1,22.864235813592988,0,1,0
47.28,16,1792,4,12.359030096470391,0,1,0
26.24,13,896,3,18.2292462447573,0,0,0
111.06,15,42,2,11.110210189226486,0,0,0
78.14,10,2749,1,5.061948181109315,0,0,0
37.65,13,104,3,10.446697833721352,0,1,0
53.83,12,2135,4,6.860918041867283,1,0,0
70.87,23,2138,6,11.623830155659581,0,1,0
31.35,15,2637,5,5.8892944542335215,0,0,0
77.42,15,733,1,1.4463673388204485,1,1,0
46.74,5,1727,3,3.430743578348724,0,0,0
107.77,20,1147,4,7.145379449009717,0,0,0
44.63,12,1800,3,12.485894328912433,0,0,0
57.31,12,2106,2,2.10720374579074,0,0,0
41.85,9,650,3,14.5006548672405,0,1,0
34.57,6,512,3,17.130486534995235,0,0,0
98.46,10,984,5,20.304493841253063,0,0,0
17.26,13,2119,3,8.70284762019196,0,1,0
169.86,12,1524,4,15.86535661792224,0,1,0
76.45,13,2577,2,16.063430952161546,0,1,0
92.12,18,2173,7,1.6119459341369975,1,1,0
15.52,19,629,1,4.866118832960138,0,0,0
103.16,7,404,5,4.410471749733734,0,1,0
40.74,17,685,3,4.308981755928013,0,1,0
8.8,15,2303,2,7.087254551298107,0,1,0
89.5,19,2148,3,5.372257354742834,0,0,0
18.51,19,447,2,15.80974117164451,0,0,0
88.52,14,2848,2,5.037724348674482,0,0,0
65.48,14,2667,1,6.876114915653369,0,0,0
161.89,10,732,3,7.401319096826816,0,0,0
77.99,14,2524,3,0.0011353873295831818,0,0,0
104.48,20,2394,2,15.873515941083289,1,0,0
42.94,15,2080,3,4.283465239911129,0,0,0
49.39,13,1141,5,0.058032012243062425,0,1,0
26.5,21,1095,2,17.548967044723423,0,1,0
67.76,13,580,3,7.734632542147246,0,1,0
38.4,16,475,3,1.0638702088455352,0,1,0
77.13,14,829,2,3.5107815741198505,1,1,0
114.43,13,1063,3,8.857412801870234,0,1,0
158.25,6,455,4,5.877075777271619,0,0,0
91.62,14,912,3,12.378574178559528,0,1,0
127.7,18,2623,2,6.697929036369407,0,0,0
22.01,11,2529,0,6.274363425145011,0,1,0
123.3,13,2022,3,11.424187547694494,0,0,0
78.66,9,2152,2,0.9144101568728233,0,1,0
131.6,10,2443,5,1.0141506034537833,0,0,0
46.13,13,1877,4,9.271087212243492,0,1,0
136.93,7,2797,2,8.70801915273406,0,0,0
706.04,5,255,9,423.5599887242602,1,1,1
47.89,13,1018,3,10.036343132264498,1,1,0
15.61,15,1765,6,6.704625446712065,0,1,0
122.03,14,2303,3,10.296497245164238,0,0,0
80.41,13,2377,3,2.765435795716581,0,1,0
36.54,16,909,2,15.139621665487406,0,1,0
48.45,13,1420,3,13.597460798911152,0,0,0
54.09,15,1311,4,1.2168788679303963,1,1,0
52.77,22,2586,2,0.6400049335790259,0,0,0
25.71,17,1727,3,4.324684296176862,0,0,0
74.4,17,1240,2,9.541939240446498,0,0,0
66.97,21,1299,2,10.634871015753284,0,1,0
92.86,10,1797,0,14.789038512895068,0,1,0
333.86,16,1578,1,23.395357219507417,1,0,0
6.78,7,1548,6,2.469332497690492,0,0,0
116.91,20,2304,4,10.069175955474496,0,0,0
23.55,15,863,3,4.473049794205098,0,0,0
92.62,2,136,8,271.6432834322511,0,1,1
82.72,10,906,2,5.1541017019847235,0,1,0
25.6,9,574,4,7.161129251587738,0,1,0
86.15,16,2765,5,4.866340392432553,0,1,0
25.75,16,547,1,2.889652832550863,0,0,0
42.6,3,1563,1,7.869586415237839,0,0,0
51.92,19,1997,4,3.3294196690180584,0,0,0
60.54,13,2129,3,2.942531276043215,1,1,0
47.51,14,1321,2,10.457531558095774,0,1,0
49.42,12,1754,2,7.159414889394702,0,0,0
68.39,23,1375,2,5.277455455364887,0,1,0
55.42,15,2582,5,8.944898437802873,0,1,0
49.54,16,1944,2,2.157028100628942,0,0,0
143.35,9,39,2,12.184359217182408,0,1,0
20.7,13,589,2,4.350851801481493,0,1,0
198.16,15,1000,5,1.3626903489504962,0,0,0
15.17,6,1523,3,3.305301272758749,0,1,0
111.27,16,1295,2,4.896700170647042,0,0,0
180.04,14,943,2,6.2757803485957195,0,0,0
43.45,15,481,4,6.104055825663561,0,1,0
9.73,14,1785,0,22.342640115585187,0,0,0
166.35,9,2295,4,10.031162244043024,0,0,0
56.82,14,243,0,18.164659868329252,0,1,0
47.61,14,492,5,8.784845204553843,0,1,0
39.67,21,1066,2,9.867576309108927,0,0,0
45.51,18,405,5,8.42336965716088,0,1,0
104.17,14,890,3,14.747487543446136,0,0,0
4.35,15,1994,2,4.029808053610832,0,0,0
24.37,13,2706,3,4.222003372379847,0,1,0
35.78,15,953,5,7.275594806401905,0,0,0
121.08,16,2893,3,11.461803347633763,0,0,0
146.61,12,1080,1,1.6588127928733063,0,1,0
69.79,14,51,2,0.12789343116672391,0,1,0
66.31,12,2171,3,7.246572719169308,0,1,0
42.26,15,2697,3,1.343431820089613,0,0,0
75.04,11,1084,2,13.625992346228719,0,0,0
48.41,8,1946,4,14.200866758590772,0,1,0
38.59,13,2533,0,21.44028086856076,0,0,0
47.21,20,1578,1,22.423771132410685,0,1,0
109.36,11,2262,5,4.692341075808498,0,0,0
19.78,23,1170,3,3.471208658544442,0,1,0
98.54,15,428,6,4.039010956864162,0,0,0
113.67,12,394,2,8.609918173698606,0,1,0
256.92,17,405,6,7.960690416175716,0,0,0
70.58,19,1735,3,14.967681987366557,0,1,0
56.69,9,475,3,8.202540109042793,0,0,0
46.87,13,376,0,11.734446988024066,1,0,0
250.47,1,263,14,808.7619240920302,0,1,1
122.91,17,2114,3,16.030489721951383,0,0,0
29.04,17,1100,1,6.588800216303122,0,1,0
155.96,17,1276,4,1.473894226475902,0,0,0
24.59,5,2963,5,9.219471741727926,0,0,0
55.27,12,416,4,12.351518789732511,0,0,0
70.35,14,2357,2,3.670332087517872,0,0,0
91.21,14,809,4,2.33835598431707,0,0,0
138.49,11,280,5,13.201602953189196,0,0,0
21.06,12,2185,1,4.401520911084381,0,1,0
82.12,13,61,2,0.47410743724260573,0,1,0
40.65,14,1478,2,4.409343572195327,0,1,0
115.95,14,2680,1,1.9169579648288173,0,1,0
124.53,17,1021,1,5.937346801571785,0,1,0
195.95,16,354,3,13.920394505045213,0,1,0
247.98,13,611,3,0.764370233757564,0,0,0
87.83,14,826,3,0.35903139837490006,0,1,0
34.49,12,311,6,4.946741031766962,0,0,0
69.15,19,901,2,21.148233455021263,0,1,0
63.32,16,2198,7,5.7255063912124395,0,0,0
77.25,18,2517,3,19.95851518043645,0,1,0
62.48,17,451,6,1.6424999851526842,0,1,0
74.91,8,2669,6,3.398435475641686,0,1,0
122.29,10,2845,3,8.841316932173882,0,0,0
177.93,10,430,3,12.151001942155807,0,0,0
122.54,10,118,6,14.652833173051143,0,0,0
104.48,10,2528,4,5.140532704369669,0,1,0
153.94,10,553,2,2.5796834950711323,0,0,0
119.49,10,608,4,14.092475868845613,0,0,0
272.22,12,873,4,5.153995842428538,0,0,0
156.02,11,2988,1,0.36298247448265997,0,0,0
70.22,13,959,2,12.447569490616555,0,0,0
75.59,8,1564,1,12.273083869054147,0,0,0
58.95,20,2769,3,2.537704632281308,0,1,0
71.63,15,1014,4,10.274692605549472,0,0,0
16.31,13,273,5,4.670281169988826,0,0,0
31.82,17,1401,9,6.144355814288618,0,0,0
70.22,9,656,1,6.618437238873807,0,1,0
184.22,22,769,2,4.652900926168208,0,0,0
20.56,12,2424,3,6.550550583667365,0,0,0
115.05,21,1195,1,7.923296573179488,0,0,0
50.64,11,2829,1,5.137704169320476,0,0,0
37.04,10,1209,6,2.393788100834442,0,0,0
17.06,10,1458,4,2.204132568317706,0,1,0
54.17,17,2403,5,16.09806245629304,0,0,0
286.72,10,2135,3,3.3694369630722125,0,0,0
89.9,14,1233,3,9.906619116465505,0,0,0
77.03,11,1653,2,23.5440716953199,0,0,0
17.83,12,986,3,4.153272509737967,0,0,0
44.82,10,968,3,1.38951618482333,0,1,0
68.18,9,1978,3,5.346988705386697,0,0,0
66.49,16,2959,2,2.702868278215226,0,1,0
85.46,9,999,3,11.27686753780264,1,1,0
23.04,12,1981,2,6.2273157771358045,0,1,0
156.01,1,26,9,489.6180932976788,1,1,1
32.1,19,779,3,16.018301787283193,0,0,0
11.96,22,784,6,15.749049950146889,1,0,0
55.17,15,2011,3,10.041255168790375,0,0,0
330.95,17,1258,4,1.6599566735961142,0,1,0
245.0,11,1276,2,10.703155941218897,0,0,0
34.62,19,1434,6,5.6446850798985375,0,0,0
45.78,15,1486,2,17.75016985655273,0,0,0
34.07,9,2423,3,7.797759155827528,0,0,0
119.3,12,2207,3,6.746013221096649,0,0,0
23.26,17,1346,3,5.455176247242761,0,0,0
35.19,15,2315,4,2.2451040540553597,0,1,0
43.98,11,1261,0,7.718278410786009,0,1,0
39.33,14,2310,2,2.5300885752057223,0,0,0
52.15,13,2906,6,21.797136339142824,0,0,0
25.25,9,1048,1,12.255287360084548,0,0,0
33.66,15,132,1,8.496220539142477,0,0,0
15.19,10,962,4,4.265109126116851,0,0,0
68.97,17,1590,3,5.17671205293249,0,0,0
32.13,14,1894,3,4.954630854205641,0,0,0
171.15,20,2450,4,3.234336643918461,0,0,0
19.25,7,1701,5,11.588946947126182,0,1,0
39.39,22,1531,2,0.6984025753952121,0,0,0
36.22,6,2743,0,15.33525785403213,0,0,0
29.49,5,1699,4,10.223920654071879,0,0,0
181.74,14,1867,6,3.2714578877624465,0,0,0
29.99,12,51,1,9.007437173686423,0,1,0
36.16,11,1135,3,6.12124205730307,0,1,0
80.02,16,41,3,10.463577256083367,0,0,0
32.08,11,1185,4,2.379100401144065,0,1,0
44.49,15,946,1,10.924604509656996,0,1,0
40.02,15,1943,1,10.183657383399778,0,0,0
70.99,14,1543,4,2.261743753178266,0,0,0
123.0,23,2349,3,7.730340431216584,0,0,0
195.44,13,2016,4,4.509101102142974,0,0,0
101.78,15,1745,4,14.299434400731652,0,0,0
22.36,13,1312,3,10.064857114251055,0,1,0
20.24,20,592,5,5.455259060911873,0,0,0
75.16,20,1501,5,10.03118407608613,1,1,0
70.03,14,161,7,8.490227316570646,0,1,0
36.73,15,2528,1,2.977951067440854,0,1,0
107.29,9,863,9,4.646427519764731,0,0,0
168.93,17,2199,3,7.795132290838515,0,1,0
40.69,15,742,3,15.452059364853744,0,1,0
88.97,22,1361,2,7.012917232929274,0,0,0
122.88,16,178,4,11.579408809899434,0,0,0
40.09,14,2853,5,2.3308262825067825,0,0,0
61.23,12,146,3,8.242180563242597,1,0,0
21.21,14,353,3,0.3503957751436948,0,0,0
154.43,16,1073,1,4.49873108405898,1,1,0
61.18,15,651,6,13.77373346864151,0,1,0
312.22,2,46,12,721.026815611629,1,1,1
113.54,14,2323,3,2.4042318718168545,0,0,0
111.95,14,2024,4,13.481053949422321,0,0,0
67.62,9,1041,3,17.95580022668554,0,1,0
33.87,13,1855,4,0.44244448050486795,0,0,0
86.72,4,1953,2,5.462240669521307,0,0,0
11.86,14,1906,2,3.075905008273468,0,1,0
94.46,13,2844,5,0.5636231752549978,0,0,0
33.01,17,1743,4,5.132355372869636,0,1,0
67.06,9,711,1,2.3576721467756068,0,0,0
38.25,16,1527,0,2.0509388785692924,0,1,0
114.01,16,525,8,4.1056959584215935,0,0,0
64.92,12,2820,1,12.893520481326803,1,0,0
102.53,16,2914,6,3.4050145270914616,0,1,0
30.81,16,420,3,7.982096438131649,0,0,0
91.81,12,877,4,7.219494454581724,0,1,0
22.47,12,577,4,0.5682638125663892,0,1,0
165.88,12,562,1,1.5089545283084154,0,0,0
58.93,19,1444,4,6.6164396283774,0,1,0
10.73,16,1189,3,14.963739897931516,0,1,0
122.12,15,299,6,2.909753939200399,0,0,0
129.13,13,2024,5,4.336784583768624,0,1,0
130.12,13,1028,4,2.6534020137725998,0,1,0
131.91,11,411,3,11.387074580740927,0,1,0
110.09,15,2362,5,3.415894322392244,0,0,0
189.99,14,1935,2,9.273168077131807,0,1,0
23.34,14,1988,2,7.678868483555192,0,1,0
71.17,12,1525,7,11.228207027997856,0,1,0
35.12,12,739,1,20.79833680651155,0,0,0
41.25,16,120,5,2.706431208581397,0,1,0
203.69,16,2061,2,12.948530672211252,0,1,0
44.0,8,2448,6,3.2767567195703506,0,1,0
55.39,16,2297,2,1.7695460098928422,0,1,0
255.58,13,2927,4,12.526194006083328,0,0,0
77.54,15,1356,2,6.631129463108358,0,0,0
27.23,13,2236,0,19.79551070131723,0,1,0
28.4,19,1448,0,3.099937321328391,0,0,0
143.91,14,563,2,8.24269016198649,1,0,0
43.97,10,716,0,16.42653200444451,0,1,0
108.8,17,899,1,11.263659326251995,0,0,0
37.36,9,453,4,0.4164530863187519,0,0,0
20.4,16,2217,3,1.8064567857396598,0,1,0
118.1,10,2559,0,3.629420192998432,0,0,0
121.68,8,1545,5,15.890068381669568,0,1,0
21.33,15,2709,3,2.6100427645418556,0,1,0
26.98,17,2339,3,15.870626637193936,0,0,0
336.27,16,1439,0,1.478204009888426,0,1,0
163.46,18,2190,5,0.8638026868392057,0,0,0
11.03,18,2679,7,5.897049837798983,0,1,0
61.04,11,2497,2,11.715566106505833,0,1,0
75.81,11,2361,5,0.8414865786660153,0,0,0
57.01,11,1894,1,22.806220797020917,0,1,0
15.54,16,2073,4,8.991459887574027,0,1,0
212.0,12,406,1,10.70363215239341,0,0,0
78.48,14,112,1,7.417033019240593,0,1,0
178.8,9,1946,1,6.851309539765321,0,0,0
32.72,20,569,4,6.12157046602387,0,1,0
110.81,12,2823,4,13.060312862472609,0,1,0
33.13,15,2775,2,0.09966073945250553,0,0,0
126.0,8,1079,6,2.2346168333875616,0,1,0
156.34,14,2311,2,20.171117643662313,0,0,0
20.91,12,164,2,23.444010700122444,0,0,0
15.81,13,390,2,1.766351090902937,0,0,0
79.84,14,295,5,7.194741081097092,0,1,0
81.38,14,128,2,7.413362512300786,0,0,0
103.88,9,218,1,22.062426152986657,0,0,0
79.0,13,571,3,2.137425666428495,0,1,0
8.88,0,2487,3,2.8698192835397536,0,0,0
159.72,12,171,2,4.307020116338817,0,1,0
66.87,16,641,2,1.2005112292052624,0,0,0
74.09,11,429,1,2.2474439614914123,0,1,0
70.8,7,935,0,5.23858252711089,0,0,0
48.13,8,1777,4,5.798946453657818,0,1,0
170.26,19,759,2,1.404777955511654,0,1,0
168.18,8,812,1,7.31488969142517,0,0,0
108.37,14,2532,2,2.659816344707669,0,0,0
101.02,13,565,4,5.671713510141743,0,1,0
26.86,10,223,0,2.9925309705418828,0,0,0
143.66,9,1408,1,5.43002388145503,0,1,0
44.56,21,904,2,4.034262372980381,0,1,0
93.06,14,201,4,7.731993923006902,0,1,0
69.83,14,2836,5,8.870627979882851,0,1,0
50.8,13,2014,0,0.6419839586437801,0,0,0
67.76,8,2056,4,9.389272731716897,0,0,0
186.53,10,1846,3,1.4781435365584894,0,0,0
37.6,10,1525,2,12.68002675602548,0,0,0
84.14,16,1703,2,3.0967047836795007,0,0,0
267.13,11,1735,4,2.8299752496035895,0,0,0
184.91,10,508,1,1.8151333825874332,0,0,0
83.26,6,583,2,16.434636988705464,0,0,0
171.42,13,1664,2,19.433553232413647,0,1,0
89.67,10,2399,0,3.4903430997876317,0,0,0
52.87,16,217,4,9.884163090550434,0,0,0
101.64,16,645,4,5.419924547215331,1,0,0
199.12,21,1549,5,14.923386067987547,0,1,0
67.12,19,2434,2,13.714518110258963,0,1,0
85.99,19,385,2,15.23584570230421,0,0,0
60.03,15,789,3,2.752231987417825,0,1,0
69.44,13,2055,3,1.5120036600144715,0,0,0
157.27,4,2902,2,11.32679628022643,0,1,0
64.52,18,2941,3,0.2051603357713594,0,0,0
92.25,11,1897,1,11.381913587093859,0,1,0
119.09,8,2341,2,5.785543889778153,0,0,0
52.24,17,2448,8,0.40690533897976255,0,0,0
164.05,12,1214,3,10.526902486099221,1,0,0
66.27,9,90,0,0.34508044177062835,0,1,0
28.06,20,1819,1,9.813447548219463,0,0,0
86.71,13,1552,1,18.275973697062124,0,0,0
200.09,17,1084,2,13.686927893435962,0,0,0
82.16,12,2100,1,8.282508170026935,0,0,0
26.97,13,1983,4,16.21912027025071,0,0,0
90.63,12,1781,4,4.726051453535849,0,1,0
64.7,20,1499,3,12.684111175024693,0,1,0
161.1,14,2633,1,4.206348578083373,0,0,0
60.76,11,1381,4,1.126069245014838,0,1,0
55.73,18,634,2,2.40394150494426,0,0,0
46.07,11,2725,8,1.8252894568382771,0,0,0
77.36,17,533,2,10.357656422378916,0,0,0
64.09,12,1443,3,4.022333315718171,0,1,0
106.87,13,367,4,5.527282373985443,0,0,0
190.0,16,1821,1,9.053134795652978,0,0,0
126.95,16,397,4,9.49877949415778,0,0,0
76.33,15,2580,4,2.3945663024840114,0,0,0
195.43,12,2366,2,2.0764990836360266,0,1,0
68.01,16,2691,1,1.099024642518494,0,0,0
132.99,13,1429,3,4.81604413613803,0,1,0
109.08,12,2961,3,2.274593721211943,0,0,0
22.22,10,639,1,0.5092447695488094,0,0,0
52.63,19,107,1,3.6463999589957474,0,0,0
59.39,20,2611,2,7.109836264306155,0,1,0
54.69,13,1540,4,8.128374157506004,0,0,0
47.95,16,730,2,7.174721303653044,0,1,0
31.63,15,720,4,8.567435340755935,0,0,0
59.97,16,2898,3,2.201161835629393,0,1,0
44.24,12,345,3,2.717854430183355,0,0,0
55.43,13,2648,1,2.5830948082040415,0,1,0
94.21,13,1461,2,14.49815847436701,0,0,0
128.3,11,526,4,6.891846325440051,0,0,0
85.37,16,2016,5,11.469196134945102,0,1,0
29.46,19,2884,5,11.224237343319455,0,0,0
75.89,17,2049,5,3.43000126704289,0,1,0
14.13,13,1974,0,8.26205699753693,0,1,0
52.31,10,1531,4,1.4844602872397772,0,0,0
146.66,13,2916,1,9.619195383034375,0,1,0
19.81,13,2167,3,5.953903151702745,0,1,0
105.83,16,2514,2,14.373642459857471,0,0,0
203.83,17,2180,1,3.029704886438676,0,0,0
130.78,18,1046,5,5.568742669403171,0,1,0
56.77,15,664,2,6.900014092576397,0,0,0
331.26,12,2460,1,4.25759204464713,0,0,0
211.37,12,2972,2,19.967618355122013,0,1,0
46.62,13,2985,4,1.8528239645921984,0,0,0
53.0,18,2691,5,1.7648543942737183,0,0,0
170.61,17,2467,3,8.02999282433032,0,1,0
53.01,10,245,7,5.485028010275871,0,1,0
324.44,6,2066,3,3.9560977394680235,0,0,0
85.99,13,2415,3,3.379281130112827,0,1,0
34.77,16,2443,1,0.687655267153505,0,0,0
65.64,11,183,4,5.817490186846777,0,1,0
39.92,12,2231,4,5.787649207349839,0,0,0
136.44,16,2149,2,1.6993950456969351,0,1,0
85.89,8,275,1,18.308635550675127,0,1,0
42.96,23,2908,6,13.860526237724573,0,1,0
146.45,15,2343,1,8.678779190657762,0,0,0
78.24,15,654,3,5.35556694100559,0,1,0
25.81,14,1325,6,0.07342393660639868,0,1,0
110.01,18,1605,2,4.5738202602412885,0,1,0
175.93,11,2742,4,26.60002564186425,1,1,0
65.05,16,2293,2,5.7078470724775965,0,0,0
55.9,11,2296,2,4.799586828722253,0,1,0
125.95,13,2468,4,14.054394713351742,0,1,0
44.61,11,416,4,5.790127419141981,0,0,0
94.44,10,2541,5,4.9917215075106505,1,1,0
50.82,16,988,2,5.008453041760408,0,0,0
138.42,22,1158,3,25.515694529821957,1,1,0
61.61,11,1223,5,4.878618208563421,0,1,0
109.92,14,1115,4,9.186553977049275,0,1,0
77.82,21,2499,2,0.6588271554287886,1,0,0
26.82,18,1889,1,8.344012130215738,0,0,0
110.2,14,1523,1,12.245106836901279,0,0,0
76.03,18,2670,1,10.622108603404417,0,1,0
17.85,15,2616,3,8.291897912335344,0,0,0
18.82,9,1582,5,4.387450872062033,0,0,0
103.2,14,1550,2,19.677225921887725,1,0,0
48.35,11,340,5,1.407368506362702,0,0,0
105.71,18,2142,3,0.7707987314144367,0,0,0
116.56,13,2074,2,3.430094227869745,0,0,0
108.04,22,328,4,0.801179551888648,0,0,0
127.23,13,172,3,1.1802347988897068,0,0,0
31.81,9,2060,1,9.27705952819403,0,0,0
74.68,14,1900,4,11.902868214086414,0,1,0
114.96,17,433,2,3.6541597567937725,0,0,0
199.06,14,1313,3,7.535862090604647,0,0,0
8.17,11,1519,1,19.83538460994462,0,1,0
214.18,15,1414,0,2.798479070933065,0,0,0
76.17,13,530,4,3.0205888411294115,0,0,0
139.04,8,1494,2,10.678981567404128,0,1,0
42.23,12,227,2,18.279953811348364,0,1,0
237.6,13,558,0,2.159926362866564,0,1,0
18.73,11,2789,2,5.703014096332543,0,0,0
169.93,17,1643,7,8.169963349121055,0,0,0
125.43,10,2548,1,8.451185138090526,0,1,0
148.86,10,88,5,15.485248072311474,0,1,0
286.9,15,1289,1,3.654670581634236,0,0,0
171.2,17,683,1,7.04026353273166,0,0,0
160.87,10,785,1,10.024011553420316,0,0,0
38.34,16,842,2,14.943864988194107,0,1,0
71.03,8,2368,6,7.82176359465668,0,0,0
42.25,15,1502,4,22.58850285291193,0,0,0
110.26,13,2859,6,7.939758484462217,0,0,0
46.91,14,526,2,6.905336121065437,0,0,0
77.85,11,1817,2,7.90537919653938,0,0,0
85.46,18,306,6,11.447496139354207,0,1,0
136.69,12,2477,4,12.014053805388402,1,1,0
54.14,15,356,4,2.3834085292531877,0,1,0
125.26,12,2107,5,2.1956328558317453,0,0,0
129.19,10,149,2,9.53544929251362,0,1,0
34.56,6,1040,0,0.2889355819744228,0,0,0
31.5,12,2238,3,0.4706949146644046,0,0,0
57.11,17,792,5,11.943559442344664,0,0,0
115.31,19,813,2,6.138305785382451,0,0,0
23.7,10,338,6,10.637103522733668,0,0,0
70.86,16,1808,3,9.681636551089124,0,0,0
83.1,11,1605,4,2.6853269210331616,0,0,0
34.02,13,669,6,1.0840039547472764,0,0,0
160.17,13,2894,0,5.915946662002984,0,0,0
34.36,20,2124,3,8.559817878775318,0,0,0
29.59,17,649,2,4.043486283761824,0,1,0
160.3,16,1832,3,7.379430443687921,0,1,0
109.32,9,1304,6,10.763072508365838,0,0,0
9.76,10,2174,3,7.566116919630618,0,0,0
45.82,14,744,2,6.016608453961979,0,0,0
33.23,20,2895,5,9.207126415312205,0,0,0
197.38,10,282,3,9.875557123015362,0,1,0
105.34,15,770,3,6.140168079783802,0,0,0
77.12,9,817,1,11.280258129926729,0,0,0
252.84,16,2072,4,5.803032000526494,0,1,0
113.86,14,2148,5,1.0744984403131612,0,1,0
49.21,11,703,1,16.67695810077703,0,0,0
44.54,16,1232,4,1.3797726099268308,0,1,0
71.18,11,2166,3,1.2490399996118318,0,1,0
68.92,15,2013,5,3.6217233329233522,0,1,0
157.61,20,1677,3,11.66615888121915,0,1,0
134.56,19,1418,2,13.349223991419931,0,0,0
33.91,14,1243,2,0.02763407873023649,0,0,0
107.16,17,610,6,10.259262139211174,0,1,0
154.85,11,313,4,0.43439648468641234,0,1,0
111.65,13,1951,3,6.2984476896588895,0,0,0
116.82,21,885,6,13.08748351979716,0,0,0
45.3,9,122,4,9.658006189245253,0,0,0
29.48,13,1993,3,8.994658129355317,0,0,0
170.21,16,2197,1,9.929007932274992,0,1,0
80.9,17,1384,5,11.285932792222445,0,0,0
10.1,12,1832,2,2.22467184949293,0,0,0
65.75,16,2676,1,8.613242799859611,0,1,0
201.98,8,2163,3,3.2544341399367442,0,1,0
75.64,16,645,1,1.3316243241801446,0,0,0
65.67,16,1647,2,6.5401461332143835,0,1,0
93.64,16,1515,3,1.4194744276984723,0,0,0
75.94,14,1514,4,13.547713773309187,0,1,0
107.89,21,1168,2,13.582996051737027,0,0,0
16.02,14,2457,2,10.517248053203073,0,1,0
83.06,11,2077,3,5.735527542571569,0,1,0
35.19,16,1698,3,17.74964347235538,0,0,0
128.31,20,45,5,11.90105380766169,0,0,0
11.72,20,2523,0,2.7083225874311116,0,0,0
99.13,13,1385,5,6.852964476327049,0,1,0
275.31,9,1547,4,8.386213588428214,0,0,0
102.98,19,708,1,7.363708882378874,0,0,0
173.42,13,459,2,4.593254111654277,0,1,0
136.78,7,783,2,9.578800260784796,0,0,0
30.52,8,1909,3,5.778956683778647,0,0,0
42.5,11,1368,4,12.405361263235237,0,1,0
27.08,20,2046,5,3.3127705090117363,0,1,0
24.11,19,1545,2,4.079002678632918,0,0,0
196.94,18,2399,3,3.769792463734529,0,1,0
71.33,13,1250,5,5.767032638120047,0,1,0
164.6,12,1118,5,11.48537357846422,0,1,0
126.65,16,541,4,13.201068163259036,0,1,0
40.67,17,2081,3,13.987834701990856,0,0,0
39.2,19,2663,6,16.811745185543586,0,0,0
46.6,18,2390,4,2.9229548126032396,0,1,0
237.24,7,2308,2,2.816527042016059,0,0,0
50.24,18,824,7,6.357702068728841,0,1,0
123.92,16,786,5,4.134580950033252,0,1,0
113.03,7,1372,4,8.80738464001547,0,1,0
47.29,12,1263,2,12.88798602681931,0,0,0
57.53,23,198,1,2.170671810800312,0,1,0
43.04,11,414,1,0.46419542660469215,0,1,0
77.16,10,1353,3,0.5785668217874163,0,0,0
102.1,13,2322,3,6.682144472164851,0,1,0
163.6,9,274,4,12.634455582688984,0,1,0
150.64,18,2796,3,20.819022552645336,1,0,0
48.21,15,1446,4,5.857149851684582,0,0,0
87.32,22,252,2,9.25148849341139,0,0,0
49.37,20,2782,4,5.339645703856794,0,1,0
70.97,16,2469,1,2.0666695335932945,0,0,0
81.36,15,2541,2,4.154273642479945,0,1,0
135.05,12,1392,4,5.71937247121741,0,0,0
71.6,10,686,2,6.153071820113628,0,0,0
62.84,11,1014,2,3.2157419844581225,0,0,0
106.57,8,482,1,0.15238527558610038,0,1,0
74.33,14,569,3,11.35926974619815,0,0,0
66.83,9,1591,1,0.02170064539419858,0,0,0
65.85,15,2010,2,1.2771650760868773,0,0,0
94.12,13,362,2,1.6781610982264388,0,1,0
75.89,8,2797,2,8.444566994635212,0,0,0
24.02,23,2108,2,5.734426995776387,0,1,0
111.09,18,285,4,7.613716498629711,0,0,0
11.66,12,1756,2,4.178618747305405,0,1,0
44.16,14,2195,3,32.6812499420584,0,1,0
34.95,7,2476,5,12.554495322981996,0,0,0
92.8,9,2760,1,4.041305339190409,0,1,0
165.46,1,164,11,48.90127436588483,0,1,1
156.84,19,64,3,6.510487653925731,0,0,0
43.07,15,138,5,14.9807357380007,0,1,0
88.79,10,2690,2,23.875635330647878,0,0,0
41.19,13,2196,4,7.173291291789631,0,0,0
12.67,11,167,3,6.2804383055886674,0,1,0
59.83,17,2078,5,1.7598336875109806,0,0,0
51.63,8,454,1,15.368446747763738,0,1,0
7.23,12,1977,6,6.171677288261392,0,1,0
32.04,15,2958,1,14.173737067601909,0,0,0
13.69,13,738,1,7.39566461432954,0,1,0
61.54,13,2179,6,6.75630702832085,0,1,0
31.75,10,78,3,13.275630307403876,0,0,0
33.76,15,2960,3,2.852801422069832,0,0,0
43.72,13,2299,3,21.114702214958974,0,0,0
73.68,12,1085,2,10.120555670203272,0,0,0
48.26,17,1424,2,0.06566018764842863,0,0,0
143.47,16,1126,3,0.6259438347998634,0,0,0
69.69,13,2391,4,4.788881471599866,0,0,0
17.55,8,101,4,4.895142210925762,0,0,0
90.15,20,1348,3,14.47918925692272,0,0,0
73.44,17,2114,1,3.5264305721973797,0,0,0
134.93,20,2402,7,3.1466945220386187,0,0,0
41.44,13,2099,3,8.716629772417287,0,0,0
70.28,13,2651,4,6.7696078756108236,0,1,0
188.77,11,2695,2,1.0128417831710967,0,0,0
17.56,18,2084,3,9.93065729193782,0,0,0
119.95,14,1610,0,4.204990880686401,0,0,0
90.99,12,1277,2,11.375649938432545,0,0,0
21.01,8,2915,6,3.5210955072708234,0,1,0
32.1,11,1041,4,7.735087975192505,0,1,0
58.01,16,1562,3,4.380315825138558,0,1,0
158.28,10,2480,6,9.153763482075703,0,1,0
76.15,16,1450,5,6.674555716870717,0,0,0
105.15,14,318,1,12.933772427972974,0,0,0
55.12,9,2596,3,2.5909113710462757,0,1,0
35.21,16,820,2,6.130334439134646,0,1,0
81.54,11,1772,4,9.26518925278566,1,0,0
48.09,11,210,4,5.996713399540837,0,1,0
128.24,7,241,1,1.6743409936261648,0,0,0
114.58,12,1670,4,8.039977932685376,0,0,0
17.94,7,1557,4,6.742048635325251,0,0,0
49.72,15,1059,1,1.828420333374114,0,0,0
33.63,9,259,2,9.862348912095467,0,0,0
101.98,17,297,1,1.7660411909092901,0,0,0
72.5,12,2252,3,7.245919232289852,0,1,0
79.42,12,2187,4,15.342213250053863,0,0,0
41.26,10,2822,4,6.488991447625532,0,0,0
128.83,16,530,4,2.2235625654579865,1,1,0
93.56,13,2141,2,14.828184403207025,0,1,0
105.93,18,440,6,2.347704097689652,0,1,0
72.25,10,1383,1,1.6578257146977098,0,0,0
107.5,13,1131,3,9.413496339158002,0,1,0
96.77,16,1244,8,17.895436487217058,0,1,0
107.55,14,1891,2,9.54006138508573,0,0,0
101.57,13,353,4,10.103642249838943,0,0,0
93.63,16,468,5,1.3089809637582164,0,1,0
31.6,15,2741,2,23.242158134582894,0,1,0
18.72,11,600,0,10.199877552923663,0,0,0
40.4,15,116,1,1.9922286553529909,0,1,0
89.14,13,1261,2,8.693490451841418,0,1,0
83.06,14,634,2,3.373517009998518,0,1,0
309.48,9,653,1,30.399410738013483,0,0,0
15.24,12,2436,1,7.235465959820731,0,0,0
21.12,9,1575,1,5.804449461828828,0,1,0
56.2,10,875,2,1.377851113172519,0,0,0
14.12,10,71,5,13.043922905648587,0,0,0
90.37,8,1190,5,3.4693587641844896,0,0,0
18.9,10,1118,4,5.003407518946065,0,1,0
135.58,15,104,1,12.677598244762251,0,0,0
35.98,10,2455,0,3.1822539982534694,0,0,0
34.19,20,1333,5,7.116523943754263,0,0,0
52.26,17,292,5,0.9224026511866628,0,1,0
24.96,12,1354,9,6.791457299462685,0,0,0
28.18,12,1464,8,10.600333922864227,0,0,0
49.15,14,1333,0,4.629776123150226,0,0,0
79.38,14,921,3,1.9891254276234624,0,0,0
13.94,9,2107,5,13.506815486344603,0,1,0
130.1,11,154,3,9.374447129559456,0,1,0
180.73,12,2344,2,17.294811632753127,1,0,0
101.93,11,1946,4,19.695955323183725,0,0,0
53.88,10,1671,3,13.475273200803118,0,1,0
77.99,21,343,2,2.9695220797630717,0,1,0
106.65,17,2359,4,0.2386910322241773,0,0,0
42.6,23,1289,3,9.714920435474141,0,1,0
60.96,9,1085,2,16.733786281950096,0,1,0
129.44,16,795,7,5.3680723066174,0,0,0
195.36,0,1026,2,9.549002858285862,0,1,0
89.54,20,2061,8,18.222681439155608,0,0,0
92.21,10,1627,3,10.512979238544514,0,0,0
138.96,11,1150,2,6.7744969868304326,0,1,0
264.98,0,338,6,436.0849733673276,1,0,1
228.3,12,33,5,20.10039147263616,0,1,0
24.1,10,694,1,11.428657532094995,0,1,0
84.22,20,1597,2,2.0617309589963284,0,0,0
70.7,12,760,5,1.7633825753453891,0,1,0
99.86,9,147,0,12.724311472204558,0,0,0
116.92,13,1917,1,3.337504175853603,0,1,0
85.2,17,955,1,9.403692938799304,0,0,0
20.27,14,780,2,2.1731657495488808,0,1,0
147.41,13,2846,4,5.689015462521516,0,1,0
34.7,11,1782,7,1.8324541770706455,0,0,0
30.92,12,1781,7,0.023499360689965165,0,0,0
87.73,11,1416,5,7.496219632841672,0,0,0
80.61,18,2363,3,22.88069244960094,1,1,0
49.31,17,2363,3,6.551795475302366,0,0,0
12.6,11,1660,3,10.177678895282721,0,0,0
94.13,7,1793,3,12.386170742596807,0,1,0
67.2,21,1772,7,10.95481029273437,0,1,0
43.47,7,1980,1,11.520753150812123,0,1,0
75.54,11,1661,2,0.5147257432801657,0,0,0
3.92,11,138,3,3.4771985274045356,0,1,0
24.49,19,1043,8,5.608113235504922,0,1,0
56.91,16,633,4,8.628210276461541,0,1,0
11.35,13,262,3,7.106197254289871,0,1,0
160.47,10,2822,5,27.354389971724505,0,1,0
131.03,15,746,2,3.906983152569291,0,0,0
47.93,9,794,1,6.105232697103679,0,1,0
44.0,11,2660,5,0.38656864464907237,0,0,0
122.8,9,2533,2,3.908287531855332,0,1,0
45.22,14,1461,5,12.406769914399849,0,1,0
57.45,19,1832,3,10.336871754518096,0,0,0
101.84,13,628,3,3.422888059549395,0,1,0
51.76,19,1733,1,11.453292521218902,0,1,0
25.18,14,818,3,6.698532772393612,0,0,0
130.14,17,1065,8,13.73386876057734,0,0,0
259.62,21,1396,2,13.033972326351229,0,1,0
121.84,15,1168,4,2.216697726059139,0,0,0
90.89,10,142,2,15.627627837154854,0,1,0
162.05,14,2952,5,9.458948626278827,0,1,0
25.19,12,1050,5,12.572957060232433,0,1,0
32.13,10,75,3,7.046159640632432,0,1,0
99.75,11,2672,6,3.9205086818910164,0,0,0
75.86,16,1984,5,14.611374648408622,1,1,0
7.39,16,542,4,6.793183799646041,0,1,0
64.23,9,2535,0,10.744582699454766,0,0,0
60.25,7,612,1,6.030180167117018,0,1,0
13.38,16,1346,1,8.315900808731897,0,0,0
18.04,14,189,3,6.859982441306043,0,0,0
31.58,11,1261,2,3.116278599882693,0,0,0
72.15,6,948,3,7.60239216246069,0,0,0
75.48,18,1569,2,9.85317984748263,0,1,0
142.92,9,2523,3,2.3450051300828623,0,1,0
150.73,9,2847,2,10.84421325721682,0,0,0
66.6,7,1212,1,2.8143829787918637,0,1,0
27.6,7,1518,4,4.430147143960404,0,1,0
158.83,9,1715,2,3.8225506119620727,0,0,0
71.02,12,1200,4,0.05620090031543068,0,0,0
183.86,15,2146,2,1.462732765583489,0,0,0
72.97,12,2305,2,2.99373118020833,0,0,0
30.19,9,108,4,14.869866424986789,0,1,0
229.67,20,1941,4,20.230205013498658,0,1,0
47.97,15,727,1,5.180148484634081,0,0,0
73.38,18,1141,1,7.419881048074462,0,1,0
62.67,12,1746,0,1.171540014119425,0,0,0
37.91,16,2212,2,1.451154273104648,0,1,0
28.78,8,2913,3,13.453863317574552,0,0,0
107.08,13,1864,4,2.014127193367101,0,0,0
16.87,15,1570,4,10.6796720451127,0,0,0
63.63,13,1195,5,15.789979099682952,0,0,0
54.98,21,636,4,3.7300974980225785,0,0,0
8.02,21,1128,3,1.5030927043738012,0,0,0
309.4,16,948,0,0.13917295001564778,0,0,0
97.61,19,612,0,1.4198169672378955,0,0,0
51.33,17,2048,4,4.065223185684512,0,0,0
184.74,17,2855,2,2.981769981862946,0,1,0
43.51,12,2592,2,18.0994364718534,0,1,0
48.11,17,819,4,9.564873209863917,0,0,0
39.71,15,881,2,6.18886660855916,0,0,0
52.71,14,2689,1,5.266132283369301,0,1,0
11.34,12,1082,1,3.5540030743481204,0,0,0
25.29,15,1508,3,14.250728786986636,0,0,0
188.43,5,2441,1,4.622172589313175,0,1,0
88.8,9,875,3,11.513027803383356,0,0,0
204.96,18,1719,3,2.7342986785001577,0,0,0
33.53,16,1388,0,10.941795823993992,0,1,0
5.56,22,2847,3,11.522095039262446,0,0,0
233.51,17,661,7,3.315698903004181,0,1,0
113.16,12,1546,6,3.03173672808974,0,1,0
128.95,23,416,3,4.787101375251117,0,1,0
161.66,18,1026,3,7.9362438538578,0,0,0
61.29,16,2176,1,0.684725818852443,0,1,0
42.65,11,864,4,1.673621630965509,1,0,0
49.97,12,1547,2,7.9596816657763005,0,1,0
60.93,7,1592,3,5.525840751289404,0,0,0
69.63,12,84,5,2.1381009197029526,0,1,0
86.94,16,1443,3,10.4259604098556,0,0,0
17.47,13,1361,2,5.198829085440219,0,0,0
19.11,17,2970,1,6.276983653402867,0,0,0
175.17,13,519,5,9.494549715698728,0,0,0
51.54,8,1579,3,22.600202888441167,0,0,0
70.94,17,393,1,4.528710964621742,1,1,0
77.65,17,1446,2,1.301201917843109,0,1,0
59.47,8,2775,3,0.6982296570154407,0,0,0
115.76,13,2243,6,8.331670054793484,0,1,0
309.87,3,81,8,318.7621781969596,1,1,1
52.89,16,2405,4,8.205597201617685,0,0,0
15.18,18,2312,4,14.74330147635083,0,0,0
92.31,11,2263,2,7.59981668201168,1,0,0
62.9,12,1360,4,15.102006401988096,0,0,0
65.87,18,2711,4,5.644125846687543,1,0,0
19.19,9,514,4,11.902682406721073,0,0,0
30.41,9,858,4,8.70021420139776,0,0,0
134.51,19,2070,3,0.9157649977074636,0,1,0
114.49,19,1780,4,10.081422620446503,0,0,0
46.17,20,2250,4,8.091923134294593,0,0,0
26.08,20,567,3,11.67451423268648,0,0,0
8.1,14,1657,2,9.196381965036709,0,1,0
109.89,10,2999,2,24.828767961892037,0,0,0
32.17,17,2361,3,1.8160198658146474,0,0,0
113.83,14,2813,0,15.305972469320333,0,0,0
176.63,14,922,4,7.689614694748039,0,0,0
62.16,13,1804,4,13.57482172985536,0,0,0
34.92,14,2274,2,4.192519041096521,0,0,0
88.88,16,2420,3,5.058817077958797,0,1,0
151.18,17,1733,4,3.608421544486756,0,1,0
10.75,12,2102,0,12.063606622733635,0,0,0
24.12,16,428,2,1.1360487258905279,0,1,0
41.15,18,629,1,9.446838688045663,0,1,0
246.7,14,613,5,15.655743542747636,0,1,0
88.83,13,954,4,8.522616280071135,1,1,0
70.75,15,2838,0,6.347673331906698,0,0,0
113.52,12,1955,0,10.645290395209106,0,0,0
187.08,14,773,2,12.508621872042731,0,0,0
58.81,14,2359,6,15.698804150257391,0,0,0
132.67,12,892,1,3.6272319913210156,1,0,0
80.44,9,883,3,4.044949049317243,0,0,0
9.19,12,2906,3,10.765666186057205,0,0,0
224.85,3,212,11,235.78099354638158,0,1,1
94.35,14,2752,2,14.047715727672445,0,0,0
60.18,22,1832,3,12.01305355952962,0,1,0
41.39,11,471,4,10.493797803189175,0,0,0
5.8,10,803,5,8.738197674266392,0,0,0
31.05,20,2086,7,16.458054394055793,0,0,0
226.19,14,1289,2,7.118147782475251,0,0,0
169.6,13,1230,4,1.3466822462545958,0,1,0
97.11,23,761,3,12.994639489199638,0,0,0
142.97,14,2667,4,8.13940587799687,0,0,0
58.09,16,2909,3,13.69706502913487,0,0,0
32.5,14,2597,5,6.761852319345934,0,0,0
80.32,18,2603,4,3.5503876361330264,0,1,0
60.79,20,2653,2,5.670686296296563,0,0,0
67.23,9,1592,6,0.5006318313961513,0,0,0
84.26,14,2148,2,1.7966609575219925,0,1,0
62.9,11,1412,3,10.410029265351472,0,1,0
61.13,16,1505,3,3.3215522424353567,0,0,0
92.3,18,2060,5,19.954591094580103,0,1,0
113.7,14,106,3,13.25901096069081,0,0,0
135.33,13,2536,2,14.349164940605522,0,1,0
66.23,12,850,2,6.393175931573323,0,0,0
88.77,10,1938,2,4.043282709995621,0,0,0
385.51,1,354,7,675.6909525856879,1,1,1
20.28,12,1831,2,11.506653641464148,0,0,0
111.3,16,2975,1,20.20034823315713,0,0,0
52.13,16,882,1,4.002238443842044,0,1,0
31.64,12,1083,4,4.489110968540727,0,0,0
60.92,13,252,4,10.314826890236734,0,1,0
33.04,17,197,5,1.4055359522320892,0,0,0
7.76,19,1189,2,3.3789104955522546,0,1,0
109.21,19,1530,3,3.2372406753238216,0,0,0
68.43,8,1345,1,12.291821453960832,0,1,0
56.4,20,1206,1,6.746718035377048,0,1,0
71.98,11,231,3,5.427175586842985,1,0,0
113.75,11,826,4,9.199126985144456,0,1,0
80.35,13,348,3,6.319143505513124,0,1,0
73.88,17,699,2,4.338714123947953,0,1,0
84.63,13,2255,2,18.896663368163686,0,0,0
137.87,10,2767,2,2.3131340082229968,0,0,0
107.4,19,67,2,8.019130615884619,0,0,0
75.28,15,878,3,10.351135838463119,0,0,0
175.79,9,937,2,13.79531504945771,0,0,0
61.76,8,1614,4,10.242488239244523,0,0,0
19.68,9,1115,0,10.287221349485511,0,0,0
79.42,16,257,1,4.7970146340395114,0,0,0
91.05,5,1929,1,15.256148445410176,0,0,0
66.78,14,1496,4,19.257370640481092,0,1,0
185.45,17,30,1,7.799284511561507,0,0,0
117.61,11,1860,3,3.0457756143931896,0,0,0
99.84,16,2301,4,4.350126101710181,0,0,0
794.96,4,349,9,504.1754655864622,0,1,1
35.87,22,2909,1,2.8265683405184694,0,0,0
48.28,15,2063,2,7.271829219041778,0,0,0
133.5,11,2852,1,3.6915339839804187,0,0,0
79.8,13,1685,5,5.4055135699254935,0,1,0
109.89,11,550,3,4.10013165038384,0,1,0
274.84,6,1846,3,3.864890934531937,0,0,0
63.24,19,985,3,0.5254795422232199,0,0,0
98.72,17,2221,5,2.676239612762374,0,0,0
112.47,10,552,6,11.727670255658564,0,0,0
48.52,16,2279,4,5.409770387425333,0,1,0
27.01,18,120,2,4.457417587738412,0,0,0
50.77,11,1677,0,5.7914669751362515,0,0,0
183.01,12,38,3,13.842644655239628,0,0,0
72.12,19,1951,7,8.774389557066808,0,0,0
17.35,13,1095,3,16.708181658837937,0,0,0
148.21,16,1759,3,13.290051842741988,0,1,0
220.77,11,246,1,2.307674598660597,0,1,0
12.44,8,562,3,0.9151943490884626,0,0,0
97.02,16,2474,5,2.089092023377428,0,0,0
265.53,20,1770,0,12.089142170801694,0,1,0
56.2,18,823,4,6.023671120100952,0,0,0
75.86,14,1870,4,3.5756841463426845,0,1,0
15.48,11,94,1,4.272572263306513,0,0,0
99.61,12,2991,4,12.152800144447829,0,0,0
63.75,12,1214,3,3.3857837166929725,0,1,0
150.64,10,1096,2,15.706029940674615,0,1,0
8.16,10,743,0,3.013611085722621,0,1,0
12.92,11,377,1,10.495357821069476,0,1,0
99.79,11,488,2,13.741721449501256,0,1,0
88.56,19,460,5,0.14159102272221702,0,1,0
47.06,19,1313,1,3.3990315473274038,0,0,0
34.93,9,213,2,0.2742526509881662,1,1,0
58.74,10,2008,2,10.37928225221682,0,0,0
3.75,18,2402,2,2.95250195366281,0,0,0
42.69,13,1400,3,5.181077688622674,0,1,0
74.99,17,1230,6,0.6975758178080387,0,1,0
109.8,13,1996,3,4.4290012574909525,0,0,0
31.47,21,2055,1,11.925086399879557,0,1,0
100.02,13,2214,5,12.798589236517579,0,1,0
207.73,16,1854,5,6.430563811449771,1,1,0
86.28,11,1182,3,3.4767956541698926,0,1,0
170.18,16,2865,3,12.314329919770884,1,0,0
25.33,12,2254,1,10.327440678237243,0,0,0
184.03,9,663,5,1.5770280768418985,0,0,0
41.42,19,1933,1,13.492955832027866,0,0,0
17.69,10,2252,1,3.431068971704968,0,1,0
25.96,18,294,4,1.13175697975724,0,0,0
82.67,13,2316,2,8.939534219971566,0,1,0
55.62,17,2806,4,11.610597286940866,0,1,0
57.83,9,2577,8,0.7946766751609671,1,1,0
103.77,12,527,5,15.8967466393782,0,0,0
93.78,10,2783,2,21.438664454584398,0,1,0
96.44,16,274,6,8.604057206276124,0,0,0
100.42,13,1803,3,8.414462325962136,0,1,0
44.24,7,1486,5,8.296754205095278,0,0,0
99.91,10,705,1,6.066495994971319,0,1,0
220.54,9,2871,2,10.991629027167356,0,0,0
22.49,16,983,4,1.0533311881743463,0,0,0
26.03,14,1341,4,5.040766081551164,0,1,0
68.82,9,2560,4,0.12018267891937029,0,1,0
68.06,21,525,3,5.830290898213246,0,0,0
187.88,5,1326,5,12.143101732824253,0,0,0
131.3,9,1842,5,18.776732083015194,0,1,0
49.9,17,2503,3,3.4871500087745293,0,1,0
119.68,23,1162,3,6.192386183746123,0,1,0
78.3,8,258,6,6.116537442904441,0,0,0
57.65,12,504,2,15.066431242422684,0,0,0
111.13,9,2819,1,2.3028810680279292,0,1,0
177.81,16,720,3,11.528722599157632,0,0,0
29.8,17,834,5,8.991580967128089,1,1,0
140.9,17,1098,1,3.111004539175852,0,1,0
41.55,15,1268,4,12.674954996834995,1,0,0
48.62,8,1856,1,6.35874369008136,1,0,0
98.79,6,87,2,1.712355248162563,0,0,0
9.47,14,2330,3,7.770392216267764,0,0,0
68.94,16,1833,1,0.360050204725626,0,0,0
29.05,16,1468,6,21.315608680367305,0,0,0
18.64,8,2779,1,7.878916781626749,0,0,0
32.48,10,2522,2,5.097519665710687,0,1,0
85.38,21,959,4,11.633190386065912,0,0,0
11.1,12,2896,2,13.40772241401591,0,0,0
69.2,12,1358,4,11.128535608857524,0,1,0
76.27,16,2856,1,19.400442777532255,0,1,0
189.2,16,1003,5,3.655742131181899,0,1,0
35.09,8,1098,5,9.183163947572332,0,0,0
63.11,11,2685,6,16.029593919852793,0,1,0
32.86,19,2433,6,2.2027018917049803,0,0,0
49.6,13,1446,2,2.928552391276815,0,0,0
32.68,15,2216,1,8.057380844866227,0,0,0
46.07,1,139,0,1.9043802690917007,0,1,0
28.99,13,1426,4,1.2521410106028257,0,0,0
272.83,13,1189,0,6.981354809027728,0,0,0
14.87,15,82,4,10.180413028650884,0,0,0
17.06,11,137,3,9.972058775188232,0,0,0
18.49,14,2420,2,0.3138982139927178,0,0,0
151.52,15,699,2,10.009039550044669,0,1,0
200.46,15,2546,4,5.166830324660474,0,1,0
48.85,15,2951,2,9.217032884108978,0,1,0
52.78,13,2270,2,2.714812710959639,0,0,0
126.54,13,1886,3,16.22647252746691,0,1,0
57.65,13,1066,6,1.591287662684108,0,0,0
190.49,4,24,5,439.1450680011807,0,1,1
50.86,22,2556,1,13.966186715930458,0,0,0
25.67,9,2197,5,9.062574014273512,0,1,0
75.83,8,1003,5,11.660142289596276,0,1,0
62.57,15,404,4,9.028041049362685,0,0,0
79.51,17,2366,1,19.414818152661205,0,0,0
60.09,17,1406,7,2.197552835387541,0,1,0
85.38,8,1271,6,12.40474145450148,0,0,0
60.23,8,1728,1,6.468835097502208,0,1,0
89.45,14,1405,3,8.813786541558375,1,1,0
54.35,8,2675,3,7.900850413905546,0,0,0
37.64,14,586,2,1.2357624051961071,0,1,0
423.08,5,95,7,44.89228916044107,1,1,1
56.23,9,1907,2,8.636326183460941,0,1,0
38.88,21,542,1,8.841556524738264,0,0,0
192.49,8,1476,2,23.125371826647196,0,1,0
19.76,8,1637,3,3.3134398351958234,0,0,0
127.78,10,983,3,1.422861807429637,0,0,0
67.19,20,147,1,5.416926784684053,0,1,0
64.7,18,1777,2,2.888851679202761,0,0,0
72.81,11,725,5,6.6819514015615695,0,0,0
39.77,21,2710,4,5.876559184391254,0,0,0
85.4,14,192,0,2.2839427499748375,0,0,0
131.6,6,2459,3,17.880972893040102,0,0,0
83.18,17,1480,4,7.2380482258831025,0,1,0
34.06,19,1503,2,12.644389591198216,0,0,0
9.66,12,2102,1,7.3505519536280985,0,1,0
122.75,14,782,2,4.419631858574333,0,0,0
104.0,11,1380,4,6.510082999707714,0,1,0
38.18,15,342,1,0.012287203344492958,0,0,0
115.93,10,1667,1,21.003655836496684,0,0,0
10.88,10,1381,4,5.485680008366194,0,1,0
62.9,8,162,2,13.093911324878976,0,1,0
46.37,16,632,4,11.5082614555267,0,1,0
126.22,9,2704,4,23.35985176535192,0,0,0
184.59,12,900,2,4.299584525489301,0,1,0
29.41,14,1630,6,21.381958189871323,0,0,0
78.39,19,1414,2,7.339294776625838,0,0,0
126.65,16,511,3,7.915835144116874,0,1,0
103.56,21,262,5,8.83346774417419,0,1,0
155.67,15,1884,5,10.718317887659092,0,0,0
99.69,14,2840,2,7.8057290782795,0,1,0
97.23,11,1792,4,0.3383907549213072,0,0,0
67.12,13,868,2,15.13529920777329,0,1,0
23.03,12,1959,5,6.244521596930767,0,0,0
66.82,12,2814,2,4.648349136993879,0,1,0
251.79,13,1537,0,11.695069864390437,0,0,0
46.24,14,1945,4,9.389095887943956,0,1,0
98.02,11,2932,2,15.181565127763642,0,0,0
72.93,11,562,3,1.3527961437923643,0,0,0
181.25,9,2390,6,0.9333603895389535,0,0,0
37.66,13,181,3,2.795914389817603,0,0,0
138.84,16,2520,1,7.993222781448399,0,0,0
430.5,1,104,15,441.2497878928994,1,0,1
146.13,8,2271,5,4.111813070591265,1,1,0
32.63,16,2613,1,2.355368584343112,0,0,0
122.63,19,722,3,6.371719071420106,0,0,0
80.27,10,1277,2,10.302905871790253,0,0,0
57.09,6,2311,3,13.472935251914361,0,1,0
54.86,12,2802,0,2.5976214094004835,0,1,0
189.54,17,1319,2,8.016634666154415,0,0,0
25.88,23,1724,1,3.6115417909589604,0,0,0
142.57,10,1970,2,4.70159109148271,0,0,0
86.09,13,381,2,4.237533654750789,0,1,0
75.82,11,951,2,10.64800111914878,0,0,0
101.91,16,2887,2,3.0158608763212396,0,0,0
57.69,14,1863,2,20.02883010123481,0,0,0
27.69,15,1957,1,4.0144808370249905,0,1,0
93.76,18,142,4,0.20533040904675648,0,1,0
61.69,18,2316,1,6.485470765982026,0,1,0
130.79,20,2888,0,8.974398030995326,0,1,0
53.29,8,2313,3,8.2149843961589,0,1,0
23.37,19,2289,1,5.71455346904337,0,1,0
191.94,8,820,5,16.382383384256478,0,0,0
58.54,22,2299,2,2.877331576097117,0,0,0
49.78,15,76,2,0.8307203684196471,1,0,0
29.2,12,388,3,6.171704448250166,0,0,0
93.41,14,1364,2,12.71981938932458,0,0,0
60.08,13,237,1,4.092507416394303,0,1,0
66.7,11,1296,5,12.008230380033877,0,0,0
72.5,18,867,1,11.418804852317127,0,1,0
49.27,13,2984,2,7.88934041604154,0,0,0
89.56,17,1873,5,13.154951186701549,0,0,0
180.46,19,2840,5,15.191273826136351,0,0,0
122.77,13,1916,2,0.4119176241457314,0,1,0
22.32,10,1286,0,17.35153077535042,0,1,0
15.55,13,143,5,1.446213086959009,0,1,0
86.26,13,1973,1,2.887257853419442,0,0,0
51.87,19,2766,0,3.4522952031135477,1,1,0
679.23,5,357,9,14.561971203126518,1,1,1
112.31,7,1225,3,12.650190174461713,0,0,0
120.31,13,2532,3,7.7656655123498375,0,0,0
31.71,13,1077,5,0.867969590935691,0,0,0
90.52,16,451,3,1.504675887743673,0,0,0
132.04,16,2228,2,17.11601117980932,0,0,0
14.74,15,1553,5,6.014984254793044,0,1,0
33.55,17,1915,3,0.9164554468163981,0,1,0
95.47,17,373,2,16.024732967103617,0,0,0
49.65,10,536,2,7.319831906921058,0,1,0
70.75,19,2395,3,0.2922005077961245,1,1,0
22.49,11,2673,3,23.323353722175472,0,1,0
31.52,11,1436,2,17.98531602043902,0,1,0
36.3,12,642,5,1.216721819116648,0,1,0
72.12,15,2580,2,0.9331598514982424,0,0,0
50.09,9,2278,5,7.387285520658941,0,0,0
66.83,14,2663,2,10.459410425454985,0,0,0
99.69,16,842,5,3.16565870275228,0,0,0
80.92,14,2424,2,0.7867805618332904,0,0,0
28.37,12,1447,4,2.501477127043101,0,0,0
81.39,14,532,2,6.60040261080888,0,1,0
99.01,11,2030,4,1.0494139190483107,0,0,0
46.62,16,448,3,3.542580472899953,0,0,0
74.68,16,2746,3,3.2993331000448993,0,0,0
150.29,19,2539,2,8.450204453600502,0,0,0
71.55,11,2100,5,8.016960715832472,0,1,0
104.45,9,1978,3,12.662097679123857,0,0,0
60.24,12,940,5,2.43078038005479,0,1,0
83.97,18,1044,3,1.9631723584724314,0,1,0
126.98,15,185,2,18.938464396580233,0,0,0
126.55,12,281,9,6.906592687426474,0,0,0
35.77,10,1868,0,15.04785249303465,0,0,0
73.65,13,63,2,4.815160754353776,0,0,0
88.1,15,1681,3,6.483998105808586,0,0,0
76.37,17,1733,2,6.749158050305509,0,1,0
39.68,18,2888,3,17.74298413617854,0,1,0
142.29,10,2806,4,2.941988635397598,0,1,0
52.54,19,929,6,4.4964669602776866,0,0,0
29.48,15,2596,1,12.726302525508071,0,1,0
163.87,22,1625,1,1.6834235045449222,0,0,0
47.61,11,516,0,10.56158701671269,0,1,0
74.14,15,744,0,13.818671402456161,0,0,0
3.31,18,2046,4,28.121992515536505,0,0,0
67.88,12,2743,3,20.386546475555868,0,1,0
77.31,11,39,4,11.290723768364764,0,0,0
142.08,17,85,3,0.5454302924498977,0,0,0
123.85,8,106,1,13.986358351314243,0,0,0
99.0,16,827,2,7.815712867059832,0,0,0
119.31,23,1442,3,6.708886178467657,0,1,0
10.82,14,1569,2,4.722051424910035,0,1,0
40.18,10,684,2,20.167250311945597,0,1,0
45.71,22,1358,3,22.661455342693543,0,0,0
90.55,4,425,4,3.504584342974008,1,1,0
51.53,10,2057,2,7.795296840697532,0,0,0
22.39,12,2506,2,1.9544921568975249,0,1,0
109.01,19,2683,3,2.6800664125539835,1,0,0
83.32,15,2305,3,0.28501342549869957,0,1,0
54.05,18,2821,5,9.822691730598123,0,1,0
75.71,14,2846,3,6.2419096088794515,0,0,0
75.31,19,2141,0,14.794174362246121,0,0,0
28.85,16,1232,3,13.295360346370835,0,1,0
46.92,19,269,5,4.19614063279001,0,0,0
96.82,13,685,1,23.438315014228998,0,0,0
33.86,16,626,1,22.405618006607853,0,0,0
158.82,12,987,1,3.2778509089720824,0,1,0
71.14,14,2171,5,0.7497247174963411,0,0,0
100.68,10,2585,3,5.462929079191256,0,0,0
81.22,16,2782,0,11.460533852100667,0,1,0
115.82,11,319,1,3.7172635173583215,0,1,0
156.82,20,2597,2,8.446041953671415,0,1,0
85.47,18,70,3,10.732828356503724,0,0,0
118.25,10,94,2,2.4533982482110903,0,0,0
18.75,12,1073,2,22.973698929683678,0,0,0
155.85,16,2342,4,2.16598388396885,0,0,0
127.2,13,123,3,6.4276770006940565,1,0,0
11.41,10,2096,5,12.282764958814067,0,1,0
42.02,15,60,3,4.154153204514115,0,0,0
31.66,9,2182,3,1.2286481265325726,0,0,0
106.8,11,2274,4,2.140770910433046,0,0,0
185.02,12,820,0,13.789073556556685,0,0,0
57.52,19,2093,5,7.443368680119862,0,0,0
333.33,3,147,14,612.841601775287,1,1,1
164.97,13,511,4,1.518237640952305,0,0,0
2.84,20,1434,2,19.158414697447142,0,0,0
91.46,8,102,1,0.6700237746445303,0,0,0
306.41,11,981,0,0.5738378241607345,0,0,0
79.88,19,1872,2,0.5806520967013649,0,1,0
93.09,11,2660,3,4.913186943954469,0,0,0
60.05,16,1649,5,11.469961784012662,0,1,0
77.28,16,1475,3,6.1550593324716605,0,0,0
55.63,20,2242,1,5.9830045065928505,0,0,0
133.87,15,956,4,6.424015419246244,0,0,0
14.81,21,233,2,18.221533959895048,0,1,0
144.14,10,1935,1,6.583370094190088,0,1,0
20.47,15,339,2,2.589059876507611,0,0,0
8.93,17,848,5,15.679550753996471,0,0,0
79.12,13,2879,3,11.403210580980275,0,1,0
48.28,15,31,2,2.5782136872402073,0,0,0
135.19,15,2040,4,8.29988097244367,0,0,0
15.37,17,1948,2,7.962918274128864,0,1,0
88.43,13,2272,0,5.731767898241277,0,0,0
23.32,9,2895,1,3.421722607729422,0,0,0
110.24,12,1463,3,6.6864640291714075,0,1,0
21.88,13,932,6,3.8562062095236334,0,0,0
63.14,9,1700,3,3.0578778415163033,0,0,0
94.05,19,2206,7,6.7283932237672275,0,0,0
84.26,10,761,3,8.850896853904944,1,0,0
29.42,20,1241,5,6.013321321465241,0,1,0
46.68,13,1961,4,4.217805425135903,0,1,0
68.8,21,2339,1,12.784972050270197,0,1,0
50.7,4,1934,5,6.72913974716331,0,0,0
135.97,16,746,1,8.554783040359101,0,0,0
69.58,11,941,4,11.834552450513694,0,0,0
41.03,18,2254,3,5.28941974857354,0,1,0
193.81,16,2735,2,9.082007151688458,0,1,0
217.47,23,1448,2,2.9080584869715125,0,0,0
33.29,13,2360,3,2.6160910955983914,0,0,0
230.39,18,420,3,17.99875609277943,0,1,0
18.59,8,1932,3,12.379380512715098,0,0,0
115.62,12,1561,2,2.8561994638087858,0,0,0
83.99,9,2612,2,0.002061880972415331,0,1,0
77.6,14,2708,0,6.208374922312016,0,0,0
27.9,22,759,2,7.923381960358034,0,1,0
72.5,5,1653,7,8.88132163552267,0,1,0
74.11,15,2501,5,19.97037397303446,0,1,0
69.04,13,2806,3,29.416122271866122,0,0,0
95.43,13,230,4,5.320117398087625,0,0,0
189.16,13,1826,4,2.697935606681238,0,0,0
124.4,14,2013,2,7.992142962556474,0,0,0
124.96,19,950,3,0.4085982515138795,0,0,0
37.96,8,2076,1,13.329934882156348,0,0,0
23.81,13,1232,1,2.6266533102347003,0,0,0
64.37,11,1541,5,7.805657169768738,0,0,0
9.38,8,2543,2,24.253348802903233,0,0,0
27.4,15,2312,2,2.058126271732254,0,0,0
61.65,10,1064,2,0.7683280725703288,0,0,0
103.12,10,1041,2,7.109666272639529,0,0,0
33.1,18,369,5,2.0541659510671995,0,0,0
82.91,15,2639,3,6.009421002051598,0,0,0
163.87,12,1138,3,4.840327528132807,0,0,0
50.03,11,1538,6,10.909222203482859,0,1,0
84.38,13,452,5,21.721428709278026,1,0,0
48.83,14,1525,3,6.276202633444232,0,0,0
83.89,12,570,2,6.549163648122354,0,0,0
82.05,0,1866,1,2.8219214306297404,0,1,0
75.27,14,2707,1,12.500315443036598,0,1,0
10.13,15,2008,4,8.87239177123641,0,1,0
92.13,13,955,4,3.3400763132895737,0,0,0
70.13,16,2557,1,13.73326340518206,0,0,0
282.2,17,2028,3,2.656616558122612,0,0,0
125.87,16,59,4,1.655299270191498,0,1,0
82.72,17,1354,4,1.1191120885731518,0,0,0
41.79,20,783,6,1.9055501648470363,0,0,0
149.48,13,1324,2,19.823944517410524,0,1,0
144.16,15,2158,3,15.83942862128798,0,1,0
54.24,10,405,3,17.166519541534132,0,0,0
70.6,11,1623,3,7.845192648872793,0,1,0
71.63,11,740,2,0.09933385518023474,0,1,0
87.16,13,1478,5,8.757133478737641,0,1,0
103.92,13,1302,3,13.647546619968532,0,1,0
255.71,2,74,10,500.3445159382878,1,1,1
91.86,16,2722,1,17.88862390402857,0,0,0
65.24,19,2223,4,10.396797682983426,0,0,0
74.11,8,1838,9,21.13493571408322,0,1,0
202.27,23,2096,4,13.560267214068501,0,0,0
69.42,14,2645,2,3.1562374191673035,1,0,0
267.07,15,2708,4,0.10073174704648391,0,0,0
15.64,15,1943,5,14.05455103061835,0,1,0
21.32,8,2696,3,11.23051061306602,0,0,0
66.66,12,2219,5,4.117234245183967,0,0,0
93.98,10,1424,2,0.4193014890985669,0,0,0
56.34,9,2892,4,6.642104934569544,0,0,0
76.14,18,1765,2,10.532747716532072,0,0,0
68.41,12,1812,2,6.700742684999367,0,0,0
603.29,5,163,7,575.3728819975112,1,1,1
90.29,10,1645,2,9.562142256659492,0,1,0
145.13,14,1810,3,2.605063545326114,0,0,0
42.11,16,2523,6,3.640702301772947,0,0,0
62.51,16,232,1,15.229039257512444,0,0,0
45.16,15,2083,2,9.795492614273229,0,0,0
74.97,6,914,5,9.36155445722274,0,0,0
18.63,10,2320,2,6.125174226120918,0,1,0
85.23,9,471,1,25.014351829667902,0,0,0
42.09,12,588,0,13.534129643746963,0,1,0
96.68,18,2554,2,3.8292912019493515,1,0,0
82.75,12,2568,4,6.020763265184211,0,0,0
165.8,13,2911,0,7.7611535812338595,0,0,0
79.21,17,2521,3,12.118922028466312,0,0,0
31.61,13,2352,6,17.580160351584375,0,0,0
187.95,11,2925,1,10.580733258770795,0,1,0
135.21,10,2913,3,6.873961434329966,0,0,0
184.32,11,165,4,8.92744356053131,0,0,0
26.47,12,374,3,9.707034725072283,0,1,0
146.98,9,2206,1,9.738633117336313,1,0,0
123.99,5,435,6,12.506774134913595,0,0,0
36.68,14,1282,2,7.801054786466036,0,0,0
97.21,11,51,4,17.738345038907397,0,0,0
29.38,16,1017,5,9.53805684342058,0,0,0
64.19,15,2344,4,6.2256311558006425,0,0,0
285.42,10,2591,2,2.1497108271919045,0,1,0
16.11,11,2666,1,12.460945689907568,0,1,0
113.33,12,857,5,2.0792450462830594,0,0,0
206.8,12,1467,1,4.369027707717898,0,1,0
106.78,18,284,2,4.251457559088452,0,0,0
199.24,19,2315,3,2.0203300846332093,0,1,0
167.83,10,2886,3,10.779085910948552,0,0,0
79.77,12,1274,6,2.2047136771785314,0,1,0
33.02,8,442,5,8.337133470068444,0,1,0
178.06,19,1124,1,0.5976026395272456,0,1,0
227.68,0,212,7,618.8527491625882,1,1,1
59.28,16,2299,2,3.421744575537895,0,1,0
160.03,18,2463,3,8.146271402412225,0,0,0
81.79,13,84,4,0.20810344171027495,0,0,0
88.7,13,1350,2,9.639956746308819,0,1,0
43.23,13,1691,9,1.0513994870749226,0,1,0
116.82,17,696,2,12.97037539324618,0,0,0
82.97,14,175,6,0.20158984543183678,0,1,0
44.9,22,1698,3,2.7753763304643426,0,0,0
32.54,18,50,3,5.911406200649732,0,0,0
51.41,17,2468,0,1.1755360760246902,0,1,0
44.5,9,700,2,2.555102474129127,0,1,0
78.08,7,215,3,1.9957793630587908,0,0,0
34.46,9,2969,4,1.1020242863106278,0,0,0
18.99,15,2795,1,14.277073663046405,0,0,0
48.55,7,1709,1,5.874388690145336,0,1,0
80.12,14,769,6,13.803464199254858,0,0,0
115.8,18,720,0,14.017196716673045,0,0,0
71.2,20,739,3,5.225817540122281,0,1,0
103.19,18,1858,7,12.995360546582056,0,1,0
147.65,13,2389,3,8.8055913848018,0,0,0
151.12,13,448,7,10.292081762914354,0,1,0
41.26,16,2610,3,7.067872886354069,0,1,0
103.97,12,1226,4,18.423044499946897,0,0,0
13.23,14,1407,2,5.618942714277273,1,0,0
86.63,9,641,1,8.531770194016811,0,1,0
70.44,10,1734,6,11.981114474062428,0,0,0
69.61,12,819,2,0.7601850695238461,0,0,0
115.2,17,946,3,0.7920898340170197,0,0,0
72.86,14,1698,2,4.154862442116248,0,1,0
97.98,9,2530,6,2.0442773768043594,0,1,0
17.24,11,1437,5,3.815335532092641,0,1,0
224.17,12,1248,4,0.32613782933838475,0,0,0
68.99,20,1284,1,2.7569748287173796,0,1,0
60.1,11,2369,2,0.05077975647977517,0,0,0
140.76,14,1088,2,8.358136661280922,0,1,0
66.49,15,2007,3,12.799055419963757,0,0,0
36.42,17,1699,4,15.190003176578674,0,0,0
68.92,13,1043,0,2.8557218013062293,0,0,0
133.97,12,767,1,14.202415115252641,0,0,0
28.7,16,2257,3,11.26670183681835,0,0,0
118.44,22,178,6,8.614668341998458,0,1,0
67.6,17,1816,3,11.085540954365907,0,0,0
27.4,5,1828,2,8.995302602468673,0,1,0
53.01,5,2670,1,7.467804351636177,0,0,0
56.04,12,2065,2,7.763946569805745,0,1,0
30.27,13,2737,2,3.372977388627234,0,0,0
69.41,20,2204,3,2.4926093571785524,0,1,0
56.64,17,649,7,0.7652831524422652,0,0,0
48.74,14,1750,1,4.1035369881899,0,0,0
74.18,13,2402,1,17.25376398285419,0,1,0
138.2,13,2122,2,7.321522990345038,0,0,0
52.11,16,1018,1,5.5739562274006795,0,0,0
71.19,15,984,2,6.727638056459641,0,1,0
81.09,11,277,6,4.905006943929662,0,1,0
37.92,8,1081,6,9.755038626892288,0,1,0
75.65,14,2280,5,3.7151901728192414,0,0,0
4.02,17,2638,3,1.6031316452864655,0,0,0
51.94,13,184,1,19.021893849286997,0,1,0
77.46,14,1209,2,12.505126420160682,0,0,0
46.9,12,806,2,20.693214551875258,0,0,0
140.83,9,1396,2,22.85923508737052,0,0,0
72.01,15,1623,3,5.412862115350273,0,0,0
28.42,17,1138,3,6.638593936781298,0,0,0
13.15,16,1644,3,8.52671073149877,0,0,0
11.46,19,2246,3,2.74910744452589,1,0,0
193.2,14,552,3,3.749688337241655,0,1,0
122.08,14,644,6,11.38132311583365,0,1,0
92.03,17,529,4,4.865212650621107,0,1,0
50.02,10,2217,3,2.900884385517217,0,0,0
191.09,4,2127,5,1.6581013898513035,0,0,0
66.78,10,1168,4,18.574460463224483,0,0,0
231.24,5,397,9,98.08288530413978,1,1,1
110.89,11,1244,0,0.6121827902507091,0,1,0
24.54,15,60,3,0.8594318186249348,0,0,0
97.89,19,492,0,18.440187595973683,0,1,0
9.25,14,1313,5,3.1962225141879492,1,1,0
64.27,17,2071,3,10.463533588479635,0,0,0
95.39,12,780,4,12.184405228222596,0,0,0
55.36,17,2350,4,5.611123936985482,0,1,0
40.84,15,1519,1,11.460203246759974,0,0,0
117.29,14,410,6,7.685167306588916,0,0,0
105.97,13,2750,1,18.824903706385797,0,0,0
27.7,12,2296,0,17.3824703826332,0,0,0
69.37,16,1122,3,8.711706175588187,0,1,0
111.54,15,1778,6,17.24191477238777,0,0,0
94.43,11,859,5,7.465594444743923,0,0,0
47.43,12,2635,2,5.509457199367065,0,1,0
95.13,20,1553,3,13.529512490535335,1,0,0
59.36,14,1582,4,17.478117563408752,0,0,0
72.72,9,2314,2,9.092596761218338,0,0,0
107.4,11,2845,3,5.167247825264665,0,1,0
29.81,15,1909,1,2.0186201142502638,0,1,0
132.57,11,855,6,10.740635985133737,0,1,0
60.73,16,394,1,10.086047302837873,0,0,0
108.53,7,2574,3,10.86604569638589,0,0,0
20.39,11,1314,4,3.13230522294314,0,1,0
635.56,1,242,13,368.47136298643534,0,1,1
299.79,16,41,2,5.005847950708114,0,0,0
73.46,11,1045,8,15.54215876956539,0,0,0
90.12,14,1329,6,6.894804589379439,0,0,0
96.15,19,893,1,12.868709102699201,0,1,0
38.14,17,731,2,8.122347947721408,0,1,0
48.07,18,2590,0,3.17367466285297,0,0,0
20.56,20,2455,2,0.8684107462482835,0,0,0
191.2,19,761,4,15.411418957365251,1,0,0
74.81,11,57,3,7.342206716202552,0,0,0
78.01,16,2799,4,0.21850442278304705,0,1,0
19.2,10,152,6,18.595192055111575,1,1,0
171.83,14,2406,3,15.349470602260869,0,0,0
168.04,17,2982,4,2.250388275296965,0,0,0
123.59,11,2691,3,5.402145438580725,0,1,0
58.15,17,598,2,11.992453447461003,0,1,0
45.57,9,717,2,20.576329872285076,0,0,0
152.57,23,1861,0,10.600366704754567,0,1,0
102.72,17,57,1,8.569293708867043,0,1,0
98.35,18,1745,7,12.361021617845822,0,0,0
35.83,14,93,3,8.378564114448148,0,0,0
34.08,12,2371,4,9.794475867582843,0,0,0
51.25,7,2090,2,6.302850345416012,0,0,0
115.64,14,2425,4,1.540175344571959,1,0,0
38.82,6,2068,4,13.567316677250469,0,0,0
161.44,12,1792,2,2.307195830916145,0,1,0
93.58,12,2633,1,9.161175799247268,0,1,0
75.72,17,2233,6,5.029313141213203,1,1,0
3.72,15,1201,6,4.661341833624382,0,0,0
256.95,14,373,4,11.68050304909341,0,1,0
42.55,14,2493,2,5.099858097108596,0,1,0
29.51,20,1438,2,6.49651041710502,0,0,0
96.65,8,2053,1,2.3025045055666067,0,1,0
56.21,15,249,2,3.0156514867430797,0,1,0
106.57,14,2811,2,3.830347744438839,0,0,0
116.35,11,1274,4,11.375012857287807,0,1,0
34.89,13,2928,1,10.312344996045628,0,1,0
37.44,16,859,2,3.2022037627811244,0,0,0
100.39,10,2210,5,7.835964759288622,0,0,0
31.3,14,674,3,3.555058379019844,0,1,0
54.27,16,2352,4,9.200675096499225,0,1,0
29.37,13,353,2,15.56061180999339,0,1,0
199.69,13,2584,3,4.970102851703132,0,1,0
51.27,7,2539,2,6.988042441736471,0,1,0
19.08,20,1310,4,7.588297269108017,0,0,0
63.24,16,1916,3,1.465686995637017,0,1,0
46.04,19,358,4,4.660050757855494,0,0,0
34.95,14,591,3,17.12206910743729,0,1,0
19.33,12,1456,4,3.4838198062059647,0,0,0
168.57,11,2788,1,7.622110313945197,0,0,0
14.72,17,1856,3,10.867622621252501,0,0,0
210.21,14,1901,0,4.081313935437681,0,0,0
89.67,6,1165,2,2.6844888356485797,0,1,0
13.11,23,1214,3,0.16343192514370486,0,0,0
127.33,23,1535,5,20.723836464936053,0,1,0
84.09,16,1029,5,7.9519552146265,0,1,0
32.6,19,1992,2,0.5479831844324439,0,0,0
106.91,21,2428,4,24.06149439016728,0,0,0
81.17,10,1211,2,7.971305325834525,0,0,0
63.57,11,1625,5,3.674150175493468,0,0,0
86.67,14,914,3,1.8786964029102915,0,0,0
144.78,23,2086,2,19.41145746917134,0,0,0
160.43,15,1803,1,3.7617906533417624,0,1,0
51.76,16,2022,6,1.5050070066674257,0,0,0
251.95,17,2833,4,8.776980320614658,0,0,0
127.81,12,2132,1,10.712114216797707,0,0,0
119.61,14,2782,2,16.250697750559837,0,1,0
42.68,15,409,1,7.64616952456542,0,0,0
53.94,17,512,1,2.4408423307900167,0,0,0
53.37,16,1129,3,5.968081707908972,0,0,0
216.88,17,600,1,17.304955852037715,0,0,0
63.88,14,532,3,2.943075402820843,0,0,0
64.05,16,2074,3,1.4258557817423294,0,0,0
42.33,15,563,4,6.836931308466793,0,1,0
96.01,8,1983,2,3.738986584100804,0,1,0
83.09,23,1373,2,3.028446276419844,0,0,0
40.33,13,2306,2,9.845818678969898,0,1,0
77.24,15,2519,4,20.120244143505982,0,0,0
87.88,14,483,2,3.5843786719069604,0,0,0
3.28,16,2226,5,5.67914653747726,0,1,0
313.09,13,2647,1,3.6372162212753327,0,0,0
78.99,10,1934,7,12.144010985873226,1,0,0
39.89,11,741,4,2.1522530142380565,0,0,0
108.41,14,1920,0,9.674052186271076,0,0,0
45.83,4,1090,2,20.937608487310847,0,0,0
26.43,9,1200,3,5.467180445619352,0,1,0
50.43,7,1230,3,30.73047493775208,0,0,0
110.17,13,2151,2,9.090853689592553,0,1,0
70.87,11,1465,2,7.469849595398019,0,0,0
50.6,15,2943,3,3.4743102724333377,0,0,0
38.04,14,977,5,3.925326813604201,0,0,0
8.71,8,644,0,3.68401735947419,0,0,0
42.54,20,1720,2,23.895715415892056,0,1,0
45.98,10,2495,0,10.638421070249166,0,1,0
111.9,14,2392,2,4.768952918764892,0,1,0
6.13,7,1542,3,7.32001181596772,0,0,0
9.07,11,493,1,6.784004595153133,0,0,0
28.43,16,1495,2,20.478545500661966,0,0,0
157.36,12,2130,2,10.971898860418086,0,0,0
79.78,6,2614,4,6.160850071417502,0,1,0
13.29,14,2293,4,0.5720675068497751,1,0,0
10.06,14,1502,3,0.7551104495440129,0,1,0
64.25,7,988,5,0.028907819361597475,0,1,0
121.05,17,534,2,8.10719132492306,0,0,0
89.3,10,999,4,1.1199207575395498,0,1,0
163.08,9,1914,4,15.916750605047135,1,0,0
194.94,14,2800,2,2.641942095977897,0,1,0
27.65,22,1766,4,5.150574565535834,0,1,0
29.28,10,115,3,1.1725977709134119,0,1,0
58.04,19,893,3,6.689514654426949,0,0,0
112.34,17,658,4,28.467374647926775,0,0,0
16.95,13,1158,2,2.7692696689921936,0,1,0
23.19,13,2833,2,4.090169947329802,0,0,0
135.91,15,356,1,0.45886251618289364,0,1,0
37.53,4,1127,3,15.845259662900508,0,0,0
193.18,8,1918,2,12.396702774567377,0,0,0
475.8,2,114,8,471.39063322570155,1,1,1
55.56,15,329,3,15.107773852115997,0,0,0
175.72,18,808,2,10.804809160168443,0,0,0
46.96,18,2615,6,1.1993670639088982,0,1,0
28.19,12,2900,3,22.36312738477108,0,0,0
66.76,11,767,3,14.547693424835918,0,0,0
5.83,8,631,3,0.43832569209302896,0,0,0
18.91,18,1268,6,8.804636492204931,0,0,0
57.61,12,700,6,1.5800055146605168,0,0,0
63.0,19,2815,6,4.341711393690833,0,0,0
50.47,7,803,4,1.3137986142917075,0,0,0
9.57,13,1069,2,4.818638284495137,0,0,0
133.21,8,1158,2,9.347383045908758,0,1,0
52.15,13,352,2,19.90865239279416,0,0,0
117.86,16,2559,3,4.924745875325611,0,0,0
38.31,15,588,1,15.188413213894233,0,0,0
90.73,14,1105,1,13.530894766707567,0,0,0
9.66,14,2314,2,6.508096867587502,0,1,0
81.16,15,2366,2,4.756075858174861,0,1,0
249.21,1,78,10,232.68023182718048,1,1,1
67.27,18,847,5,1.8525944727046744,0,1,0
146.92,8,1549,2,7.513636147170816,0,1,0
130.99,16,2758,4,3.237898103849115,0,1,0
26.74,11,354,2,17.385839825911294,0,0,0
63.71,10,1412,2,2.6547843584077815,0,0,0
134.95,15,1696,4,8.485645591062461,0,0,0
55.17,11,488,3,1.9005631186196883,0,0,0
36.67,16,2128,1,6.5855013335302415,0,1,0
27.52,19,1928,4,9.57914705511832,0,0,0
65.64,17,1531,5,10.004930713833097,0,1,0
77.65,14,2724,2,4.194719320423722,0,0,0
102.71,20,1606,0,8.864439861307044,0,0,0
79.71,18,1483,1,8.214786624525198,0,1,0
205.5,12,2171,0,21.224276491280534,0,1,0
121.2,11,1717,6,4.246181277115986,0,0,0
126.97,12,1827,3,15.097946399040275,0,0,0
35.77,18,1033,3,4.687965056262101,0,1,0
168.3,15,1133,2,16.257497920611492,0,1,0
42.0,9,168,7,12.015636662786005,0,1,0
9.27,14,2481,0,3.587206864777667,0,1,0
94.24,17,626,3,3.6638694156335276,0,1,0
140.64,14,1098,3,5.444569309546503,0,0,0
21.83,15,2564,2,0.7967986411828072,0,0,0
70.23,17,847,4,1.183892480014205,0,0,0
73.77,10,1300,2,2.9195887997794423,0,0,0
25.9,17,2007,2,14.532052119402978,0,0,0
53.76,16,346,5,10.360991817845703,0,1,0
187.89,18,441,3,6.76014744444557,0,1,0
71.19,13,680,0,7.771076304300209,0,1,0
70.24,9,2430,2,3.001084292115465,0,0,0
14.39,13,1472,3,3.3597611444175364,0,0,0
6.23,12,2690,3,3.701127691381542,0,0,0
109.35,23,1947,0,17.991924878370575,0,1,0
24.39,15,2252,6,9.174804625009756,0,0,0
44.45,12,1471,2,11.142267144132344,0,1,0
59.43,14,1558,1,2.4655003076062307,1,0,0
42.45,6,2580,0,10.018658540015604,0,0,0
45.92,20,1183,3,13.589922215844007,0,0,0
27.72,9,2076,2,4.102136797198748,0,1,0
182.91,12,109,3,18.38011246251568,0,0,0
55.87,8,2749,8,6.608593770096007,0,1,0
84.29,20,2528,7,9.79713402785441,0,0,0
13.24,17,2393,2,18.825916874266063,0,0,0
66.92,9,2449,1,5.82929712141795,0,1,0
45.36,11,2831,4,4.786975102002502,0,0,0
39.48,15,142,4,9.598383158349995,0,0,0
113.97,15,943,1,2.368785085691697,0,1,0
163.17,9,1804,3,13.64535518220745,0,1,0
42.87,9,1349,0,4.605800636705894,0,1,0
6.55,7,1030,6,3.982063749567981,0,0,0
48.94,17,968,4,4.445635185712568,0,1,0
51.68,14,2499,0,4.345288872047181,0,0,0
47.15,16,1385,2,4.530873439370614,0,0,0
65.31,20,2390,4,5.5965052039214305,0,1,0
45.22,10,2395,4,1.4398058230521897,0,0,0
38.33,14,394,2,3.245720466739611,0,0,0
93.2,16,1376,4,1.3920069900279763,0,1,0
64.7,11,570,4,4.174869811187896,0,0,0
144.19,18,2258,3,6.886414777095685,1,1,0
45.44,7,2148,3,6.7899215019883155,0,1,0
211.71,15,1355,5,31.97179515510284,0,1,0
93.25,15,2417,3,6.633121856589399,1,1,0
154.95,13,1597,5,2.417008166364906,0,0,0
116.29,17,1922,2,3.056564863396453,0,1,0
32.07,14,738,3,10.318633472388974,1,1,0
158.7,12,2810,1,2.3125049720897097,0,0,0
91.8,8,2688,1,20.267500547492332,0,0,0
143.27,11,1471,2,1.6757043828501095,0,0,0
227.87,11,730,2,14.868585878374,0,0,0
139.22,15,307,1,3.9054088402422815,0,0,0
76.77,17,464,3,12.506662695585852,0,0,0
14.76,8,788,2,4.322870069895746,0,1,0
25.36,17,1610,2,7.280262728255922,0,0,0
107.77,14,2528,2,11.601907303246584,0,0,0
127.7,13,2283,1,8.570953751745066,0,0,0
50.7,10,243,3,0.8664874952511816,0,1,0
78.18,4,2756,4,2.858301799460839,0,1,0
95.48,8,252,5,8.170951625699523,0,1,0
148.93,12,2544,2,3.3770789951680236,0,0,0
326.84,7,420,6,10.762070492622506,0,1,0
18.24,11,1961,3,10.199688117528886,0,1,0
25.75,14,2700,1,4.986880841582014,0,1,0
33.93,15,1969,3,9.072555742621216,0,1,0
74.75,8,1739,1,4.3556646962937675,0,0,0
40.38,10,1263,3,2.2672438324864106,0,0,0
71.85,10,135,3,18.191284764209833,0,0,0
67.37,23,1302,3,10.90536457621012,0,0,0
39.97,15,1433,4,10.702556573514066,0,0,0
149.54,21,451,2,7.342719827557028,0,0,0
54.17,14,2498,6,0.8506518174119426,0,0,0
17.16,5,361,2,1.6006127125406269,0,1,0
161.73,11,2216,1,17.282973492444,0,1,0
160.39,10,2305,5,1.398851483719267,0,0,0
62.49,9,2190,5,1.9325848871884963,1,1,0
133.64,22,426,1,8.877311565597841,0,1,0
61.53,17,643,5,9.435788251678197,0,1,0
64.06,18,2246,4,18.80804666749178,0,1,0
54.59,11,2685,0,2.599083820977099,0,0,0
21.64,9,2428,4,2.7041059774339247,0,0,0
58.96,19,469,5,10.420499595646225,0,0,0
113.95,12,2477,2,7.4103939689899985,0,1,0
79.28,8,1487,1,6.7571042589424755,0,0,0
66.26,15,245,4,10.654112342606613,0,0,0
127.37,15,1300,4,3.791919828103625,0,0,0
107.51,14,336,2,7.427049305591503,0,0,0
82.43,16,589,4,27.335720642807992,0,0,0
90.65,12,1521,3,10.213001225268387,0,1,0
86.13,22,1273,1,0.6995317543717814,0,0,0
23.04,17,2292,3,5.096111341751648,0,1,0
92.57,9,1620,4,8.371816543199913,0,1,0
82.27,15,829,5,0.2515109930078703,0,1,0
185.75,18,506,3,11.328833335147468,0,1,0
116.15,17,2949,2,5.049318050310195,0,1,0
25.08,12,1923,2,3.543732062290097,0,0,0
49.92,13,810,5,7.339981393306358,0,1,0
115.6,4,230,1,1.0312110960760958,0,0,0
135.95,14,2434,4,2.4262988276995108,0,1,0
88.46,16,2834,5,6.1604186665287655,0,1,0
36.44,13,2544,2,9.439334059353145,0,0,0
208.91,18,1457,1,2.86949089520723,0,0,0
282.17,10,291,3,4.373836061718079,0,1,0
109.13,7,635,2,13.447351307520124,0,1,0
47.62,7,2389,2,9.342215080303918,0,0,0
43.41,13,2093,3,7.908276696924838,0,1,0
47.62,13,1624,4,11.529203323212954,0,0,0
11.3,12,2174,3,2.4537132389086684,0,0,0
147.41,13,335,4,0.7708888856626279,0,0,0
132.06,14,2936,2,8.393714794773993,0,1,0
128.36,12,2208,4,0.04591920213684997,0,0,0
344.73,11,619,1,7.441629441935202,0,0,0
160.04,21,2378,4,9.432435743613958,0,0,0
101.61,5,1134,2,12.873578997398957,0,1,0
101.13,13,697,1,0.6669797313291186,0,0,0
108.16,19,2800,4,5.982358935321565,0,0,0
167.36,15,2033,1,3.8505390744647077,0,1,0
193.16,7,1170,4,5.553066298622143,0,0,0
55.07,5,490,5,6.283651674495395,0,0,0
64.67,10,2458,2,16.807579503948126,0,1,0
19.89,11,1496,3,8.440937948046104,0,1,0
106.92,10,2851,5,10.084488139593287,0,1,0
83.75,10,962,1,4.965039555062568,0,1,0
117.58,4,30,7,368.3836569766609,1,1,1
52.83,13,870,3,9.461018336276304,0,0,0
68.08,13,1193,1,6.360211967088272,0,0,0
141.93,13,2264,6,0.5064099065651009,0,0,0
88.11,10,143,5,7.075521839587287,1,0,0
11.55,10,175,1,5.085098243021346,0,0,0
5.59,13,1451,3,19.44211088572417,0,1,0
40.33,15,1433,5,8.750799802413422,0,1,0
54.11,9,2370,1,9.960285330740012,0,0,0
52.83,22,1865,3,3.1798937581542583,0,0,0
207.37,10,669,5,6.798169049092671,0,1,0
14.35,11,1250,3,8.900670274945599,0,1,0
210.1,9,2861,5,10.684879239531115,0,0,0
144.13,23,1841,1,1.5500807202255835,0,0,0
186.47,10,115,2,1.6292280780335053,1,0,0
3.42,10,99,2,2.6644885559868214,0,1,0
55.89,16,2231,4,0.12265347017453454,0,1,0
52.08,19,1392,5,2.0086789743032574,0,0,0
60.24,14,1809,2,9.99017775383414,0,0,0
14.84,10,1651,1,18.450207192769447,0,1,0
29.18,17,1810,5,9.283880300554006,0,1,0
95.41,11,1906,5,9.055423866115085,0,1,0
261.5,4,324,11,213.26308357732597,1,1,1
43.14,13,1514,4,3.849404777296259,0,0,0
54.83,18,2501,2,6.397975189426056,0,1,0
92.38,10,2377,8,7.862348933265125,0,1,0
126.63,5,1051,1,8.364264003346516,0,1,0
54.54,10,1059,3,15.541240936169137,0,0,0
54.67,11,2954,3,1.7182920240240578,0,1,0
42.25,10,2778,3,7.63009744966846,0,1,0
63.44,7,1593,2,4.50611704564386,0,1,0
129.07,13,1777,7,3.463694539723634,0,0,0
37.48,13,774,0,7.976874197764135,0,1,0
163.83,14,984,3,7.2766723182830315,0,1,0
92.01,12,2571,1,1.8500084464102047,0,1,0
135.45,11,391,2,4.931325353900215,0,0,0
102.56,6,2670,1,10.480486796284895,0,1,0
110.21,12,1956,6,9.137557254246513,0,1,0
85.58,13,449,3,0.2970347914272926,1,0,0
188.57,22,2860,4,6.399664895663894,0,0,0
61.37,12,1528,5,3.891051847906583,0,1,0
144.82,16,204,3,8.206708719966612,0,0,0
28.91,15,2203,4,14.365934988045357,0,0,0
79.87,10,2729,2,7.743390788427857,0,0,0
73.32,15,2699,4,3.8152572303160426,0,1,0
77.27,15,1152,0,1.6954709387235818,1,1,0
104.84,19,378,5,16.189509151077665,0,0,0
109.42,16,1218,1,3.2470903283307977,0,0,0
52.27,17,1535,5,18.10904870436959,0,0,0
110.75,13,2215,4,9.520647500756425,0,1,0
67.04,14,1999,2,2.646795953169396,0,1,0
84.74,7,1998,1,8.634721606581431,0,1,0
109.82,14,781,1,5.343854382717309,0,0,0
149.89,20,925,4,0.8421715389191915,0,0,0
128.65,14,440,7,10.913246576896206,0,1,0
40.35,13,2732,3,1.5870322966853458,0,0,0
76.64,11,2318,3,20.986145734208513,0,1,0
32.27,9,2080,1,8.555890210477743,0,1,0
61.7,13,795,6,16.281160803989152,0,0,0
85.73,17,1072,0,5.245441347210555,0,0,0
55.53,15,1737,2,10.5542009819595,0,0,0
52.17,13,548,3,15.378380636808068,1,1,0
73.18,13,1569,1,2.7025176677861986,0,1,0
12.44,17,1161,6,9.582430358764052,0,0,0
126.73,9,1213,4,5.371921748951262,0,0,0
45.28,16,127,2,16.636021363630462,0,1,0
84.32,16,557,4,2.2031384096196387,0,0,0
74.15,11,630,5,10.385973257872292,0,1,0
72.57,8,648,1,9.70422740084226,0,0,0
44.52,8,994,1,2.682661111699688,0,0,0
43.99,11,40,6,23.081851549121303,0,1,0
241.86,11,262,6,4.573950809053662,0,1,0
42.77,6,180,2,1.0387726683939542,0,0,0
9.08,3,91,5,2.53472635844509,0,1,0
40.55,18,1238,5,10.120732708696467,0,0,0
17.35,12,1333,5,15.69578342171915,0,1,0
29.57,10,371,5,10.127996912304965,0,1,0
63.45,13,2981,0,11.24847482737983,0,1,0
92.38,16,1743,1,7.20139257284173,0,0,0
128.49,15,2255,2,0.2988851113764026,0,1,0
42.57,14,1885,2,9.830444294086405,0,1,0
156.26,17,1287,4,16.18234579405508,0,0,0
47.85,19,2726,1,7.936003173255541,0,0,0
166.48,17,1544,3,12.200593601962613,0,0,0
172.25,10,1860,1,1.2448652632848365,0,1,0
230.09,12,855,5,16.43526926035749,1,0,0
33.89,10,234,3,6.123639065752764,0,1,0
133.56,11,733,1,16.568616862829806,0,1,0
3.49,15,1235,1,5.549099287491794,0,0,0
15.01,9,2156,3,8.998373887981096,0,0,0
53.8,13,680,4,8.474082005573726,1,1,0
87.51,11,1611,3,1.649785430636971,0,0,0
12.74,18,1730,3,18.2277588994546,0,1,0
155.5,17,1141,4,2.7979621745498813,0,0,0
18.47,11,894,4,9.719445248302149,0,0,0
66.96,11,349,5,4.022873730159278,0,1,0
18.08,9,2163,5,13.041722570507332,0,0,0
16.39,13,1431,6,8.976761160728456,0,1,0
258.39,15,1176,2,8.487489590116311,0,1,0
7.2,12,2287,1,2.3199392576711677,0,1,0
101.26,17,443,3,16.63914919249461,0,0,0
234.26,11,458,5,9.973369064115364,0,1,0
21.83,12,1477,2,7.27286141972869,0,0,0
14.71,9,2440,2,2.188253951246665,0,1,0
11.97,17,1875,2,3.387168573319906,0,1,0
14.53,17,2401,2,4.965341711339834,0,1,0
26.56,12,291,7,11.675758161400617,0,0,0
106.53,18,362,1,9.518743647945264,0,1,0
92.15,8,2914,2,8.487662860778933,0,0,0
69.36,11,2583,4,3.7630326439473594,0,0,0
100.19,11,784,2,6.557938279078183,0,0,0
79.09,15,1245,2,14.917369152150846,0,1,0
89.39,15,820,1,12.719157345733493,0,0,0
114.99,18,195,3,12.724919039884707,0,0,0
32.56,21,1666,3,2.622765476115007,0,1,0
30.67,18,996,2,2.982323420133465,0,0,0
32.54,15,1334,1,9.290053167678087,0,0,0
25.26,6,2825,2,5.631717621121124,0,1,0
122.45,7,1903,1,6.492198690505262,1,0,0
102.5,21,1304,4,9.313135153976361,0,1,0
40.35,16,1969,2,4.941631814408163,0,0,0
32.74,16,512,3,1.5680045521930293,1,1,0
65.64,9,1231,3,7.794042980030417,0,1,0
13.53,12,1715,1,6.471740208771617,0,0,0
122.99,16,115,5,10.846372604089002,1,1,0
32.38,13,2912,4,2.862291308516334,0,1,0
184.5,7,2925,3,8.428012693212754,0,0,0
30.68,15,2074,1,14.3125027431063,0,1,0
199.76,13,507,2,8.549879214827401,0,0,0
83.35,13,1358,0,19.261502023929708,0,0,0
228.71,10,1798,3,4.190957085438839,0,0,0
42.12,16,2213,2,23.69846089597169,0,0,0
30.0,16,387,4,14.844680610695853,0,1,0
42.78,21,2349,1,1.3140019290274418,0,0,0
124.99,12,2131,5,0.4931049069138327,0,0,0
147.07,16,2053,4,0.18111758617766416,0,0,0
143.81,17,67,3,3.5829154767670595,0,1,0
72.38,11,819,2,1.1180162109623462,0,1,0
16.9,14,1378,3,6.762149836343668,0,1,0
42.19,16,836,4,5.456909115396808,0,1,0
159.96,15,2882,2,16.95899450077077,0,1,0
36.31,11,61,6,0.4373259984896034,0,1,0
18.45,11,805,4,5.003027695613373,0,0,0
135.35,19,794,2,16.83408906862438,0,0,0
145.53,19,946,4,7.181736703952522,0,0,0
106.12,3,30,15,336.3458654179615,1,0,1
51.13,17,489,4,5.310536192349706,0,1,0
42.92,17,2540,2,11.08240232724959,0,1,0
38.14,16,1210,6,11.223504267956883,0,0,0
102.21,14,43,1,4.99711860769067,0,0,0
32.85,18,611,2,7.820362148151888,0,0,0
76.86,16,2493,3,0.4086973272785839,0,1,0
25.01,19,67,3,1.1767338190576018,0,0,0
10.95,19,570,4,8.247346940860384,0,1,0
73.8,14,455,3,0.13596276909716742,0,1,0
109.39,17,1527,1,2.102218580307785,1,0,0
95.52,19,1831,3,9.613659328989703,0,0,0
19.03,12,1713,1,15.933967444220729,0,1,0
111.08,12,283,3,2.2532345289983913,0,1,0
66.65,10,2079,4,0.9821893687693795,0,1,0
37.73,15,564,1,2.871078359577619,0,0,0
33.27,7,2181,2,4.692547251976004,0,0,0
51.94,18,996,0,2.6925616783003967,0,0,0
85.99,5,1357,5,14.147212325394596,0,1,0
50.08,16,1717,4,4.936649743570143,0,0,0
56.98,11,2363,3,7.910446777169259,0,1,0
80.14,12,2850,2,10.170749829051207,0,1,0
42.59,16,1749,6,12.779551144301994,0,1,0
75.8,10,1738,4,7.989767357564858,0,1,0
116.04,16,1405,0,16.453078324900922,0,0,0
82.35,14,796,3,2.0725542322108845,0,0,0
49.05,23,2002,2,20.580817447152235,0,0,0
147.92,14,1879,3,5.725044765154992,0,1,0
78.69,13,1520,1,0.8143199319452448,0,1,0
24.97,13,2567,2,9.86013594716875,0,1,0
21.37,16,2668,0,5.830689802905565,0,0,0
28.87,9,2803,3,6.227689648375736,0,1,0
7.3,23,2420,4,0.3955974982192405,0,0,0
123.16,16,1410,1,18.19087725139842,0,1,0
44.19,11,809,3,7.435927212054311,0,0,0
37.53,11,938,4,23.390320132417656,1,1,0
68.43,17,1207,4,19.441273965658795,0,0,0
189.78,16,310,1,15.87334054393591,0,0,0
107.1,14,1536,2,20.490589400716132,0,0,0
69.33,12,204,3,10.703029390836985,0,0,0
73.83,20,1410,1,15.67010395978989,0,1,0
14.41,9,2286,3,5.302413319728085,0,1,0
177.36,13,1351,1,4.247749538867593,0,1,0
22.71,9,114,6,14.769707944931177,0,1,0
5.01,11,1537,1,1.4503187398134538,0,0,0
29.2,18,2254,5,4.248275487028245,1,1,0
65.37,9,2127,0,4.7849668489536485,0,1,0
46.55,10,2569,0,3.1759580590986216,0,0,0
103.7,17,746,4,12.901848336152192,0,0,0
64.8,10,617,9,10.09886584540702,0,0,0
68.9,13,2948,6,16.46044211655817,0,0,0
28.93,16,2600,3,0.07554638919752588,0,0,0
72.93,16,2729,4,4.670604128683828,0,0,0
50.38,15,1379,2,1.593959815710659,0,0,0
114.11,9,2057,5,2.0822919580385175,0,1,0
38.13,16,1476,5,11.62284938254085,0,1,0
71.31,13,1006,6,0.30486464228799726,0,1,0
64.76,17,1224,6,3.703508453631499,0,0,0
36.53,11,488,1,0.7835075299648517,0,0,0
77.52,10,2014,4,1.5120090454279143,0,0,0
36.24,8,2062,2,10.847134527904519,0,0,0
81.78,11,1433,5,2.585086765891668,0,1,0
94.51,9,599,4,6.835360088577267,0,0,0
33.37,9,1426,1,7.210897596562889,0,0,0
40.63,11,2459,3,15.721527938546066,0,0,0
288.5,8,1029,2,18.226143962646084,0,0,0
44.31,10,1645,4,8.91700267760087,0,0,0
23.33,15,2992,4,4.5952981992149216,0,0,0
111.92,17,790,2,5.9947998995364316,0,0,0
45.16,10,1807,3,1.2198630083181863,0,0,0
34.09,8,2202,3,1.404744341416889,0,0,0
30.94,13,2357,3,5.489700535169259,0,1,0
61.13,14,467,2,15.8892189502365,0,0,0
104.15,13,953,4,20.47722782208253,0,1,0
52.1,19,44,1,2.0951471545634557,0,0,0
79.31,9,1525,2,1.290704350503285,0,0,0
48.52,9,875,2,14.537925523584663,0,0,0
325.34,16,447,1,11.573977892386306,0,0,0
52.7,23,2222,2,8.210562175835136,0,1,0
236.61,15,50,6,13.410337606329106,0,0,0
70.1,15,487,4,9.245101363732939,0,0,0
55.72,10,2362,4,4.625730430274567,1,0,0
50.62,21,2265,5,13.436888226664207,0,0,0
108.16,11,2729,5,19.81180565220606,0,1,0
77.96,15,1574,6,20.79051872805943,0,1,0
116.46,18,2050,2,1.9511162604501333,0,0,0
129.03,14,1782,3,0.5342474572069591,0,1,0
66.97,20,627,2,3.44493220013193,1,0,0
99.91,18,1854,4,0.4893982740683329,0,0,0
49.39,15,915,5,4.927182091623147,0,0,0
44.54,16,103,4,6.586901384551087,0,0,0
43.81,17,1734,1,7.427568697878062,0,0,0
154.26,11,2462,3,1.8088980337258036,0,1,0
244.46,10,1551,3,17.02908830314675,0,0,0
141.11,15,1849,7,12.190006219542298,0,1,0
90.81,18,2839,1,15.763457476346058,0,0,0
57.35,23,2108,5,4.486453194791922,0,1,0
132.01,12,85,2,10.372998741260094,0,0,0
112.87,14,2983,3,1.9616894378541199,0,0,0
33.51,10,2582,2,6.139529444257093,1,0,0
21.96,14,2978,1,17.559782737049357,0,0,0
193.46,12,124,0,1.0230140478000154,0,0,0
55.4,14,2836,1,7.124184476418963,0,0,0
91.21,13,1922,2,9.465368559825496,0,0,0
31.39,14,1183,0,2.8943688766575626,0,1,0
97.11,11,683,0,17.292819032054513,0,0,0
114.3,11,2010,5,8.20777719199688,0,0,0
90.94,21,193,3,20.426856395682876,0,0,0
76.55,12,2760,3,13.81705809380453,0,0,0
41.59,13,2107,5,6.458253709562195,0,0,0
44.71,12,1499,6,13.096296923638153,0,0,0
10.66,7,2269,3,6.002479570453852,0,0,0
45.1,17,1694,3,3.8314408681387535,0,1,0
147.02,11,625,2,6.811130780095578,0,0,0
61.18,7,1068,5,12.73702745524465,0,0,0
73.7,17,749,3,1.9363219419315016,0,1,0
95.06,20,1443,5,24.129463733214585,0,0,0
33.43,9,1125,1,8.849607147728932,0,0,0
136.66,12,2656,3,16.650788485530278,0,1,0
17.57,5,408,3,2.6541421716208102,0,1,0
121.42,15,2847,4,2.79695589146749,0,0,0
26.03,13,2337,6,0.45631274524395327,0,1,0
205.45,22,2767,4,2.751926409814034,0,0,0
39.14,7,172,7,13.132666201138518,0,1,0
74.52,19,1713,1,12.364839091633488,0,1,0
20.27,11,2816,0,7.148534367642247,0,0,0
43.64,19,2979,0,0.8106327836919496,0,1,0
43.79,8,1781,2,0.741350828411214,0,0,0
20.64,15,950,5,2.6901213768180696,0,0,0
56.16,16,2295,3,10.47141697550598,0,0,0
14.13,15,1683,2,6.002561980310265,0,1,0
52.55,12,1826,2,13.205704932895477,0,0,0
5.64,13,372,2,10.947768765896367,1,0,0
490.94,2,315,15,441.97952291929795,0,1,1
35.43,15,1866,2,15.176046598709531,0,0,0
69.18,12,1781,5,15.136849324137271,0,1,0
36.67,14,933,5,5.967291005132785,0,0,0
179.9,10,2221,2,2.4396886515506675,0,0,0
53.72,21,1406,3,5.699873185799465,0,0,0
57.23,7,1639,2,6.6902262060175595,0,0,0
125.98,12,386,5,10.25057717233929,0,0,0
42.06,11,2226,4,6.808006735799895,1,1,0
30.4,17,1093,2,0.16661616845641358,0,1,0
86.94,13,267,3,17.090506805743246,1,0,0
85.37,13,557,3,11.735817207645177,0,1,0
709.5,0,291,11,805.1361866174847,0,1,1
21.46,5,856,5,8.191340116375569,0,0,0
37.19,14,198,2,21.800006427757317,0,0,0
57.68,10,1035,0,4.831365345453708,0,1,0
181.6,3,2225,3,5.704426869154416,0,1,0
44.89,5,2729,4,6.7221910980824,0,0,0
192.62,13,668,3,1.4520899026881082,0,1,0
95.57,11,2549,1,1.238035143270399,0,0,0
176.48,16,1462,5,5.758213018322966,0,0,0
41.2,19,283,1,4.712856871207361,0,1,0
113.57,9,819,2,4.467406297314501,0,0,0
84.15,8,2666,3,3.702790666814556,0,1,0
183.13,19,1148,2,2.7339582961302247,0,1,0
162.13,10,262,5,11.81717563590924,0,1,0
69.97,13,1220,6,10.669873422950044,0,1,0
178.77,9,832,1,10.949062095445335,0,1,0
3.98,8,2661,1,4.135337681893462,0,1,0
136.28,11,476,3,4.344074244526309,0,0,0
62.3,10,1550,4,11.815945835478923,0,0,0
137.01,13,2107,0,2.6208378050420316,0,1,0
69.41,12,2477,0,3.2384532123809766,0,1,0
70.66,5,2439,3,4.407801285632619,0,0,0
132.19,11,295,2,4.700146820042062,0,0,0
61.44,9,1100,4,16.233049639587314,0,0,0
430.17,12,1234,3,3.7992194297686597,0,0,0
142.84,19,639,2,0.633257361706816,0,0,0
11.2,19,2841,4,2.8265165502868914,0,0,0
179.35,11,1219,2,6.493243751531853,0,0,0
30.61,11,2978,3,10.299112672171606,0,0,0
102.95,21,423,2,14.595786051159937,0,0,0
82.87,17,487,5,7.593619446720805,0,0,0
72.91,14,649,1,1.825137517805281,0,0,0
130.49,22,2739,3,7.327640799845846,1,0,0
105.35,13,711,2,6.94345093674554,0,0,0
102.67,15,801,3,10.940594456379573,1,0,0
102.55,5,2595,1,7.391478838845284,0,0,0
49.84,10,2126,2,18.00356687784556,0,0,0
87.51,16,449,2,2.7540226272713113,0,1,0
125.08,7,2789,6,3.1830073530454737,0,0,0
56.75,20,2767,3,6.078716887234153,0,0,0
85.33,18,547,1,1.0289430872731709,0,0,0
76.55,12,2473,4,3.6584944509988753,0,0,0
35.2,14,271,1,12.37005328662304,0,1,0
183.52,16,1027,5,3.7498102227105816,0,0,0
90.75,19,2706,1,1.9794218081865842,0,0,0
22.44,13,1504,2,8.802738275666943,0,1,0
9.72,14,1902,1,10.681681952504434,0,0,0
88.77,11,2832,4,3.72621475184775,0,0,0
15.41,15,1262,2,2.7052903324867446,0,1,0
89.78,14,1780,4,17.51548168066843,0,1,0
82.63,15,269,3,5.289796767436236,0,1,0
36.91,17,302,7,5.2364479304140445,0,0,0
176.15,15,174,4,1.0404071583270191,0,1,0
67.41,18,2534,2,1.9880652291765433,0,0,0
53.42,16,2169,6,18.25937746812814,0,0,0
125.89,20,2985,6,4.089057126929841,0,1,0
30.14,5,2473,4,0.6663463508795102,0,0,0
128.5,9,2921,4,19.57531863792655,1,0,0
41.48,18,2782,5,11.314399059968574,0,0,0
104.48,11,1389,5,0.8123905659316071,0,1,0
204.46,13,1151,2,16.949257538715663,0,1,0
127.72,11,2962,3,3.412151379150761,0,0,0
130.19,17,538,5,14.709817415785974,1,0,0
29.72,12,1579,4,8.073052018268426,0,0,0
155.03,13,1277,5,0.56580070198169,0,0,0
6.9,14,489,6,2.8904270280847246,1,0,0
52.03,14,576,1,2.299200710934601,0,0,0
111.41,13,436,2,6.591227617360152,0,0,0
52.32,9,2922,4,14.573596828975125,0,0,0
10.02,12,1022,2,1.5255975056685527,0,1,0
75.5,16,2452,1,15.434132615610746,0,0,0
48.4,6,128,2,5.354694853309856,0,1,0
135.18,10,2857,2,4.9942305867601275,0,1,0
44.6,12,2447,1,7.732257988727997,0,0,0
29.63,17,68,2,0.19959309705824602,0,0,0
136.74,17,1956,5,1.8265783141983452,0,1,0
70.92,12,1258,2,6.4558767047195635,0,0,0
82.52,10,1346,2,5.485189048274382,0,1,0
53.18,10,2108,3,25.281963419591015,0,0,0
41.3,17,31,3,2.1413127308934565,0,1,0
27.01,18,1807,2,6.761957225220555,0,0,0
12.52,13,2982,0,2.0749375487297477,0,0,0
21.99,15,1980,1,9.390034445216823,0,0,0
194.98,18,2439,3,5.607332190871638,0,1,0
51.61,6,1965,1,8.122043705136866,0,0,0
81.56,11,1646,2,15.736074837264487,0,0,0
25.72,15,1116,4,8.539894391993002,0,0,0
72.64,10,2387,5,3.557376564074806,0,1,0
201.1,19,2280,2,9.115964453075005,0,1,0
108.43,11,2509,2,11.094749443229102,0,0,0
18.03,11,2289,2,5.399338247086169,0,0,0
21.82,10,724,4,2.228846774736121,0,1,0
31.51,13,526,2,1.4227433656483246,0,1,0
74.78,19,196,1,3.841367942467741,0,1,0
91.32,13,402,4,1.6742584792530826,0,0,0
59.19,20,2140,2,5.702373277806072,0,0,0
146.96,9,1798,1,2.1487758566213593,0,1,0
183.51,17,1605,3,12.940800510151071,0,0,0
39.86,16,2327,2,10.684567651253118,0,1,0
43.28,8,963,2,13.503030806460536,0,1,0
30.9,15,244,3,0.37039240030083587,0,0,0
21.37,10,2684,1,4.539017939945479,0,0,0
70.94,19,2790,6,8.148391501560209,0,0,0
18.01,14,2438,4,1.517275812322457,0,0,0
32.8,12,941,2,7.305433168163789,0,1,0
26.85,9,1055,4,4.2896795454802445,0,1,0
10.9,14,2032,4,0.9868845208470711,0,1,0
63.09,13,616,2,7.695689285487992,0,0,0
47.74,13,2590,4,7.360534659867567,0,0,0
47.53,19,1945,3,9.858112662256932,0,1,0
158.79,13,790,4,11.664342160545324,0,0,0
50.26,12,1804,5,3.242170738845134,1,0,0
175.83,12,1136,4,5.668088475792243,0,0,0
114.61,16,1198,5,7.950660036399388,0,1,0
161.32,18,1591,2,16.8200422680668,0,1,0
44.79,16,2718,5,13.921802561023018,0,1,0
37.12,14,322,2,12.666223895148033,0,0,0
60.39,19,2109,3,8.728064956194325,0,0,0
156.11,14,393,3,6.104560013878693,0,0,0
60.0,18,1260,2,2.5717222671338558,0,0,0
23.88,14,2211,4,0.7095774449922922,0,0,0
38.12,15,2486,4,9.542079597523454,0,0,0
63.9,7,2591,2,1.7906044455416188,0,0,0
62.73,7,1724,3,10.57181785751782,0,1,0
92.61,5,2661,1,15.072019178781934,0,1,0
85.47,16,214,2,0.5383101195455033,0,0,0
77.2,18,933,4,2.984115819541733,0,0,0
28.23,10,395,3,7.077910442016789,0,0,0
124.14,11,722,3,13.58313246130309,0,0,0
108.53,13,2762,3,4.579591739288322,1,0,0
124.2,17,1670,3,3.419384706518894,0,0,0
29.97,20,1220,2,3.3337667453123645,0,1,0
40.75,16,2723,2,2.2815705427495097,0,1,0
12.72,18,2171,4,8.545772264748054,0,0,0
71.48,9,2242,5,3.0746549419207208,0,0,0
72.05,9,2889,2,2.7561544018270174,0,0,0
26.82,15,313,4,8.536750398371503,0,0,0
59.59,16,1704,2,3.4666518939843463,0,0,0
63.84,12,1570,2,20.291887296870645,0,0,0
135.78,16,305,4,6.860424186096665,0,0,0
49.21,6,213,5,2.6395318636203906,0,1,0
51.55,11,868,3,1.5501461621113064,0,1,0
63.22,21,45,3,2.244449980208182,0,0,0
71.78,14,1196,2,0.012900383344680577,0,0,0
181.67,11,1904,5,4.412171037251198,0,0,0
197.85,14,128,6,1.1970525052644927,0,0,0
46.66,21,689,4,6.370832987361405,0,1,0
474.46,4,71,6,196.65566981716552,1,0,1
89.34,11,312,4,1.587305658688356,0,0,0
34.49,14,1458,4,6.1454721858056836,0,1,0
103.01,20,1976,4,5.245036671456274,0,0,0
47.84,11,1194,1,6.109864518626667,0,1,0
133.16,12,274,5,12.9916107896012,0,1,0
51.42,15,879,2,18.644161406516965,0,1,0
119.57,8,336,2,0.19277989279640906,1,0,0
67.7,11,35,2,5.118465746602101,0,0,0
161.37,12,250,3,0.22239360260755614,0,1,0
173.21,11,366,5,5.684077339787004,0,0,0
31.17,12,1212,2,1.7140849827561264,0,0,0
139.28,14,547,5,9.44678679278892,0,0,0
154.72,17,2061,1,1.0350181397329772,0,0,0
181.94,11,1674,10,8.61027504947489,0,1,0
52.44,13,50,8,8.947448408706258,0,1,0
122.02,6,1228,2,1.6045130251303208,0,1,0
108.09,15,2004,2,7.712771978603911,0,1,0
83.07,16,1239,1,3.925023843030694,1,1,0
67.89,13,2000,5,2.735522325043429,0,0,0
88.25,20,2081,3,9.859139231291756,0,0,0
34.5,13,1495,2,13.961466890143464,0,1,0
137.44,11,762,1,10.749965411160481,0,1,0
223.32,17,2140,3,3.84127748480478,0,1,0
14.03,12,628,1,7.646495549935588,0,1,0
109.23,14,2414,5,7.399693660034348,0,1,0
96.09,8,267,4,1.1362449279051168,0,0,0
29.43,19,1115,6,0.3222356600736793,0,1,0
62.62,17,2281,3,12.801251435184442,0,1,0
189.89,11,950,2,5.893543195497587,0,1,0
80.85,15,707,3,18.490664972676225,0,0,0
133.76,10,2996,3,12.184476741401145,0,0,0
39.57,18,70,2,5.695747748572421,0,1,0
11.78,18,2082,2,0.07566960121142685,0,1,0
26.21,14,2877,4,5.464785365315015,0,1,0
58.12,14,2451,3,8.21736717883964,0,1,0
103.48,1,666,4,0.9017571429660576,0,0,0
173.11,21,1123,7,12.260095817174442,0,0,0
54.0,17,1614,5,13.862738919945652,0,1,0
49.59,17,1975,4,17.826596831667857,0,0,0
104.47,16,928,3,9.825042357561918,0,0,0
40.84,14,219,1,6.445687093463567,0,1,0
38.58,18,633,3,2.8028861651655346,0,1,0
57.96,16,1756,2,0.7030153053957884,0,1,0
219.36,15,536,1,4.007044851868679,0,1,0
89.68,7,2111,2,6.578569261498865,0,0,0
215.6,10,2015,0,0.5412836277696984,0,0,0
120.1,8,1994,0,3.6294242621361246,0,0,0
26.66,9,552,1,9.925258178828857,0,0,0
133.72,18,424,3,5.167264905664149,0,1,0
74.35,10,1941,2,10.642394239270716,1,1,0
44.82,17,1837,2,6.705929691823547,1,0,0
64.75,19,2344,5,9.078892596758568,0,0,0
38.74,6,1065,3,1.682961356055925,0,1,0
42.74,17,2237,2,13.599201042827978,0,0,0
184.38,17,1246,0,7.486789442216869,0,1,0
107.91,13,1144,3,8.726172718022086,0,0,0
158.49,16,2949,4,6.085309747667884,0,0,0
19.69,19,2150,2,10.49649376008038,0,0,0
63.18,23,918,4,1.1613392877876132,0,1,0
49.27,9,410,3,10.699659928944886,0,0,0
70.98,8,177,4,6.310330314400574,0,1,0
35.78,18,554,6,1.560717541576821,0,1,0
69.19,17,604,5,3.271256355626452,0,0,0
41.05,17,1053,3,6.22737360770901,0,1,0
51.51,17,2244,4,6.31364984013481,1,0,0
26.45,16,357,1,8.167177868459046,0,1,0
103.54,12,2147,1,18.91495734547427,0,1,0
56.66,16,2866,0,6.039596219268132,0,0,0
43.74,9,1224,6,16.633535195142983,0,1,0
79.64,14,2842,1,4.17863797222785,0,0,0
26.44,17,48,6,6.298063095543502,0,1,0
26.5,15,2982,5,11.61620834509027,0,1,0
87.61,15,84,7,7.769835246959566,0,0,0
8.85,15,956,1,0.8904905962121044,0,1,0
97.45,11,1757,5,4.301457307767514,0,0,0
14.41,10,914,4,4.565885190437951,0,0,0
61.89,14,664,3,1.73762241506035,0,0,0
60.13,21,2161,2,4.433671839297133,1,0,0
103.79,16,2850,6,11.066808378324746,0,0,0
91.16,13,612,1,8.250761127729733,0,0,0
75.66,14,1359,1,2.215637716722677,0,1,0
37.46,11,614,8,1.6962492267793539,0,1,0
156.99,19,1460,3,3.852549036937618,0,0,0
5.57,13,1787,4,9.413674186375115,0,1,0
47.87,2,1776,2,11.390831919129596,0,0,0
26.72,16,2894,3,5.64367492578367,0,0,0
18.41,19,1421,4,13.195653912131935,0,0,0
50.85,18,2843,7,15.72105693469531,0,0,0
64.02,10,2006,3,3.893166020996479,0,1,0
47.4,15,319,3,5.824462857655635,0,1,0
48.41,16,2143,2,17.18944975726316,0,0,0
82.48,9,2277,2,7.728090094774442,0,0,0
38.72,10,30,4,17.151217928969338,1,0,0
57.88,15,1664,2,6.568662653527625,0,0,0
43.48,12,948,3,10.473610944616151,0,0,0
97.93,12,1820,2,0.0549005857207332,0,1,0
49.1,20,2164,4,2.9359275087166306,0,1,0
10.1,21,2104,4,5.2224180105320634,0,0,0
22.82,13,1098,3,15.220284073311165,0,1,0
146.29,12,801,4,4.01775131437129,0,1,0
105.38,18,1107,3,8.94488645092784,0,0,0
116.94,13,57,4,10.869157336682113,0,0,0
143.05,10,1684,5,19.164622236423938,0,0,0
63.75,14,1156,2,0.6680970975089622,0,0,0
136.72,12,2482,2,6.5892139291194525,0,1,0
42.71,18,2277,8,11.331166739503118,0,1,0
75.25,13,2716,0,3.7405306953677417,0,0,0
52.87,10,1140,3,4.492493146790647,0,0,0
34.43,16,2332,5,7.273969287331804,0,1,0
49.21,14,99,6,8.328348347319231,0,1,0
18.21,6,792,3,8.655575474256256,0,0,0
14.5,19,1436,1,4.986729127156603,0,1,0
234.69,15,2946,4,8.786134017303596,0,0,0
107.78,15,911,1,2.2561884431197035,0,0,0
31.5,9,228,2,7.071838872016718,0,1,0
37.08,11,2470,4,7.601528442136849,0,1,0
47.06,12,2964,4,15.314397451590768,0,0,0
74.87,8,2171,3,11.850851996401275,0,1,0
160.88,13,1670,1,5.561410948095591,0,0,0
33.84,12,526,1,3.194577179255022,0,0,0
76.3,3,2508,3,7.425372337906991,0,0,0
58.5,12,487,8,20.311069339412946,0,0,0
38.77,23,2170,5,5.562068803990622,0,0,0
67.01,10,1635,4,5.4801555019403665,0,1,0
24.18,13,2609,4,0.7361479688203509,0,0,0
11.48,15,2372,1,6.469632381756681,0,1,0
83.95,11,2254,4,3.866056359713814,0,1,0
30.37,2,1511,3,21.368850082983943,0,0,0
65.68,15,2089,3,8.959367317655555,0,1,0
75.7,9,2460,1,9.9085577817917,0,0,0
65.0,13,1023,5,7.9203220142127435,0,0,0
7.11,15,1131,3,1.4513444863068026,0,0,0
44.5,20,944,1,3.147502651842949,0,1,0
116.13,10,2961,3,4.074883658108642,0,0,0
156.31,13,431,3,2.9825173657542736,0,0,0
80.42,17,2010,1,14.437174119746512,0,0,0
27.54,10,2986,3,7.340768127031402,1,0,0
99.53,5,281,3,3.924023051015694,0,0,0
39.25,20,1579,3,11.772034548238029,0,1,0
151.55,22,606,1,5.768222563060913,0,0,0
140.61,11,1395,3,10.740262208467588,0,0,0
47.79,13,2396,2,12.269751437143295,0,1,0
47.65,17,286,2,1.6355785421642333,1,0,0
72.78,18,352,2,3.6158917898379173,0,0,0
85.3,10,866,5,1.436504240027641,0,0,0
23.81,11,446,3,10.1114276830505,0,0,0
136.54,15,731,2,1.9304574918187822,0,0,0
31.81,9,2907,1,3.6907019253288307,0,0,0
61.74,6,2866,3,9.973110161057177,0,0,0
27.78,13,1784,2,0.20365209225688652,0,0,0
139.34,15,1549,1,14.858950694449074,0,0,0
23.59,10,2385,1,1.0512792884117172,0,0,0
211.82,3,57,8,1103.7517521078757,1,1,1
27.48,13,1883,2,7.675956356431833,0,0,0
60.8,11,1069,7,1.3078431866053615,0,1,0
76.24,19,1961,5,6.85106215392897,1,0,0
46.59,19,342,0,2.386259749531259,0,1,0
156.05,10,1577,3,0.5738773627176332,0,1,0
46.34,21,2403,0,3.336579769459817,0,1,0
26.38,19,2683,2,7.304955838448693,0,0,0
195.08,18,565,0,20.739003858293273,0,0,0
80.73,15,807,0,8.483898997122896,0,1,0
38.81,11,1193,4,13.981386881625452,0,1,0
207.73,9,1826,2,20.246490033485134,0,0,0
203.51,3,314,11,739.8405155169628,0,1,1
79.39,15,2057,2,19.68849127491505,0,1,0
151.76,18,1449,3,3.8418790982047977,0,1,0
112.99,17,2755,1,1.4829888504089794,0,1,0
131.38,13,2537,0,9.954022368301805,0,1,0
18.73,14,2665,1,4.384008113298906,0,0,0
8.57,9,1031,3,4.922415697107881,0,1,0
157.64,13,1167,3,6.117531876114013,0,0,0
82.96,16,1088,4,1.9103357827796739,0,1,0
155.24,11,1380,5,1.8781157915523998,0,0,0
380.9,5,144,8,422.1152541889558,0,1,1
14.0,11,2998,3,10.72133314964534,0,0,0
47.48,20,410,6,4.9583470802666465,0,1,0
71.1,8,2929,5,0.583272751632876,0,0,0
59.29,7,2030,3,8.374944064950542,0,0,0
99.34,15,520,1,1.04035647358759,0,0,0
91.81,19,1734,1,6.381984995222266,0,1,0
73.52,14,1126,2,0.5651620274822386,0,0,0
107.01,13,1967,4,0.2632766864091538,0,0,0
98.71,15,1989,2,5.720433501348327,0,0,0
104.7,17,2594,5,5.494346754834212,0,1,0
32.05,12,2702,1,1.9419378770775335,0,0,0
59.64,17,225,2,14.224270976055337,0,0,0
91.77,14,1359,0,10.611431067610976,0,0,0
150.21,17,1556,3,3.2460469827718264,0,1,0
121.24,12,1992,5,3.145492816342821,0,0,0
60.91,9,613,7,15.47687407791993,0,0,0
90.78,9,1833,1,5.111608030460504,1,0,0
29.42,20,2696,3,3.1386651517854807,0,1,0
119.82,13,2271,2,0.8117713076923563,0,1,0
22.45,16,524,1,7.014867942954401,0,1,0
73.88,9,694,2,21.932236641072937,0,0,0
27.42,10,2593,7,4.3558763999955,0,0,0
40.22,15,2772,0,6.496828157614109,1,1,0
84.79,8,122,4,6.266788203965779,0,1,0
24.46,13,2309,2,8.697621621160248,0,1,0
58.93,21,1309,3,0.786400974087945,0,0,0
41.24,15,2028,4,2.898836460331596,0,0,0
68.12,20,2904,4,1.0882796863934443,0,1,0
47.5,13,2263,3,9.075259865481833,0,1,0
60.25,18,2171,1,0.6374660671961374,0,0,0
39.45,16,1739,1,13.912872853622254,0,0,0
58.74,11,2080,3,5.992495727224077,0,1,0
32.89,8,2863,3,4.722742955289169,0,1,0
53.21,10,639,2,7.652798240181965,0,0,0
100.73,13,814,3,0.9911732935583117,0,1,0
41.2,8,1468,4,7.070602482918652,0,0,0
39.82,17,2219,2,5.949021465909753,0,0,0
90.71,13,360,3,4.060453679389942,0,0,0
213.83,13,1566,1,1.5805852122931432,0,1,0
77.38,9,1830,3,13.11796044279059,0,0,0
156.57,15,528,0,14.128248664811466,0,0,0
26.98,10,72,4,3.984394988356949,0,0,0
31.3,12,1973,3,7.387434200495239,1,1,0
150.44,12,2068,4,11.657839049367993,0,1,0
129.04,13,2903,3,12.514578822451238,0,1,0
8.94,16,2175,4,3.2555785703717453,0,0,0
86.94,13,557,3,13.502348693305855,0,0,0
68.23,15,543,1,11.581489668745505,0,0,0
41.34,12,636,3,12.938702005612022,0,1,0
21.92,11,302,3,5.194093558492673,0,0,0
14.06,14,687,1,3.5590800565108456,0,1,0
84.65,18,1597,2,4.773170549588886,0,0,0
183.43,5,1714,2,3.2709447821261897,0,0,0
130.8,15,2260,5,0.9861328755599317,0,1,0
120.9,12,1855,1,3.1633901649761174,0,0,0
155.63,13,1572,1,0.9487816777614988,0,0,0
60.45,14,557,1,16.40885959603716,0,1,0
34.97,8,2684,6,4.108941134096927,0,0,0
76.14,7,1318,4,4.584215322141491,0,1,0
59.28,13,1274,6,1.6998534591797778,0,0,0
188.24,5,1864,6,12.555021356028075,0,0,0
56.35,18,2592,3,18.113729649240852,0,0,0
87.23,14,1124,2,3.086228301009932,0,0,0
73.93,16,60,4,0.7859841383255608,0,0,0
8.34,10,1757,1,9.639785104590509,0,1,0
47.44,13,475,3,16.29398615419565,0,0,0
5.6,5,1277,4,12.382221618005445,0,0,0
157.97,10,1655,4,0.39878428028270907,0,1,0
189.46,13,323,4,1.2263364662058,0,1,0
56.62,14,1257,7,20.710499837427157,0,1,0
81.11,17,1019,2,6.632528127145069,0,0,0
13.25,11,2307,4,10.616385591302688,0,0,0
118.35,18,2879,3,7.072679399103449,0,1,0
89.19,13,916,4,4.838950302294509,0,1,0
518.24,2,309,6,547.3808749447214,1,0,1
69.89,22,245,1,18.848202926216437,0,0,0
39.69,16,763,0,14.133563237436007,0,0,0
32.71,19,1365,2,8.050740731600548,0,1,0
19.13,16,2930,6,16.0351201132903,0,1,0
64.8,12,852,2,12.453934235824558,1,1,0
120.75,11,1326,4,11.771157360265207,0,1,0
5.21,13,1700,2,12.289612166165242,0,0,0
67.34,14,340,3,3.7458687445298793,0,0,0
22.62,18,1455,4,4.653444693544404,0,0,0
95.57,15,1376,1,9.259129099267204,0,1,0
135.39,12,1686,5,1.3312921355762009,0,0,0
50.59,20,1177,3,12.16397131085982,0,0,0
470.17,0,198,6,437.4823696918128,1,1,1
105.43,8,2667,0,7.411698749758232,0,1,0
57.89,8,1318,0,21.933739827522572,0,1,0
110.18,9,2358,2,13.015413586386757,0,1,0
37.21,19,1842,3,13.58844132478023,0,0,0
84.72,17,1820,7,16.18944064891648,0,0,0
53.77,12,1130,1,4.132644158831057,1,0,0
18.4,15,1213,2,3.0734694747641402,0,0,0
148.14,8,2815,6,18.66264576264947,0,0,0
36.44,15,2522,4,2.483828338507127,0,1,0
49.07,8,2489,1,10.690237201510664,0,0,0
54.84,11,1061,3,6.115717277951463,0,0,0
129.38,13,430,5,1.489336992188628,0,1,0
440.39,4,241,6,974.878615196264,1,1,1
28.03,17,1866,5,6.681154208384031,0,0,0
103.68,22,707,2,16.562976845693036,0,0,0
53.54,18,2447,4,3.4088734216754295,0,1,0
89.15,11,1472,2,10.289949587414837,0,1,0
102.64,18,704,2,2.437698523078852,0,1,0
166.25,15,625,1,2.6367611365253354,0,1,0
34.16,14,2697,3,2.037121486184819,0,0,0
44.24,13,830,2,16.361499505463026,0,0,0
89.21,21,2415,3,5.414862806378311,0,0,0
10.52,23,2904,3,22.680573887610844,0,0,0
51.91,9,812,1,1.5205153255390274,0,0,0
43.09,14,644,3,6.938217924040719,0,0,0
31.32,18,833,2,14.875710017821605,0,0,0
49.98,16,50,3,2.56257641479729,0,0,0
32.11,9,411,3,3.8046479052427484,0,0,0
38.37,13,2646,3,13.16471535487884,0,0,0
96.9,15,951,3,6.263434968917995,1,0,0
78.13,16,250,6,7.857673103483266,0,0,0
28.39,16,1819,5,2.5712449287127908,0,0,0
218.13,11,569,5,10.400793350587161,0,0,0
68.87,17,1672,2,2.5055236066163316,0,0,0
60.82,12,30,2,5.092587825332959,0,0,0
175.7,12,1306,2,4.107226309010071,0,0,0
44.14,14,1733,2,4.0327377933414805,0,0,0
46.92,13,2640,1,12.908553996798114,0,0,0
96.48,9,2435,5,6.07689527670185,0,0,0
66.47,14,2828,4,6.662261920333097,0,0,0
162.66,14,1822,3,5.510264170080929,0,0,0
48.5,17,1679,4,10.824090951436043,0,1,0
51.17,16,750,4,6.130149407460825,0,1,0
44.62,9,2014,2,7.778201104633116,0,0,0
60.68,10,345,5,11.016605286165877,0,0,0
106.2,11,2211,1,15.863390375561933,0,1,0
89.38,9,2625,3,8.362747804126643,0,0,0
99.32,12,1289,2,11.964328001894518,0,0,0
41.73,13,356,4,8.893882838914639,0,0,0
182.04,4,1869,2,5.295489243146685,0,0,0
135.4,15,2551,2,7.611044644814285,0,0,0
28.84,20,1636,1,1.5390660808944845,0,1,0
20.01,13,1676,2,2.110310061723968,0,0,0
191.84,14,2233,3,19.636294193514843,0,0,0
355.7,16,470,1,0.6832761547432566,0,1,0
165.89,15,810,2,7.616708475345147,0,0,0
71.86,16,2882,1,2.558070652320248,0,1,0
63.83,19,1253,3,5.328915923215277,0,0,0
51.54,12,519,2,6.7767583709774275,0,0,0
85.6,15,1400,3,1.353189346277389,0,0,0
54.02,14,1079,3,1.6543015101875822,0,0,0
85.39,17,2275,3,6.159914546373724,0,0,0
32.07,15,1675,2,4.979424417802038,0,1,0
49.29,14,2368,4,6.04126021946764,0,0,0
182.05,15,2628,2,5.37616722170432,0,1,0
104.59,21,2501,3,4.135279126343086,0,1,0
43.3,18,129,2,10.483110193645201,0,0,0
77.03,10,2305,1,4.459362983429036,0,0,0
13.77,12,421,0,4.336083270204716,0,1,0
81.67,16,1625,1,4.243468918367739,0,0,0
146.71,14,888,2,1.635482121541176,0,0,0
60.27,14,2130,0,1.2563474583405467,0,0,0
24.63,14,260,3,5.05721696259061,0,1,0
89.79,13,1471,4,8.134401563529837,0,0,0
48.32,16,2639,1,5.672857509723887,0,1,0
193.87,15,2089,3,4.022408507734934,0,0,0
51.03,14,2430,1,17.112146283436417,0,0,0
11.6,11,170,2,12.591286302509399,0,1,0
82.95,9,2828,5,8.929973631833215,0,0,0
69.99,17,2134,4,4.612870957456193,0,0,0
67.31,13,710,3,19.58635435480396,1,0,0
123.17,8,680,1,7.989938273372994,0,0,0
69.56,16,842,2,13.54111546680371,0,0,0
32.04,19,1598,3,19.801138982826018,0,1,0
34.51,12,129,5,20.84978529757113,0,1,0
77.67,14,708,2,13.163484359570692,0,1,0
28.47,8,2779,2,4.308620307566651,0,0,0
103.79,7,2074,3,10.037997410383513,0,1,0
17.24,20,125,2,2.6814859916897853,0,0,0
57.15,7,1513,1,2.8346199263705314,0,0,0
103.55,16,2620,4,2.854212296909857,0,0,0
10.87,11,2620,3,8.604312334732956,0,1,0
83.78,9,635,4,3.613535541968795,1,0,0
110.31,14,2816,5,3.2409443126709143,0,1,0
242.85,11,1888,3,0.06597986324492489,0,1,0
68.2,14,2318,5,10.249970381183392,0,0,0
121.95,17,2393,5,5.814066558866395,0,0,0
7.56,8,357,4,0.57571878366518,0,1,0
90.51,18,1803,4,2.047415154969365,0,1,0
432.41,5,183,10,555.9739752439073,0,1,1
94.17,10,1526,1,5.7989856893207135,0,0,0
35.08,20,1259,6,7.8042486293898765,0,1,0
19.49,17,1918,1,15.564742931358268,0,0,0
15.75,11,147,4,1.4162792973659606,0,0,0
11.66,13,2886,3,1.691699232350913,0,1,0
186.9,12,2262,3,3.106358594307498,1,0,0
86.0,14,2919,1,3.319097542498154,0,0,0
485.74,3,160,5,239.16902814050752,1,1,1
91.35,12,425,5,8.542847242914121,0,1,0
38.4,22,1933,1,12.504097008542164,1,0,0
118.73,16,1689,3,9.797512595676736,0,0,0
322.24,5,213,5,357.29936990798814,0,1,1
96.86,17,2389,5,7.179043816398441,0,0,0
10.58,18,2896,0,11.616434539362233,0,1,0
143.58,8,1447,1,11.629934970769963,0,0,0
68.58,15,1270,3,8.679362127883016,0,0,0
21.84,17,2099,3,9.963219801965089,0,0,0
76.58,11,2442,3,2.870775581209395,0,1,0
76.68,15,230,1,3.329387283735553,0,0,0
62.83,13,1685,2,18.560740955705505,0,0,0
55.09,16,145,6,14.526863237271723,0,1,0
46.68,18,954,2,3.180936338034452,0,0,0
96.53,14,959,2,4.341926028115246,0,0,0
37.89,6,2256,0,2.485381953119765,0,0,0
23.47,12,2627,0,24.077218139471686,0,1,0
110.3,13,1149,1,1.2211821572863752,0,0,0
118.54,19,2178,2,5.654209928222787,0,0,0
26.74,17,935,4,8.471204474762025,0,1,0
105.33,14,2816,2,1.3614601987800894,0,0,0
33.79,17,1256,1,0.7359157826982345,0,1,0
52.62,20,1305,4,1.6415975086267167,0,1,0
197.47,16,1868,4,16.12127599910828,0,0,0
41.77,15,942,3,0.874882155997665,0,1,0
72.68,13,1706,7,0.7822583692403464,0,0,0
67.66,17,307,8,11.363857600393722,0,1,0
56.22,22,1859,3,2.4573567502923828,0,0,0
96.63,10,2992,4,12.595195299520299,0,0,0
32.74,7,1115,3,10.554332177314938,0,0,0
57.22,18,1608,7,0.5665287235865879,0,1,0
65.07,12,1487,4,14.346076094635762,0,1,0
112.47,5,2475,5,14.157899218122536,0,1,0
140.79,16,2109,3,10.457875568591955,0,1,0
310.59,2,31,11,289.5291992760424,1,1,1
385.21,12,832,4,2.3556885048922482,0,0,0
83.05,16,2548,6,6.766342718169797,0,0,0
178.99,18,2100,4,4.030710201092672,0,1,0
54.02,15,2693,0,0.42492734648706687,0,0,0
58.02,13,2055,1,6.792061127267894,0,1,0
97.5,17,2519,2,8.953840302961794,0,0,0
56.17,15,714,3,3.6080095443419493,0,0,0
128.32,11,270,3,13.999162969255737,0,0,0
185.71,16,2401,3,5.7276469505996594,0,0,0
310.86,13,44,3,4.22515196618504,0,0,0
204.27,11,710,1,19.99002496145711,0,1,0
63.6,15,2495,4,5.519962922354908,0,1,0
52.22,13,2282,2,6.774040512002726,0,0,0
37.2,18,2558,3,0.3238093954594463,0,1,0
70.28,11,1287,1,7.921556460388838,0,1,0
160.66,8,836,6,20.861548414427823,0,0,0
148.85,14,336,3,2.800517134294135,0,1,0
23.57,15,1225,2,12.347344761551467,0,1,0
28.13,10,2250,1,13.683359333114241,0,1,0
93.35,7,597,0,6.657338302191517,0,0,0
95.81,18,2467,2,1.7673099000716803,0,1,0
37.07,15,250,2,9.043778966203593,0,0,0
119.36,13,2066,2,9.43370365838009,0,1,0
979.49,4,252,4,415.32594309864214,0,1,1
152.31,15,2584,1,4.68786684685795,0,0,0
172.77,20,2047,5,4.063939621699057,0,1,0
61.63,10,2524,4,3.929865300367032,0,1,0
97.7,16,2831,4,4.520079017561286,0,1,0
173.33,8,2346,8,3.200151711575894,0,0,0
62.76,11,438,5,11.545121644204858,0,0,0
122.67,12,1002,4,5.245320344054511,0,0,0
76.53,17,2759,2,15.299886410800706,0,0,0
18.72,18,2199,4,0.5687462956943321,0,0,0
251.73,12,1278,3,3.8725099977583817,0,0,0
20.49,18,72,4,4.612431115746421,0,1,0
45.67,10,2412,2,19.909670074388192,0,0,0
45.23,22,275,1,15.035403436546982,0,0,0
31.48,18,2707,1,7.479953769947198,0,1,0
84.57,21,2923,3,7.41645215275103,0,0,0
73.18,17,985,2,14.730268521412242,0,0,0
23.55,16,288,5,8.456675008705004,0,1,0
18.14,9,2428,8,4.461061140722956,0,0,0
53.2,9,1832,6,1.1811008527001592,0,1,0
35.08,13,1621,4,5.29981227755613,0,1,0
35.55,5,2429,1,3.9284565177195008,0,1,0
218.21,13,2427,2,3.7657370864024964,0,1,0
51.57,10,2777,3,8.300493225708504,0,0,0
6.65,20,2597,2,0.2733054212494528,0,0,0
28.76,18,1473,5,19.786473737603163,0,1,0
55.86,14,454,1,14.517271204575188,0,1,0
33.3,18,468,4,12.210091985143784,0,0,0
29.25,15,314,1,25.310228250053964,0,0,0
105.94,9,2092,5,13.513990530070554,0,1,0
107.52,11,781,1,11.511192821833816,0,0,0
9.08,10,619,3,1.2814425953627127,0,1,0
203.13,9,407,4,11.608833189520947,0,0,0
173.16,22,1471,2,10.077164031668124,0,0,0
28.13,16,2159,4,0.604481022896441,0,0,0
54.9,13,1699,3,10.687645301190553,0,0,0
18.02,16,1486,1,5.801910917864089,0,0,0
38.41,16,381,4,17.88454515468448,0,0,0
41.22,14,741,4,10.11514682474933,0,1,0
117.66,18,346,2,5.402943859743403,1,0,0
74.02,11,1933,6,1.4919925237525535,0,0,0
70.14,13,2459,5,1.7172538958411288,0,0,0
40.54,10,2069,1,16.373431135977512,0,1,0
26.8,20,2909,4,14.74927812667013,0,0,0
1.59,13,2676,4,15.760508939191658,0,0,0
125.5,8,522,2,6.796496308416012,0,1,0
42.32,10,913,2,6.693186178426295,0,1,0
154.61,9,1483,4,1.6009546800795307,0,1,0
753.6,2,67,8,498.47227550968523,1,1,1
179.68,11,1668,0,5.7397290266336585,0,0,0
21.25,15,1848,2,1.0379356035192595,0,1,0
21.31,4,1300,5,5.895375240172778,0,0,0
32.66,15,710,6,2.8666966621651113,0,0,0
50.08,12,1751,2,5.572847524486564,0,1,0
34.25,16,1332,2,12.556863332698779,0,0,0
128.49,9,2692,3,21.82357890527122,0,1,0
52.72,16,2630,1,12.197244890933733,0,1,0
170.84,16,2648,2,4.357594086654931,0,0,0
146.68,12,1726,2,12.658837416384522,0,0,0
31.3,10,1103,1,10.457982845190461,0,1,0
38.5,11,2779,3,6.99556296279947,0,0,0
134.34,15,2241,1,8.668985368878094,0,0,0
25.9,16,1381,4,11.65690295529322,0,0,0
167.17,13,454,2,13.966004975142086,0,1,0
131.25,10,1270,2,0.27967154758986723,0,0,0
54.27,10,1760,5,3.267375852968499,0,0,0
73.97,11,1085,0,0.6943056091497004,0,1,0
176.63,11,109,4,7.403153621240609,0,0,0
122.66,14,926,3,2.565139414724128,0,0,0
76.74,7,2992,4,8.34795906978714,0,0,0
51.05,5,1817,2,9.527554094197443,0,0,0
50.11,16,1566,2,5.543391052983737,0,0,0
117.06,16,167,1,1.5558066949399696,0,1,0
46.25,12,2175,2,5.832269345079212,0,1,0
64.89,12,2133,1,9.633708843803289,0,0,0
110.62,13,2579,2,1.0872907778603156,0,0,0
58.52,22,2728,3,8.407465900419552,0,0,0
139.87,12,946,2,4.057078898101241,0,1,0
29.9,16,1677,1,7.200501190819908,0,1,0
23.14,14,2003,4,1.7628225710642225,0,0,0
68.63,21,2651,2,7.1165803781684005,0,0,0
151.28,16,2376,5,5.433893028101663,0,0,0
83.44,13,1989,1,4.431767699070932,1,0,0
69.56,21,177,4,19.077693947496726,0,0,0
58.86,21,2263,4,7.367812885961349,0,0,0
41.39,17,64,7,5.228248872944803,0,1,0
22.49,9,1721,0,19.364416095468794,0,0,0
67.68,10,2204,3,6.688753239097163,0,0,0
121.17,14,1297,5,8.328662564442647,0,0,0
144.5,13,289,5,4.356339140281741,0,1,0
97.47,15,2596,3,14.880277170624568,0,0,0
518.18,5,295,5,87.50968001497654,1,0,1
190.53,17,160,6,2.7191504688125363,1,0,0
24.46,12,562,2,9.833789351400725,0,1,0
75.48,13,1816,6,5.156981959910606,0,0,0
95.49,10,1417,2,6.486051743227428,0,0,0
52.31,18,109,4,1.0961435542463382,0,0,0
3.06,12,1693,4,17.81617867484166,0,1,0
72.74,17,998,3,8.244098099018208,0,0,0
70.67,16,1519,4,7.025524589685934,0,0,0
38.32,13,1806,5,6.421909658463108,0,0,0
64.98,8,422,1,5.260414412661254,0,0,0
39.23,18,40,5,0.7780441469801413,1,1,0
42.93,23,1203,3,10.678635385253854,0,0,0
79.93,15,1662,5,3.87123731519058,0,0,0
56.76,17,779,2,5.50545074464688,0,1,0
24.42,14,206,2,13.84369296271108,0,0,0
117.42,14,144,1,1.5937370992862263,0,1,0
110.39,5,1500,3,11.022076520175704,0,0,0
28.91,14,1540,2,10.782249778172927,0,1,0
38.16,11,968,3,4.226983217034013,0,1,0
75.12,11,2453,7,13.729693092538934,0,0,0
91.67,15,1397,3,7.737734087976927,0,1,0
166.31,13,1708,2,11.91844524014672,0,0,0
92.64,15,2021,1,4.554895315301583,1,0,0
158.95,13,2768,1,0.21994098711848764,0,1,0
57.49,19,2326,5,3.1941850004892167,0,1,0
55.26,11,1868,4,5.667152449899239,0,0,0
40.4,7,2512,4,7.7211392367980896,1,0,0
103.95,14,115,1,13.892633475576591,0,1,0
114.64,10,2062,3,5.438814946324987,0,1,0
101.75,7,474,3,12.738198763295639,0,0,0
211.39,12,64,3,6.592410243997225,0,1,0
12.84,18,1644,2,1.48763873591962,0,0,0
48.19,12,2626,5,8.373531589797986,0,1,0
69.14,7,503,3,9.567183713898265,0,1,0
92.82,18,2066,3,2.3390991920127524,0,1,0
155.52,15,2122,6,6.7825645905213605,0,0,0
54.72,10,687,6,7.097638259024766,0,0,0
63.82,14,2850,5,17.400918952996733,1,0,0
65.17,18,549,5,3.731437825342179,0,0,0
49.03,14,2589,3,12.47112085088623,0,0,0
177.9,11,2024,4,4.347212061468577,0,1,0
50.61,15,1154,1,14.715207477514115,0,1,0
62.89,19,2911,2,6.204169789782686,0,0,0
7.27,10,773,1,22.43705047131274,0,0,0
18.91,15,344,1,7.11990093994268,0,1,0
38.18,17,1709,5,15.093676924573554,0,0,0
42.1,13,1527,1,10.058906783578573,0,0,0
80.88,6,1864,2,2.6206782070041914,0,1,0
42.9,16,1032,0,3.988201017787339,0,1,0
28.71,11,212,4,12.12517130391163,0,0,0
29.0,19,1690,6,0.6342954305286579,0,0,0
163.45,13,1324,0,3.7057807349825893,0,1,0
106.67,6,1661,2,4.808545019869655,0,1,0
51.93,11,2665,6,5.448356337701826,0,1,0
58.35,14,2291,3,3.5576478006367935,0,1,0
120.73,11,1342,2,8.23438329488433,0,0,0
763.04,2,374,10,425.5267233992798,1,1,1
118.68,14,1904,4,1.7909276394406923,0,0,0
28.56,20,1732,4,1.776469159730993,0,1,0
36.59,15,1193,3,2.2983897096685175,0,0,0
129.88,8,2311,4,10.46124654911235,0,1,0
113.11,11,1518,7,7.517386504004282,0,0,0
67.5,7,2595,5,16.51852985802173,0,1,0
84.97,16,2776,4,15.619316831375343,0,1,0
117.34,13,1903,4,5.932311750621613,0,1,0
22.6,14,2909,1,10.673651275194393,0,1,0
196.39,12,2038,4,9.841782256732817,0,0,0
4.64,15,2444,1,8.051547783090724,0,0,0
133.84,11,2693,2,16.94383699314058,0,0,0
770.41,5,315,8,492.0987374040244,1,1,1
525.94,4,93,12,484.6638551693479,1,0,1
70.63,20,807,5,2.182786466457599,0,1,0
135.79,12,2109,3,5.143173097824402,1,1,0
15.72,16,2693,3,0.9091957159687514,0,0,0
27.93,14,35,1,0.3801510780005266,0,1,0
57.91,15,377,4,7.508867773313992,0,1,0
14.05,17,2807,3,9.171920670083164,0,1,0
68.0,5,1868,1,10.637357276527222,0,0,0
86.64,9,2250,0,3.0324815746955753,0,0,0
9.26,7,694,6,6.10822431494671,0,1,0
70.17,16,1377,3,6.8872154792346425,0,1,0
23.48,13,2155,2,6.692589591063824,0,0,0
57.13,9,2657,5,0.37357871206635807,0,0,0
290.49,13,2081,3,7.909063209648261,0,1,0
111.42,20,1510,3,4.219302608801973,0,1,0
47.57,11,349,7,10.691818700990776,0,0,0
105.86,13,973,1,1.728232167710238,0,0,0
115.31,14,1741,0,6.64763956062711,1,0,0
54.45,15,2668,1,8.698594552854571,0,0,0
127.83,13,1184,2,7.830711696718112,0,1,0
27.29,2,2572,0,0.9150049353138758,0,0,0
46.82,12,2669,3,15.960883551263372,0,0,0
96.02,16,1309,4,0.4916712262818619,0,1,0
123.28,11,266,2,7.62309169820146,0,1,0
28.97,17,375,3,0.35437340448314103,0,0,0
36.62,5,374,0,1.5649513684883507,0,1,0
24.83,16,1420,8,9.785705298782805,0,0,0
78.07,10,2824,6,7.579775181041652,0,1,0
114.74,15,294,2,1.5636338128105818,0,0,0
100.23,8,566,2,0.34171415039628794,0,0,0
49.14,12,2069,1,5.401949091266328,0,0,0
153.04,13,2258,1,10.743956546046178,0,0,0
74.39,19,1072,1,0.5074934111775438,1,0,0
12.47,15,2198,3,0.19885138143477477,0,1,0
84.69,10,1119,3,0.8119221721968266,0,0,0
62.92,15,1226,0,19.207968660630705,0,0,0
22.12,18,2100,2,15.914044475321054,0,0,0
57.09,15,2064,0,4.165766736596218,0,1,0
60.01,16,1927,3,12.27129643653209,0,0,0
127.69,15,1268,4,5.2101309567127005,0,0,0
76.65,14,1034,3,0.6885585980187452,0,1,0
34.64,9,816,4,10.719820843443575,0,0,0
52.34,16,241,7,9.379213076971881,0,1,0
5.21,18,890,2,8.012678800261511,0,1,0
27.94,18,1407,0,12.17863902459981,0,0,0
11.8,13,1567,0,2.206455109040053,0,1,0
20.61,10,2868,3,16.189814143731333,0,0,0
90.75,12,322,5,4.510098383738324,0,0,0
19.89,11,174,0,0.5309058996289888,0,0,0
20.99,17,289,5,14.577801919287644,0,0,0
75.14,13,1537,2,12.630278842419813,0,0,0
24.25,23,718,4,3.6059613935141255,0,0,0
69.12,11,2767,1,7.2609640863669815,0,0,0
96.91,14,1844,4,21.22991778072889,0,0,0
22.45,5,2385,2,5.4833894584628675,0,1,0
64.02,13,961,8,4.207835097118798,0,1,0
83.21,9,884,2,2.7665335325024163,0,1,0
106.34,13,2588,2,2.7724878139988887,0,0,0
91.0,18,1931,2,3.8195774552966997,0,0,0
70.68,8,374,5,17.525071763901384,0,1,0
70.47,16,2455,6,8.251775448709232,0,0,0
5.0,12,2818,0,3.217282223898083,0,0,0
35.9,19,757,6,16.98533059634817,0,1,0
85.91,13,1174,2,1.235645748233103,0,1,0
45.14,11,477,2,1.219603953498436,0,0,0
88.13,13,1551,1,13.154362034026297,0,0,0
210.68,9,1207,3,8.608842571367076,0,0,0
75.64,11,2642,0,13.145856901138632,0,1,0
89.47,15,1752,1,12.733734602566795,0,1,0
56.53,15,2796,4,4.4388632684661475,0,1,0
147.14,12,1448,6,7.458253236161127,0,1,0
24.46,2,1893,3,3.7688547641651198,0,0,0
45.9,11,1429,3,0.9150294254060087,0,1,0
85.59,9,1080,3,7.211051601667414,0,1,0
34.93,16,362,2,6.796930224185683,0,0,0
98.92,14,2594,2,4.852642730571155,0,1,0
118.59,19,2002,4,11.60697680246825,0,1,0
155.7,17,2767,0,5.494832689810852,0,1,0
90.28,13,1940,2,0.348372147908119,0,1,0
93.45,18,1630,5,0.42397374185763326,0,0,0
27.08,8,877,3,3.933819638628705,0,0,0
112.58,17,2560,5,16.089502525366584,0,0,0
47.09,23,1163,4,0.6938910023998854,0,0,0
109.25,13,2234,4,2.612978569558182,0,0,0
156.32,11,766,2,14.3816299643249,0,1,0
93.32,16,153,3,21.045551614148973,0,0,0
29.59,11,52,3,13.042649163202002,1,1,0
105.1,20,1503,3,8.551945065430447,0,1,0
86.21,4,2536,3,5.047310171917996,0,1,0
74.4,19,1139,4,12.477849202685626,0,1,0
53.32,11,1986,6,8.157777683101722,0,1,0
41.95,15,181,6,9.585397617481675,0,1,0
44.41,14,2053,1,4.0397291153194725,0,1,0
25.56,9,429,2,12.640084657517548,1,0,0
69.95,15,351,4,14.85673610457516,0,1,0
110.54,11,2689,2,19.79944715728974,0,1,0
59.76,12,2062,4,7.584740619386415,0,0,0
89.83,10,506,2,4.6163959258576455,0,1,0
173.58,11,195,3,8.814761575669497,0,0,0
62.09,13,433,3,9.492781020460455,0,1,0
106.74,16,2204,4,14.350338436356957,0,0,0
68.24,12,1403,3,3.869200400002124,0,1,0
30.32,14,671,4,12.89765312687124,0,0,0
71.05,17,2967,0,1.757697681792862,0,1,0
8.16,15,278,2,1.5009830394832377,1,0,0
128.18,10,201,4,3.3982084079757744,0,0,0
44.03,13,2195,6,10.610418838324115,0,0,0
53.46,17,1729,5,1.6496756652941063,1,0,0
29.48,17,2706,2,6.263996492701083,0,0,0
78.96,10,1788,1,2.0925099338138606,0,1,0
131.41,14,453,3,3.7195954374475093,0,0,0
43.12,13,950,4,9.860629524205551,0,0,0
118.68,10,202,5,11.831699520329602,0,0,0
39.26,12,1433,6,10.98859298560443,0,1,0
55.98,18,2398,0,0.7435296139183656,1,0,0
31.71,14,520,2,4.2472481831710125,0,1,0
107.18,18,197,2,6.002119000454792,0,0,0
157.79,13,182,1,8.07670505927566,1,0,0
86.41,15,701,1,0.36529848683643174,0,0,0
131.33,10,1911,4,1.0631702356684203,0,0,0
106.73,23,771,2,7.428342775483944,0,0,0
79.48,14,2153,1,1.3214663656693908,0,1,0
77.63,10,2001,2,11.587173587449584,0,0,0
141.0,13,507,1,0.919225310034502,0,1,0
162.43,12,2516,5,5.001624560786737,0,0,0
151.82,12,1709,5,3.6734859847265744,0,1,0
58.81,12,1848,3,3.2497427705825936,0,0,0
174.99,15,201,3,12.061228669901647,0,1,0
38.81,12,2415,1,12.813575740371633,0,0,0
25.71,10,954,0,1.5772712607295665,0,1,0
85.7,16,2833,0,23.25024445224821,0,0,0
34.04,10,585,3,13.153486970331743,0,0,0
33.54,10,364,2,13.057739318999584,0,0,0
69.41,12,2675,2,9.528996309641325,0,1,0
28.49,10,442,5,6.360039498510956,0,0,0
133.38,12,2504,3,19.038753346966523,0,0,0
59.76,13,2832,2,2.2361677635702453,0,0,0
68.15,13,2384,1,20.24492609745804,0,1,0
17.39,16,1007,5,8.073047368173532,0,0,0
8.69,10,2031,2,2.903232573635641,0,1,0
64.56,16,986,3,14.411354999405699,0,1,0
75.2,13,1554,4,10.118750915913884,0,1,0
70.6,14,776,2,7.4308414532745495,0,0,0
48.08,13,2560,1,18.730036404575763,0,0,0
53.51,16,1452,2,2.413645563086855,0,0,0
6.01,16,857,3,15.681188391581383,0,1,0
56.8,11,2047,5,0.006071099764046295,0,0,0
78.88,8,2537,5,2.3305133821318513,0,0,0
86.08,20,1259,3,9.155627320311707,0,0,0
80.48,16,2035,1,10.647592340966401,0,0,0
83.15,11,2516,6,3.627502881833794,0,0,0
51.55,8,2231,5,4.253371023744048,0,1,0
111.49,18,1202,2,1.8471580308302968,0,0,0
41.07,9,2726,3,2.7444423924108197,1,1,0
80.86,19,1470,3,6.939093759229024,0,0,0
73.2,16,794,4,3.496290232926439,0,1,0
148.53,15,1379,4,16.630118102928208,0,1,0
35.28,7,1255,5,1.2727031536682318,0,1,0
175.4,16,207,3,5.441248247827185,0,0,0
49.81,17,679,1,12.152879815098341,0,0,0
97.29,15,1274,1,12.389722521382975,0,0,0
97.75,8,1758,1,5.844469056663225,0,1,0
33.61,15,2409,1,23.70334535337931,0,0,0
36.91,13,2657,2,11.642431079176959,0,0,0
44.31,16,141,5,2.281613661387798,0,0,0
48.09,22,2312,2,5.263573353545148,0,1,0
39.62,12,400,0,11.502744699497452,0,0,0
193.82,14,1101,0,6.260333285501634,0,0,0
19.39,11,2844,4,1.1049852850132709,0,0,0
72.64,15,1464,4,14.200302994861081,0,1,0
106.51,16,1991,3,11.790597402651127,0,0,0
136.81,10,1988,3,3.207782078839972,0,0,0
61.42,4,2026,3,10.536753469613583,0,0,0
99.66,12,2452,3,20.905010251709207,0,0,0
87.28,16,321,2,12.571837914088722,0,0,0
60.82,9,243,9,7.457564368778911,0,1,0
64.36,18,2570,3,4.529272904631114,0,1,0
158.78,8,2517,1,8.619697170201551,0,1,0
48.44,4,1168,5,7.607240930887665,0,1,0
135.34,12,2400,3,1.8702985526078315,0,1,0
48.75,15,1194,3,3.512430654446812,0,0,0
124.25,14,2412,3,2.1309381251186523,0,0,0
46.64,9,1343,5,5.555375107696407,0,1,0
224.59,15,2783,4,7.223955614540403,0,0,0
14.58,16,945,2,5.772266972656814,0,0,0
68.1,15,2142,6,2.8507931146178813,0,0,0
11.16,15,1206,5,5.219303016694353,0,0,0
36.76,13,1024,1,15.920965127293602,0,1,0
113.14,14,188,3,11.290529930964489,0,1,0
27.1,12,1000,2,7.288736894443421,0,1,0
181.35,10,2821,5,3.532754275568113,0,1,0
136.78,11,921,5,11.576759213328035,0,0,0
58.72,18,2732,2,0.4969297833520816,1,0,0
35.47,14,1499,5,7.998664742934686,0,1,0
103.76,15,778,1,2.9915501863663114,0,0,0
74.18,8,1650,2,0.5867345434074673,0,0,0
85.25,18,782,5,2.940827656507606,0,1,0
298.65,11,271,5,6.75933083513387,0,0,0
176.78,10,176,6,2.8377128334318553,0,0,0
172.78,16,1298,1,6.8283541534722145,0,1,0
76.08,15,2342,3,0.29323054983572483,0,0,0
98.33,14,1344,2,2.946763707827967,0,0,0
50.5,16,879,3,3.4188908925727226,0,0,0
41.41,10,1437,2,0.35937667327651024,0,0,0
15.46,15,970,2,3.042032789074244,0,0,0
902.97,4,5,9,624.1631202807479,0,1,1
106.74,13,2052,4,0.3746249258609291,0,1,0
65.93,10,1464,6,24.194694659506546,0,1,0
101.77,7,2038,2,7.451196233966325,0,0,0
26.47,17,2993,3,10.731629778299016,0,0,0
78.52,18,346,2,16.77298020114847,0,1,0
251.06,9,807,2,1.6626034582173053,0,0,0
82.31,8,240,0,16.03985151974314,0,1,0
123.7,19,315,2,3.7924260333293813,0,1,0
231.52,18,1293,1,1.500810938117798,0,0,0
71.61,17,669,5,2.8875188184514133,0,1,0
114.69,7,2563,2,0.9035228997620051,1,0,0
55.17,8,2389,5,7.443818387444956,0,0,0
141.44,9,2341,4,2.0732878377176913,0,1,0
202.5,20,84,3,5.534995367847724,0,0,0
34.13,22,939,2,18.684175176627104,0,0,0
33.46,13,1349,4,4.35724909145793,0,0,0
77.89,14,1596,3,2.264301524410315,0,1,0
83.92,14,553,3,4.845792105203895,0,1,0
95.27,14,626,3,6.626708504974752,0,0,0
84.62,19,1309,2,5.088705917901567,0,1,0
174.39,8,2885,0,0.22200171256079226,0,0,0
122.92,9,1605,4,12.427917838938143,0,1,0
47.25,12,1742,2,17.370659350300386,0,0,0
28.7,16,2782,1,11.974548100315477,0,0,0
66.6,10,2832,4,6.956137486472529,0,1,0
23.09,10,2344,2,3.9265729393847373,1,1,0
29.3,12,1610,0,10.621250060455782,0,0,0
35.9,12,56,2,1.2777314187798607,0,1,0
91.72,22,941,0,2.1957180538039163,0,0,0
200.25,21,2697,5,4.748921803145997,0,1,0
29.09,11,908,3,5.317435701009043,0,1,0
218.06,14,436,6,17.424906902314895,0,1,0
6.74,13,2280,2,7.212977407500618,0,1,0
30.0,19,2506,4,13.136933163861302,0,1,0
40.86,11,1637,5,14.12944485045825,0,0,0
117.83,15,630,2,3.8257199635544854,0,0,0
11.77,14,932,1,24.300656133677922,0,1,0
43.0,7,2629,2,6.4349924325770065,0,0,0
17.4,22,816,3,24.745487695687814,0,0,0
78.02,11,1793,4,9.846309773344736,0,1,0
74.98,11,2308,4,13.634093313260923,0,0,0
36.31,15,2863,6,1.3331340822027729,0,0,0
82.66,15,1372,3,15.408799046368575,0,0,0
86.98,13,2859,3,2.4398564222293513,0,0,0
20.41,15,374,5,1.4318503781555307,0,0,0
5.89,18,1923,2,1.19012666650333,0,1,0
122.56,16,1991,3,6.303879660061894,0,0,0
15.35,7,838,4,9.656862283181844,0,1,0
18.12,18,2579,4,15.892804385234928,0,0,0
40.25,20,90,2,2.7761748423199846,0,0,0
58.17,10,1347,5,3.1847020865245455,0,0,0
91.04,16,1290,1,14.815399676556638,0,0,0
140.46,10,2172,4,20.643119165543794,0,1,0
42.25,12,2027,0,18.8523851926455,0,0,0
47.9,10,1627,3,8.704000860735544,0,1,0
72.04,14,2279,2,4.662186144466256,0,0,0
30.13,7,2119,6,2.1918788288937576,0,0,0
56.78,16,62,4,8.85061387014484,0,0,0
233.47,12,895,2,0.23972102576192977,0,0,0
60.28,15,2100,5,4.770120848287672,0,1,0
106.6,17,1909,7,5.515618947654824,0,0,0
159.09,18,2236,2,5.076161028851322,0,0,0
120.39,8,1169,1,5.163836827843441,1,0,0
157.2,20,595,3,10.161522510392697,0,0,0
73.63,13,1849,1,7.902395860701982,0,0,0
50.94,15,1096,4,9.140304728705058,0,1,0
34.39,14,1191,1,0.7404920690055308,0,1,0
18.23,15,1282,3,4.469471480116815,0,0,0
129.81,12,1631,6,12.697906482867792,0,1,0
579.76,1,210,12,289.7688862471664,1,1,1
102.78,12,2907,3,2.075411323406062,0,1,0
38.84,5,2195,4,2.1473065955654747,0,1,0
45.73,16,2191,2,11.551697735870668,0,0,0
49.9,14,1226,6,1.7911629615399023,0,1,0
40.86,11,2189,2,0.07657998574341107,0,1,0
50.04,17,2352,1,4.413873291519675,0,0,0
96.43,18,2056,3,8.914175223184305,0,1,0
60.33,11,2541,1,1.2462947377818132,0,0,0
447.93,3,37,10,505.6325602953427,0,1,1
30.59,11,1098,3,10.703431388320197,0,1,0
13.06,22,2922,4,3.730899451121734,0,1,0
146.03,17,2875,6,8.785166226487501,0,0,0
193.71,14,1958,8,10.946915269190502,0,1,0
135.71,13,2095,4,0.08181421190229887,0,1,0
11.75,10,1924,4,7.9457518646653975,1,0,0
149.01,20,2436,4,12.4479801232028,0,1,0
316.07,14,1748,0,4.277497962962627,0,0,0
94.3,14,1519,1,12.272611424577374,0,1,0
89.34,8,2141,4,9.556748907447362,0,1,0
86.96,18,243,2,6.658373475883955,0,0,0
364.35,14,772,3,14.408429228033775,0,1,0
167.96,13,1469,2,16.20458361747475,1,1,0
30.3,14,1213,3,8.029475467292901,0,0,0
34.69,9,1145,1,4.360216801566622,0,0,0
61.57,14,607,1,10.227506537749438,0,0,0
93.83,9,82,3,4.9997032676586635,0,1,0
70.2,15,109,0,9.194010522910492,0,1,0
59.43,12,1004,5,9.218959581331221,0,0,0
112.7,9,2590,2,7.562489904072372,0,0,0
32.99,12,1813,6,7.91810941724501,0,0,0
78.99,13,1798,2,5.036684312446541,0,0,0
97.09,13,1312,3,9.973668987404368,0,0,0
45.38,12,1981,3,15.100459918895057,1,0,0
36.9,12,808,1,7.9498644052725425,0,0,0
44.88,23,2939,5,5.939435482007957,0,0,0
46.86,15,1439,2,8.984917698477735,0,1,0
232.81,14,2702,2,20.272075412222126,0,0,0
94.23,10,426,3,16.963374304638023,0,0,0
120.53,11,2673,5,14.355967630096012,1,0,0
172.78,12,1422,3,5.827476785198229,0,0,0
57.47,8,1427,1,9.279740682611592,0,0,0
13.25,16,2690,1,16.324701611037298,0,0,0
38.16,13,90,3,4.876836945038625,0,0,0
31.58,22,2458,2,5.532251127903576,0,0,0
44.81,8,2136,5,2.679764450583749,0,0,0
293.82,17,2576,1,0.09760837528733735,0,0,0
135.47,16,511,1,14.994677786997796,0,1,0
62.71,18,1113,3,7.087111123829093,0,1,0
139.22,15,1796,8,17.65957165670279,0,0,0
7.81,13,1095,4,7.134826869535361,1,1,0
64.93,21,1857,1,3.2048140525779507,0,1,0
58.36,11,1597,1,9.590696283772827,0,1,0
30.55,12,1004,2,13.898950057756394,0,1,0
10.21,11,1532,3,10.819519351886417,0,1,0
128.82,15,2324,5,7.20007215555211,0,1,0
34.94,22,2487,4,16.38662651472954,0,1,0
149.16,11,283,1,10.832491467857556,0,0,0
23.23,9,1466,6,6.73933675500878,0,1,0
80.62,16,2522,3,7.272648518787892,0,0,0
40.9,16,2819,4,15.280682347701784,0,0,0
111.96,12,988,1,4.590796985401867,0,0,0
16.2,17,1739,3,15.510759913061754,0,0,0
74.75,11,2892,4,1.287705430800194,0,1,0
189.57,13,744,5,10.272023824340407,0,0,0
91.32,12,2912,2,0.1778406740183689,0,1,0
33.0,15,254,1,18.54937521582331,0,1,0
98.86,18,1657,2,5.367125150257329,0,0,0
1069.07,5,165,7,13.26675603352885,1,1,1
69.41,17,1888,3,11.723739706164178,0,1,0
30.77,16,1946,3,25.108156033974176,0,0,0
118.42,18,2397,4,11.737725361444504,0,0,0
24.02,16,590,7,6.091385064463222,0,0,0
35.14,5,1393,3,3.2278252036526336,0,1,0
21.41,19,905,0,24.82094244870944,0,0,0
62.57,17,968,2,2.423374886577585,0,1,0
32.73,14,950,4,11.12474149446789,0,0,0
80.04,15,2396,2,3.481898569004124,0,0,0
87.58,14,953,2,3.221438051080395,0,1,0
117.07,13,2614,4,8.458533624154708,0,1,0
36.18,13,171,3,5.73790773277268,0,0,0
68.84,16,566,3,11.111637472194577,0,1,0
251.64,13,2566,2,29.101376102089816,0,1,0
109.45,15,797,3,1.831859220880533,0,1,0
115.33,12,2413,3,15.920700136464871,0,0,0
24.85,16,1325,2,1.475396973755461,0,0,0
18.45,11,2726,1,13.704442803105053,0,0,0
38.28,8,2423,2,6.295600694232655,0,1,0
73.38,15,1499,4,10.178104218935104,0,0,0
158.64,14,2764,3,5.9932767918584755,0,1,0
138.61,16,1584,4,4.319119518224759,0,0,0
97.15,16,943,2,0.7528553848980826,0,0,0
51.57,12,2287,2,0.46048238310413137,0,0,0
87.82,18,1531,5,6.680288525000477,0,1,0
4.85,11,1842,3,12.261447825938259,0,0,0
31.78,11,1800,2,3.544398166418933,0,1,0
134.88,14,1453,4,4.797005625852073,0,1,0
63.26,12,1851,0,5.983001595125141,0,1,0
126.06,13,1162,0,14.326952857771193,0,0,0
107.44,14,1578,2,6.9067913733024575,0,0,0
71.46,15,684,2,9.847697936009022,0,1,0
21.14,14,2060,5,20.148849598732443,0,0,0
86.96,13,1318,2,4.632551887659632,0,1,0
19.78,13,1136,2,11.161978568614277,0,1,0
47.72,21,1493,2,10.191973163892722,0,0,0
153.48,14,2114,2,3.946595895056128,0,0,0
140.84,16,2613,1,5.194763110436639,0,0,0
55.78,16,262,4,7.629128583175936,0,0,0
80.87,16,1456,3,10.34468796045868,0,1,0
49.68,17,135,0,7.0002140335849825,1,0,0
23.52,16,1141,1,5.723614267532575,0,0,0
55.31,7,702,2,5.085165685010508,0,0,0
40.64,15,2451,5,17.996865079186968,0,1,0
100.81,12,214,4,5.481421297539446,0,1,0
29.06,20,622,2,10.705300937737693,0,1,0
60.97,22,1211,2,2.6000584138758076,0,1,0
107.14,17,1756,6,7.506442676795967,0,0,0
70.74,13,573,1,4.860920557692021,0,0,0
91.37,17,2695,2,3.4490709152157404,0,0,0
85.69,8,1627,3,5.858587960574386,0,0,0
111.53,14,1663,4,5.772515803315379,0,0,0
101.18,7,1239,1,13.718884781481213,0,1,0
82.85,12,1115,2,2.92873049183732,0,0,0
35.25,11,1353,4,8.18062236494278,0,1,0
303.42,13,1757,4,1.319449728301965,0,0,0
41.52,13,2234,5,6.025063521688928,0,1,0
197.89,21,2476,3,8.988655881715395,0,0,0
69.4,17,2319,7,6.0283596791689344,0,0,0
22.35,19,930,4,5.843675147303624,0,0,0
64.0,11,2760,3,8.401396025806214,0,0,0
205.24,17,2896,2,7.925055327552675,0,0,0
55.82,8,265,2,0.5917944839682647,0,1,0
133.4,9,2851,2,18.385331114662375,0,0,0
214.69,1,281,10,122.98884560483793,0,1,1
66.35,14,559,3,11.711047849236378,0,1,0
12.71,8,1554,1,15.427430148056251,0,1,0
66.06,8,874,2,7.522456159050909,0,1,0
112.07,14,2886,2,0.8042407837135466,0,0,0
140.84,18,818,4,8.72902147923756,0,0,0
46.76,11,2238,0,17.562487183047203,0,0,0
23.68,13,2538,1,2.1236726830111814,0,0,0
27.56,12,91,0,7.394932969230652,0,1,0
83.41,12,2487,4,4.950217482785771,0,0,0
172.93,12,765,2,1.2754567412391524,0,0,0
98.81,7,1548,4,10.81161970746105,0,1,0
69.76,17,1830,3,11.883645256858156,0,0,0
116.4,20,1704,2,4.522640070983245,0,1,0
21.72,7,609,1,1.3329473192226633,1,1,0
81.32,11,1682,2,1.3072271473086556,0,0,0
43.43,11,1734,6,7.29402078989817,0,0,0
107.59,14,2762,4,9.73203028629242,0,0,0
86.25,14,1656,6,6.8378950327710175,1,0,0
61.5,11,1488,1,1.548745058972759,0,1,0
37.99,17,1438,3,4.369831591035299,0,1,0
180.32,10,339,3,11.361199637670945,0,1,0
93.29,11,114,4,12.114685683914956,1,1,0
86.87,15,1567,1,11.215656654861657,0,0,0
125.97,11,1242,5,10.374523967293662,0,0,0
128.29,10,426,2,3.764790475261389,0,0,0
55.63,12,1826,2,1.2153241626018767,0,1,0
160.23,17,2165,4,13.233963513194237,0,1,0
9.1,12,747,6,10.951645721811975,0,0,0
93.36,20,1644,2,0.47380401738729194,1,0,0
52.83,11,1037,3,10.739254420704508,0,0,0
10.84,14,893,4,1.5569057596981253,0,1,0
233.83,6,2219,2,2.6602300446128204,0,0,0
21.68,16,1024,1,0.8788456958907487,0,1,0
57.11,13,2162,2,1.7648645332497135,0,0,0
129.04,23,2699,2,4.52213679279023,0,0,0
77.48,20,1899,4,3.9643893362999467,0,0,0
226.07,8,2053,3,0.02403335174783905,0,0,0
47.94,9,1648,5,4.002945200575704,0,0,0
35.96,14,2087,3,12.941169187558376,0,1,0
99.85,18,2834,3,1.6753437521141405,0,0,0
58.28,16,2187,1,1.2006863091728666,0,0,0
89.86,13,836,3,1.5124233324695013,0,0,0
46.0,19,2217,1,3.9946614623725574,0,0,0
180.71,9,2934,3,12.129031545027544,0,0,0
90.36,14,1150,3,6.052643263230088,0,0,0
30.44,9,1026,1,10.16655954599047,0,1,0
73.38,12,732,3,11.605562121899098,0,0,0
56.25,17,780,1,8.446854701943787,0,1,0
69.36,15,1713,0,3.3040305149090488,0,0,0
79.38,15,2236,1,9.022252671345042,0,0,0
69.19,15,498,2,12.43772027436561,0,0,0
15.52,12,2753,2,17.305228539636236,0,0,0
42.93,10,864,1,8.08491867332293,0,0,0
41.79,9,220,7,4.275576346111136,0,1,0
12.29,12,545,3,9.920660711616524,0,1,0
42.19,15,367,3,6.203024047001605,0,0,0
49.49,15,2099,2,0.976455432201127,0,1,0
34.24,10,1254,3,4.541086545771105,0,1,0
57.58,12,2132,2,9.086205248059025,0,1,0
67.4,19,639,4,6.760663204274794,0,0,0
102.84,20,2880,5,1.0587774479445162,0,0,0
61.21,13,155,4,3.3308185515726145,0,1,0
57.92,12,2208,3,4.139140961672991,0,1,0
131.17,16,1165,1,2.214682469428917,0,1,0
247.13,14,1254,1,7.584975809824649,0,1,0
82.86,17,664,3,2.657611394820269,0,0,0
82.92,14,2675,5,7.091262939927597,0,0,0
57.44,17,2243,4,4.481977227963892,0,0,0
10.29,15,1825,3,9.845859748814034,0,1,0
215.72,9,2193,5,0.6005018129627864,0,1,0
200.33,14,599,1,2.878054622998942,0,1,0
111.11,19,127,2,0.4966729245986974,0,0,0
60.93,15,2932,2,8.128858546882643,0,1,0
54.46,19,589,1,4.764909879738356,0,0,0
78.25,17,1434,5,1.12683977187947,0,0,0
37.49,15,2971,7,5.3097072321506875,0,1,0
52.84,11,2322,5,19.502363054253152,0,1,0
80.27,9,2975,3,0.9026128668322722,0,1,0
59.55,17,500,3,2.5007603094106248,0,0,0
66.01,14,1457,4,3.7199572457781365,0,1,0
123.05,9,640,1,6.952689925226966,0,0,0
10.07,15,2863,2,5.253489177634947,0,1,0
166.63,14,1763,9,4.391653869994441,0,0,0
3.88,22,1714,3,3.2304492193506404,0,0,0
81.55,17,1473,0,4.975625745943139,0,0,0
126.5,14,1531,3,0.8177722954407898,0,0,0
67.95,7,138,1,5.284350926897674,0,0,0
22.48,14,955,2,11.552517808230728,0,1,0
30.54,19,152,4,8.015093149362668,1,0,0
76.79,9,1339,2,0.0878217928545677,0,0,0
146.55,19,2064,3,3.3343092588951375,0,1,0
47.01,17,66,3,2.636330538396712,0,0,0
16.06,10,113,1,9.63506965503342,0,0,0
15.28,10,546,2,1.7578257740840648,0,0,0
132.76,17,2612,4,7.219079863379939,0,1,0
102.71,13,2560,2,1.3788684572832484,0,0,0
93.49,18,1216,1,13.362501014899614,0,1,0
49.28,12,1938,1,15.576349022179933,0,0,0
38.29,7,2776,2,5.5523086817279586,0,1,0
38.53,13,2953,4,8.314046667594148,0,0,0
49.74,17,2713,1,0.01890233505859129,0,1,0
172.46,21,2731,2,3.6253204769720937,0,1,0
112.25,10,772,3,6.5266411148620715,0,1,0
73.67,18,1482,3,2.3436741432210253,0,1,0
121.97,18,1342,3,2.5140527356093005,0,0,0
51.23,19,248,4,8.85878105659905,0,0,0
27.78,13,443,1,5.867445051479452,0,0,0
173.28,16,2108,2,3.136276816244152,0,1,0
75.03,7,700,4,4.864988047528309,0,0,0
24.1,9,2527,4,15.474422713729057,0,1,0
124.3,16,183,3,13.227373815107622,0,0,0
46.43,11,810,3,0.2050754293079704,0,0,0
68.31,12,754,4,4.653425185771251,0,0,0
32.73,7,1775,3,16.276977038451257,0,0,0
370.37,1,24,3,676.7048229346225,1,1,1
107.14,15,92,2,1.6085796892859854,0,0,0
85.03,14,1507,1,6.049970306029943,0,0,0
95.07,18,292,1,4.847459725359705,0,0,0
163.7,14,294,6,18.59695210805964,0,0,0
198.84,18,2185,3,4.568727639176366,0,0,0
46.97,4,284,5,8.590541602848063,0,1,0
59.92,14,1325,0,6.791927997731578,0,0,0
7.68,15,1560,3,0.08117634468240453,0,1,0
31.18,14,89,4,8.114604995293357,0,0,0
32.2,12,2282,4,10.295887334057525,0,0,0
49.18,18,2445,5,1.4660844169247698,0,0,0
74.29,12,1425,0,7.627863693318766,0,0,0
99.18,14,2948,1,2.942659288117177,0,0,0
28.15,15,2565,5,9.39523062490185,0,0,0
119.4,0,209,6,669.1313168025911,1,1,1
15.8,14,1328,1,11.214240160020834,0,0,0
26.14,12,618,8,2.9758568014867737,0,1,0
79.16,19,1249,3,4.490196655783602,0,0,0
83.42,9,2351,4,5.5177610104798,0,1,0
127.72,16,1197,7,3.052703297664289,0,0,0
37.89,19,94,3,2.727464005028215,0,0,0
61.98,14,801,1,13.836112240074698,0,0,0
62.75,20,1788,1,2.1602761649353344,0,1,0
26.17,13,1004,4,16.34412640118816,0,0,0
68.73,18,957,2,6.435602757084612,0,0,0
40.44,16,2175,3,3.556889675057688,0,1,0
67.48,10,802,2,10.593729048442178,0,1,0
38.21,15,2518,3,3.368363809400915,0,0,0
47.23,14,565,2,7.982517901710225,0,0,0
86.9,8,2523,3,7.116074452194123,1,1,0
44.31,9,1090,2,9.5032636045575,0,1,0
34.77,14,2412,3,2.0510218084488647,0,0,0
40.6,14,131,4,10.34581401523217,0,0,0
37.5,19,339,2,10.311504502305123,0,1,0
61.27,14,64,1,17.317596360119623,0,1,0
22.71,14,2388,3,2.1049374699475303,0,1,0
53.38,12,459,3,0.9910293532560619,0,1,0
19.0,15,491,1,2.238882357239851,0,1,0
67.99,14,1765,2,26.83361535886946,0,0,0
38.09,7,1863,4,12.778621917981663,0,1,0
235.99,10,2063,4,7.359274855108845,0,0,0
135.65,9,1411,4,5.2568081618796985,0,1,0
205.47,8,426,1,21.90677451514858,0,0,0
81.09,13,292,1,17.516108513342722,0,1,0
152.75,13,544,1,1.1516065022275388,0,0,0
20.81,8,245,6,11.819118007458325,0,0,0
18.46,13,769,5,8.135563460865288,0,1,0
117.04,10,923,1,3.9867305746547537,0,1,0
79.56,10,1088,2,12.796067819199163,0,0,0
55.22,16,778,6,2.636792595632606,0,1,0
60.71,15,2072,4,9.249759043866923,0,1,0
4.45,15,227,3,1.9343646006612198,0,1,0
124.52,10,1529,4,1.4659325752014345,0,0,0
16.3,9,1756,3,4.702143241095472,0,1,0
43.51,12,1068,3,11.786580596026553,0,0,0
49.93,3,1527,0,3.5076305886138854,0,1,0
73.55,6,955,1,7.016628338590988,0,0,0
54.05,14,2058,2,0.9377464147745949,0,1,0
52.6,16,1605,1,5.886993967455703,0,1,0
76.92,7,2214,5,21.465887071029012,0,1,0
44.3,15,2722,0,6.274153837871748,0,0,0
143.33,13,1281,3,5.210275701866794,0,0,0
11.29,12,2884,3,3.987417105981784,0,0,0
84.48,17,2377,2,4.575148498214274,1,0,0
66.84,13,2625,0,1.2383438745996873,0,1,0
123.34,14,207,5,8.495216549163892,0,1,0
116.65,18,271,2,25.63265999847017,0,1,0
92.72,16,879,4,8.527602371606644,0,1,0
101.84,20,1667,6,22.950471867938095,0,1,0
148.38,17,1951,4,10.526922439898069,0,1,0
25.82,12,1630,5,10.68343714324396,0,0,0
116.6,13,445,6,3.849396026580492,0,0,0
35.07,15,2155,0,2.920245876167919,0,0,0
14.43,16,1501,4,6.994634384497196,0,0,0
71.8,5,2294,6,8.98338231451444,0,1,0
179.93,11,2300,1,1.6324484988654442,1,0,0
56.43,8,2951,2,7.62950150123874,0,1,0
100.55,17,1263,8,15.294787944097044,0,1,0
44.5,20,996,6,2.5281913374055085,0,0,0
105.84,16,1092,1,5.6146240100105835,0,1,0
142.43,12,1534,4,0.5051368708074966,0,0,0
52.76,19,2851,2,0.339146738094227,0,1,0
37.39,10,1388,2,19.907745215318624,1,0,0
49.75,18,1689,10,2.7011989760117734,0,1,0
27.82,11,1781,1,7.54965055385332,0,0,0
148.49,9,373,2,13.727798505231657,1,0,0
82.4,11,2868,4,13.88609835696913,0,1,0
71.24,13,2877,4,7.109612244463689,0,0,0
112.04,14,2502,2,7.7852867724772175,0,0,0
21.03,17,406,1,9.855651024695849,0,0,0
34.97,15,2679,4,3.2200180212988863,0,0,0
107.5,23,1806,3,2.2032690360205747,0,0,0
8.14,15,1196,4,4.489696164974986,0,1,0
22.74,10,2468,2,3.2495847458688303,0,1,0
213.29,16,221,1,5.361198876992302,0,1,0
117.13,17,2711,5,11.238818001310918,0,1,0
24.43,12,814,2,14.947722196688138,0,0,0
54.45,6,150,2,0.6848979053203967,1,1,0
104.6,9,1359,5,5.749319467687588,0,0,0
33.74,9,1475,4,0.7025279446558157,0,1,0
30.64,6,1240,3,4.991896382368214,0,0,0
96.04,8,2752,2,1.3253971806702003,0,0,0
148.99,11,2888,3,2.401517395392811,0,1,0
91.04,9,1553,4,6.237243053434087,1,0,0
79.11,14,1440,1,0.06731992238059625,0,1,0
142.57,10,386,0,7.8313155946673145,0,1,0
93.2,6,419,3,14.119225793990752,0,0,0
113.6,10,2520,6,6.654580517242148,0,0,0
48.48,12,537,3,14.139256947128887,0,0,0
53.78,14,1229,2,0.5122083063852294,1,1,0
140.68,16,150,3,16.937605646614394,0,0,0
211.17,15,696,2,8.50106627507456,0,0,0
28.16,10,941,6,6.32917167070163,0,1,0
71.56,13,2532,3,4.233534084909991,0,1,0
111.37,4,401,3,9.571195038339521,0,1,0
34.86,14,569,4,8.595370116146679,1,1,0
75.5,17,2928,4,2.8382395504832685,0,1,0
66.39,16,202,3,6.159684166332472,0,1,0
104.93,11,2904,2,0.7694895705239331,0,0,0
110.25,16,2998,0,13.104879523484884,0,1,0
204.32,17,2579,3,15.0475760600617,0,1,0
52.9,19,2372,3,5.669038998883301,0,1,0
130.08,9,2594,0,4.387279473691413,0,0,0
83.16,16,2763,5,4.643868401751956,0,1,0
97.52,14,2204,1,0.9522723357954739,0,0,0
111.4,9,1969,4,4.251098846415953,0,1,0
179.13,11,2972,3,10.04245175365274,0,1,0
16.58,12,2406,3,6.526919869158112,0,0,0
16.75,12,1819,1,15.426861036150665,0,1,0
185.14,9,1832,3,18.577931386120717,0,0,0
73.91,16,817,1,5.495855455295125,0,0,0
109.93,3,898,1,7.651980223714242,0,1,0
125.67,17,719,5,6.58506228041111,0,0,0
43.64,17,462,0,18.0346194316959,0,1,0
87.67,7,1741,1,2.6543830924892187,1,0,0
23.3,17,2934,4,14.0969220929711,0,0,0
12.58,17,131,3,13.887646575380844,0,0,0
99.07,14,2452,5,7.623881441798995,0,0,0
49.12,10,815,3,2.8219210891738102,0,1,0
543.96,5,143,13,804.8849066307539,1,1,1
43.21,12,1122,3,9.585973286309347,0,0,0
55.09,8,271,5,2.3576915458701446,0,1,0
26.85,17,2748,2,9.706405378635836,0,1,0
55.31,23,1585,4,0.8757182403822847,0,0,0
64.83,13,2146,2,10.157149021972181,0,1,0
58.21,12,469,3,10.640542938583025,0,0,0
90.63,16,2840,3,12.71488685375381,0,0,0
166.98,15,846,0,13.961405058629705,0,0,0
113.42,13,599,3,8.451352492634134,0,0,0
58.47,9,2382,4,0.3577848705970501,0,0,0
27.89,13,36,5,3.8226875694495845,0,0,0
60.11,19,2045,4,1.1457289929061942,0,0,0
60.97,8,1014,4,4.289219323332021,0,0,0
25.73,23,1356,3,14.732575367636755,0,0,0
11.63,13,2277,3,2.453037573256708,0,0,0
113.71,21,2956,2,10.007130159425287,0,1,0
118.3,17,2868,4,4.964903217245126,0,1,0
95.95,6,1399,1,4.439811031679858,0,1,0
43.54,17,1782,6,18.690659521132467,0,0,0
30.87,18,371,1,8.604816812169434,0,1,0
997.94,0,282,8,247.3378381173319,0,0,1
44.57,19,858,4,2.7022717597544035,0,0,0
40.76,19,1406,6,8.182933522962625,0,0,0
40.87,23,947,5,8.558733077142628,0,1,0
8.54,18,1075,4,4.751413367037738,0,1,0
91.83,11,2641,1,10.62350696943403,0,0,0
55.24,11,357,8,6.634760854015292,0,1,0
92.74,13,1664,7,12.096234638642995,0,1,0
37.5,10,850,3,8.128008414130443,1,0,0
16.84,18,2412,2,3.9060005865155105,0,0,0
15.53,18,2416,4,6.728299504634085,0,0,0
19.26,12,1696,3,33.014592779115915,0,1,0
103.38,13,256,3,8.412669703972139,0,0,0
97.69,20,2274,2,16.65983416379656,0,0,0
10.65,6,462,2,0.09930748556320612,0,0,0
89.02,15,111,1,16.10882044730755,0,1,0
137.82,19,452,1,2.156381178061806,0,1,0
217.48,14,2174,3,17.947372275703778,0,1,0
173.45,12,1190,4,1.199396473036423,0,1,0
145.56,15,1048,6,2.325019543304491,0,0,0
43.83,11,600,5,6.965303769119482,0,0,0
27.8,9,2395,4,5.502159951782417,0,1,0
88.59,13,1606,3,3.0954458742452706,0,0,0
277.17,3,2988,2,2.4914892038194063,0,1,0
47.47,12,1644,1,29.01612349099803,1,0,0
76.95,10,2707,3,7.229553590183546,0,0,0
98.09,16,1508,1,3.747259014031304,0,0,0
40.01,12,1061,1,5.373066757548665,0,1,0
162.95,14,2490,1,0.8412228729193503,1,0,0
101.12,12,705,2,6.52572803441423,0,1,0
42.84,14,2655,4,2.772462988181144,0,0,0
59.44,17,2468,1,0.39829898764571947,0,0,0
255.22,21,2807,3,9.767026687449505,0,0,0
135.95,8,1426,3,8.18549797844022,0,0,0
46.8,23,1155,3,2.4625017152906654,0,0,0
11.06,15,1732,2,6.155190482707562,0,0,0
148.5,12,2579,1,8.972668690564326,0,1,0
43.92,16,510,1,8.307502898697395,0,0,0
80.72,7,1030,1,10.52554658338866,0,0,0
28.61,16,128,4,8.2275207156328,0,0,0
17.9,15,158,7,14.234343151176493,0,0,0
103.14,11,898,2,2.5313216110128343,0,1,0
71.0,8,1356,1,5.784550631495992,0,0,0
33.14,18,83,4,2.080773906987247,0,1,0
135.66,13,330,5,1.0033791600353226,1,0,0
86.87,17,767,2,11.72831043654741,0,0,0
62.52,15,457,3,21.806054228305428,0,1,0
194.63,11,1535,5,0.9116640898075632,0,0,0
39.99,12,2620,3,0.34902927268327133,0,0,0
70.31,16,2084,2,1.8069163251788356,0,0,0
83.58,19,1182,1,3.7705259949559364,0,1,0
63.06,10,1709,5,16.634640432361223,0,0,0
88.84,6,684,7,4.163736181140303,0,1,0
46.11,17,2335,3,2.871465316731058,0,1,0
118.35,10,637,3,8.162873658632924,0,0,0
114.46,16,2524,0,5.31644124359635,0,0,0
92.87,20,2096,5,5.714354925071005,0,0,0
91.59,10,170,3,10.714311995954453,1,0,0
55.64,10,319,5,3.2623250948005147,0,1,0
250.86,13,2076,5,5.652422169893527,0,0,0
70.83,16,2493,3,17.535988955072817,0,0,0
34.81,15,1566,3,2.921215094277601,0,0,0
231.68,12,1947,5,11.257042495496021,0,0,0
78.94,17,1178,5,2.5044501615942933,0,1,0
186.75,13,185,1,4.879156148831692,0,0,0
74.13,22,1770,0,8.660078007121772,1,0,0
99.39,15,1514,2,11.872355852275895,0,0,0
258.47,15,344,2,0.3505209969569769,0,1,0
37.33,13,972,2,4.3745778501391435,0,1,0
26.16,14,610,4,8.160677836959948,0,0,0
53.29,11,948,2,6.339833872817442,0,1,0
25.78,12,1661,2,15.922965427086792,0,1,0
108.9,21,339,4,1.2011712905800578,0,0,0
7.78,11,1132,3,3.0115064616108658,0,1,0
69.12,20,2453,3,5.443391138855077,1,0,0
27.47,10,2891,1,6.727127181771514,0,1,0
59.94,12,2427,2,14.158499158063536,0,1,0
27.18,15,1312,3,1.9260080737575196,0,1,0
156.88,14,196,2,6.242633038110534,0,1,0
55.43,13,2155,6,3.157325587638997,0,1,0
283.7,13,737,1,1.7102353592493302,0,0,0
236.87,5,437,2,2.5906318090142912,0,0,0
342.52,4,343,11,98.13706317810147,1,1,1
137.51,12,1105,2,3.190125974823803,0,0,0
29.35,15,2203,5,4.983088369568871,0,0,0
110.43,11,1820,3,1.7937611535343132,0,0,0
110.46,12,1365,3,7.216422882807263,0,0,0
85.73,14,763,4,12.864998581494524,0,1,0
114.55,9,2752,2,1.577138080464605,0,0,0
36.47,14,1621,7,9.560535309567687,0,1,0
36.06,17,904,0,2.1235831419732984,0,0,0
175.75,11,2915,1,2.8069216143494646,0,0,0
84.54,17,947,7,9.203005684253284,0,0,0
55.54,10,2293,3,3.90289925442527,0,1,0
180.39,16,1663,0,3.710502640487892,0,0,0
19.55,17,1224,2,1.9873336827704828,0,1,0
18.68,11,1495,9,2.1611113938913324,0,1,0
37.83,4,2200,6,0.4480936853980255,0,0,0
222.15,2,2725,4,3.148933576783476,0,0,0
162.44,12,762,0,18.86648438346615,0,1,0
47.31,10,2383,3,2.4380423227296686,0,1,0
130.4,7,1683,1,1.7519641335667542,0,0,0
54.23,5,2316,3,9.623829944119583,0,1,0
17.17,15,495,1,10.831733958048703,0,1,0
21.85,14,179,4,13.419872257085778,1,0,0
29.53,10,259,4,5.167973356270698,0,1,0
29.61,7,75,2,17.47286755579627,0,0,0
182.65,14,2887,1,13.340539204669225,0,0,0
129.22,17,1318,2,17.6658600188983,0,1,0
34.29,15,2615,2,11.214595230560157,0,0,0
139.1,6,1733,2,7.478800043492917,0,0,0
114.19,11,918,6,11.295434961773967,0,1,0
286.95,17,1394,3,24.406685446661257,0,0,0
21.1,13,1426,3,3.3872113540746787,0,1,0
77.23,16,1981,4,3.6455462016956215,0,0,0
196.2,14,2004,1,9.497071616899323,0,0,0
148.89,17,2980,5,10.071111305510687,0,0,0
78.74,15,2767,3,5.419651681286579,0,1,0
22.93,9,1698,1,17.600913605266832,0,1,0
163.22,15,1362,3,13.220856900356232,0,1,0
96.49,9,1177,4,7.872590031319815,0,0,0
45.83,9,540,3,2.6440238605998516,0,1,0
76.35,14,393,2,13.32225238112341,0,1,0
104.73,18,1583,3,4.85671564566607,0,0,0
63.6,18,1666,2,2.469949590525702,0,1,0
75.31,5,520,1,1.4707772365592087,0,0,0
79.2,9,301,8,6.620545328252294,0,1,0
196.12,9,667,4,3.6159119968726583,0,1,0
45.06,14,1416,5,2.393579747713744,0,0,0
67.89,14,1677,4,0.7787156995549545,0,0,0
41.9,19,727,3,15.662052010469772,0,0,0
32.42,12,101,1,2.2167109465749544,0,1,0
209.46,11,299,3,3.907593241734996,0,0,0
37.72,8,47,2,9.060350055500464,0,0,0
22.97,16,514,4,14.130058651618668,0,0,0
113.93,15,2360,2,9.613858470558132,0,1,0
12.19,5,2713,6,8.065032647945518,0,0,0
61.72,12,1369,3,16.362897703042634,0,0,0
56.72,13,500,3,2.8080923147916756,1,0,0
72.06,8,744,4,12.031441325455493,0,0,0
78.33,15,2255,4,3.8900506801178256,0,0,0
81.14,10,2154,3,9.633549437991125,0,0,0
21.51,15,2854,2,3.2233840420969955,0,0,0
16.46,11,2283,4,7.169381486999237,0,0,0
31.84,17,843,2,8.361371403546595,0,0,0
31.78,17,277,6,1.8162629652417723,0,1,0
197.05,4,73,14,502.3380964402024,1,1,1
64.86,18,778,2,1.1658093802351015,0,0,0
43.57,13,2532,2,1.4040551792220421,0,0,0
20.72,10,2267,0,7.003009430605887,0,0,0
22.69,17,450,4,2.939315632452808,1,0,0
30.6,11,2432,0,4.950616107081025,0,0,0
21.37,14,185,8,11.098383498426097,0,1,0
174.61,17,2571,2,2.1869747734239215,0,0,0
29.14,18,2521,4,8.449542954063839,0,1,0
153.23,17,2710,0,11.555558381924211,0,1,0
86.32,18,2401,2,7.626343906468161,0,0,0
39.95,7,288,5,2.0837816308314094,0,1,0
113.68,17,2825,4,2.5103960122797853,0,0,0
57.4,17,1507,1,9.200882967328564,0,0,0
137.18,13,2643,4,13.407824825997515,0,0,0
9.57,13,771,2,5.548673401041514,0,0,0
666.0,1,349,6,412.10041849836784,1,1,1
125.4,11,1398,3,0.31557510495192265,0,1,0
18.53,20,2172,5,1.1756061040270547,1,0,0
4.86,16,1296,5,10.968126720224635,0,0,0
63.83,15,973,4,5.070241017383472,1,1,0
133.59,10,408,3,14.178512967590303,0,0,0
72.69,17,2665,1,6.0092218216241875,0,0,0
160.43,13,1173,4,6.309456811319368,0,0,0
19.6,18,2415,6,12.99161693262064,0,1,0
16.5,9,1267,7,0.3820340275033267,0,1,0
29.48,19,1044,3,21.01540832269473,0,1,0
85.01,9,1694,4,21.393176983137977,0,1,0
95.51,13,262,2,2.1177222393716253,0,0,0
42.85,15,1430,2,5.356509058820709,0,1,0
104.46,11,999,5,3.990309308723763,0,1,0
22.67,13,426,2,8.731498175140242,0,0,0
127.46,13,534,1,4.350080869589705,0,1,0
131.6,18,60,5,32.226597394102654,0,0,0
51.79,19,757,4,14.28296459040931,0,0,0
55.49,6,2077,4,11.989904963099246,0,1,0
43.19,19,2452,9,6.767331615838346,0,0,0
118.61,19,377,3,11.0218388872002,0,1,0
65.1,10,2896,0,4.48653296335843,0,0,0
60.36,15,590,5,12.65530220899595,0,0,0
26.11,8,2549,4,6.515961055288959,0,0,0
80.85,15,2247,4,13.397218479830695,0,1,0
39.67,13,93,4,12.903049605952072,0,0,0
186.04,11,491,1,9.543858918923442,0,0,0
42.97,10,1456,3,17.24178817695047,0,0,0
34.85,18,1320,6,7.345300937551287,0,0,0
42.39,21,594,2,17.74929167612784,0,1,0
67.7,14,1729,5,4.983275245982795,0,0,0
47.88,18,1716,1,13.105890307229986,1,1,0
72.01,11,994,1,2.826152727519121,0,0,0
97.03,10,2559,3,12.785740114597965,0,0,0
45.01,13,59,4,3.242222320293692,0,0,0
43.32,18,2408,5,1.6674573731445328,0,0,0
111.26,13,2363,1,0.8841741637842437,0,1,0
57.0,10,2539,4,5.359057360802538,0,0,0
11.69,9,2212,0,16.216497736910867,0,1,0
37.27,9,582,7,14.474580080494656,0,1,0
44.98,8,580,4,7.4018593089899225,0,0,0
97.03,17,2047,3,13.82438423005781,0,1,0
52.58,13,2305,0,9.096515727890242,0,0,0
98.93,10,144,1,2.59419808067472,0,0,0
51.29,13,2722,3,8.496391557395787,0,1,0
43.09,12,1965,1,9.178968555850657,0,1,0
65.81,7,453,2,18.206773571661337,0,1,0
44.99,17,642,0,12.275304600440545,0,0,0
54.57,12,2241,0,13.359306350298628,0,0,0
85.4,12,1354,4,13.045274253449508,0,0,0
38.94,8,2035,9,18.375044459192125,0,1,0
22.81,12,2293,1,2.69522579937241,0,1,0
46.18,14,934,3,10.3308724685943,0,0,0
105.39,16,888,6,7.659067971171906,0,1,0
55.71,5,749,3,11.428645997097782,0,1,0
58.75,19,1408,2,11.867906739736092,0,0,0
118.79,11,1696,3,14.49747149982954,1,0,0
62.66,20,2512,4,15.357757680451169,0,1,0
68.79,18,2211,3,13.714945693457485,0,1,0
46.59,14,1701,3,9.871709559183458,0,1,0
35.69,20,2937,2,5.934356125404844,0,1,0
17.83,11,874,2,1.984565975245261,0,0,0
48.69,13,1553,2,6.225765067661966,0,1,0
233.93,8,1033,1,6.122709219859047,0,0,0
13.38,11,2466,4,25.463560372721627,0,0,0
256.2,15,2697,2,2.910496776644487,1,1,0
43.62,10,2929,1,7.5650968094514734,0,0,0
11.76,14,1305,2,7.108253385553313,0,1,0
67.5,4,335,2,6.035505396354576,0,0,0
81.33,12,1099,4,9.926766865002199,0,0,0
23.13,17,50,2,11.91425969982944,0,1,0
109.55,16,2448,3,2.1455958375697595,0,1,0
57.74,13,341,0,7.0738929468896075,0,0,0
124.33,6,2134,2,12.546259767297656,0,1,0
28.41,19,63,7,1.535556783644334,0,1,0
151.34,13,1950,1,5.194107229358559,0,1,0
85.78,15,295,2,2.8082606087813664,0,1,0
24.08,6,2399,3,8.061910882892606,0,0,0
36.56,8,178,2,17.899955083277494,0,1,0
90.74,10,397,7,7.206007420358244,0,0,0
111.47,15,2753,5,5.257891586032274,0,1,0
34.24,12,2835,0,3.7708344728174215,0,1,0
55.02,16,1342,5,6.313506115213489,0,0,0
147.84,6,2246,4,1.3083713119764142,0,1,0
29.45,11,765,4,8.907908025994038,0,0,0
45.6,15,2066,5,15.70705672714618,0,0,0
144.71,5,195,2,3.297320051418846,0,0,0
111.61,13,1418,5,7.637911353096285,0,0,0
31.43,10,1852,2,8.724407437050933,0,1,0
134.66,16,1501,4,8.342149010390347,0,1,0
100.52,16,183,2,11.56381163546559,0,1,0
229.42,21,394,3,9.062810493419216,0,0,0
100.47,16,2167,2,0.12672194746824772,1,1,0
64.31,16,2226,3,6.561665352729623,0,0,0
223.65,13,1620,5,0.3181463608133468,0,1,0
57.03,22,2725,1,4.179598944458187,0,1,0
68.25,12,58,3,2.522804015487625,0,0,0
30.61,15,1372,2,1.3316626032195114,0,0,0
181.63,15,805,5,2.944273555864952,0,0,0
99.49,15,1337,4,1.6877340768579057,0,0,0
105.61,14,2738,2,0.7145672468329405,0,0,0
46.61,11,2575,4,5.9021325597224585,0,1,0
123.19,13,256,2,21.713897206179052,0,0,0
30.65,21,1973,2,5.06140468131751,0,0,0
71.66,11,1344,4,5.037262520915312,0,1,0
52.79,10,1716,1,8.164664523912775,0,0,0
109.2,12,130,2,9.286831574304864,0,1,0
7.09,15,2843,4,8.436365093594137,0,1,0
35.21,12,322,4,4.7717218471709035,0,0,0
14.49,15,2158,1,11.221583844736916,0,0,0
56.47,20,2425,2,7.9113966572968515,0,1,0
94.73,17,1081,6,3.9000445064132716,0,0,0
24.68,14,1456,5,6.640547636087576,0,0,0
141.57,22,2811,3,6.3523203163907755,0,0,0
30.75,18,292,3,3.8595493743495597,0,0,0
54.94,12,1143,6,7.235607348916213,0,1,0
39.56,17,2858,1,7.697548460759592,0,0,0
221.8,18,768,5,7.936750425199314,0,0,0
40.35,18,2366,2,8.454093374359978,0,0,0
237.92,12,576,2,0.05947418028054319,0,0,0
113.2,17,2740,5,2.804901995779564,0,0,0
13.34,19,2504,2,12.734918868694265,0,0,0
56.4,13,1786,1,16.796108846492253,0,1,0
82.32,15,2422,2,8.00642112094119,0,1,0
13.16,11,1425,1,5.55176731134631,0,0,0
11.09,18,1104,3,11.354659851138662,0,0,0
14.37,14,2251,3,14.383436407478653,0,0,0
113.46,14,608,3,18.27385440608078,0,1,0
25.88,12,2678,6,7.452899661286416,0,0,0
32.1,14,1044,2,5.009609056374568,0,0,0
80.07,11,1697,2,5.962831710898698,0,0,0
63.74,14,1845,5,1.7257170720881305,0,0,0
107.86,19,285,2,2.854577130451456,0,0,0
62.08,12,213,2,4.040141416314178,0,1,0
13.9,9,1341,3,6.245925455637157,0,1,0
55.9,15,272,4,4.376957975644712,0,0,0
81.53,11,2988,4,13.932517727703248,0,0,0
89.76,7,2324,6,0.00043552878827934904,0,0,0
85.22,6,2312,1,0.8426870204885901,0,0,0
242.59,8,2106,1,13.519139623976546,0,0,0
92.07,13,1626,4,8.870180961463863,0,1,0
83.27,7,1970,6,3.060202248999177,0,0,0
75.03,10,612,4,21.511478764868517,0,0,0
78.47,15,1955,3,5.115005929933699,0,1,0
81.65,12,202,6,3.2511294270157602,0,0,0
32.24,19,1303,6,4.93003023822132,0,0,0
36.43,13,212,4,2.393027847634558,0,0,0
184.97,14,750,0,10.24885158006694,0,0,0
51.14,15,2303,2,11.17335075469471,0,0,0
74.81,16,2800,1,6.434718489927386,0,1,0
58.08,15,1413,4,8.640916714213269,0,1,0
82.42,10,2689,4,3.2911215966393144,0,0,0
0.22,5,105,4,3.6295971388102046,0,1,0
105.84,16,2824,1,1.7954459069811666,0,0,0
21.12,14,318,2,4.026196551646254,0,0,0
28.2,10,1118,5,26.87439858745022,0,1,0
152.74,15,483,1,18.63631878996936,0,1,0
55.7,12,1863,5,0.6097702851866762,0,1,0
123.04,10,2959,4,12.183391093377814,0,1,0
18.78,11,1935,1,12.663807833765818,0,1,0
60.69,17,2856,6,21.55932074394833,0,1,0
8.72,12,1430,3,4.920763408445492,0,0,0
50.98,10,445,2,7.829490625683959,0,1,0
42.37,13,2184,6,4.007856861025842,0,0,0
50.73,19,1054,1,3.517824276986606,0,1,0
130.47,7,825,2,24.098375447882056,0,1,0
8.27,17,2660,4,0.4931486592306147,0,1,0
29.89,20,868,4,5.889295282797788,1,1,0
18.52,12,612,6,10.923051559055619,0,1,0
108.61,13,1679,2,7.165989120973586,0,1,0
203.07,11,1831,1,1.2272013519895255,0,1,0
101.07,20,1424,3,11.587521241571613,0,1,0
76.69,7,1635,3,3.7606984749638634,0,0,0
46.37,13,218,2,1.9095963623723415,0,0,0
163.58,8,521,4,4.972400175850288,1,1,0
60.4,19,1353,2,10.434639572643212,1,1,0
53.96,15,2677,2,16.81333825129511,0,0,0
106.86,15,2952,3,27.146722283449765,0,0,0
55.93,12,708,4,5.810763469541788,0,1,0
95.47,13,2600,3,12.310610358422913,0,1,0
66.65,14,1817,3,0.925331249540803,0,1,0
31.05,10,266,2,9.47588007655032,1,0,0
40.52,12,150,4,4.554193835902299,0,0,0
55.09,14,2332,2,12.004728877022519,0,0,0
72.39,9,1616,1,14.457121430113256,0,0,0
89.27,13,812,1,7.405371793760684,0,0,0
108.5,15,965,3,21.014574232954754,0,0,0
122.94,13,2234,3,5.813504445148527,1,0,0
63.16,11,366,5,4.779447205872758,0,1,0
10.6,10,1276,3,0.3172058992354678,0,0,0
41.52,15,2108,5,1.7875744231646378,0,1,0
158.74,17,832,2,1.8688027523517605,0,0,0
57.51,16,1759,3,7.234618789651446,0,1,0
132.5,11,2799,1,9.196336078869734,0,1,0
148.31,15,1309,5,2.6530073168534543,0,0,0
110.42,12,2784,2,1.4180409306069675,1,1,0
51.64,11,263,1,0.2714089628716536,0,1,0
54.68,13,2815,0,6.173578889177772,0,1,0
13.85,19,625,2,5.297845261954904,0,0,0
15.52,12,883,3,1.6737203341724554,0,1,0
107.96,13,2329,4,1.0164297094145356,0,0,0
40.91,16,867,3,16.701721018421793,0,0,0
63.34,15,1759,4,1.0096966026706609,0,1,0
58.86,16,2600,5,1.8814769002683884,0,0,0
43.97,18,2708,0,5.007109548527163,0,1,0
191.46,17,703,5,1.9458144665048573,0,1,0
76.58,11,1413,6,1.2414433046986324,0,0,0
23.38,15,1232,3,7.369406596416672,0,1,0
22.73,14,2940,1,0.4791180432334414,0,0,0
17.51,9,1463,6,12.21928355407337,0,1,0
102.16,12,954,5,2.3780984155052485,0,0,0
92.82,14,1869,3,5.659050331300109,0,0,0
92.38,11,711,3,4.404845350962449,0,0,0
65.19,12,543,1,21.188024919673143,0,1,0
28.21,12,710,2,1.2260205056665616,0,0,0
56.46,14,570,0,7.023589398156725,0,1,0
8.92,8,2608,1,0.776199479298362,0,1,0
5.0,11,197,4,3.4839593534384097,0,0,0
21.69,12,1499,6,1.6057521043210579,0,0,0
21.42,11,663,4,4.241604180776485,0,0,0
134.81,15,2443,3,0.9377193918838653,0,0,0
54.92,8,1863,2,3.6854457204747444,0,1,0
22.56,21,1785,6,1.375232539712373,0,1,0
172.75,10,314,1,4.548407603599235,0,0,0
110.84,17,1509,1,8.422821885170563,0,0,0
87.66,9,877,3,9.96484998793408,0,1,0
32.19,15,2281,1,0.2818111227175413,0,1,0
49.91,23,1382,6,6.989666276177821,0,0,0
160.98,11,2173,2,0.05191351912047093,0,0,0
82.28,8,1424,4,11.776444084950173,0,0,0
194.68,8,2621,6,1.5415166529526023,0,1,0
29.98,12,2091,0,7.96112508007692,0,1,0
57.04,10,2705,3,3.375886054304142,0,1,0
61.92,7,2827,7,12.139390349533334,0,0,0
25.43,11,1950,3,9.103413395503475,0,0,0
35.7,15,1964,3,4.91018891803529,0,0,0
50.75,16,631,4,1.626310780390213,0,0,0
142.86,18,2930,3,3.974218647126648,0,0,0
133.33,19,2355,3,15.66890819225272,0,1,0
94.44,15,2305,2,4.540441325630732,0,1,0
23.54,13,2474,4,8.839483363238863,0,0,0
26.19,12,685,3,4.3121865154032815,0,0,0
28.96,12,1354,3,3.053540252135349,0,0,0
35.82,13,2189,4,0.7609641209859257,1,0,0
58.4,11,1802,2,3.1787383724171816,0,0,0
108.09,15,322,4,19.98227532437534,0,1,0
91.14,21,2189,4,14.547152699666015,0,1,0
133.3,13,2348,3,4.512422139992113,0,1,0
85.15,19,2157,4,11.318216922235294,0,1,0
91.39,8,711,3,15.55241363192078,0,1,0
68.84,15,1394,0,11.75086001264862,0,1,0
94.01,18,2489,4,8.217410820101904,0,1,0
44.43,8,2288,4,0.4379799747079369,0,0,0
116.67,17,2169,3,10.938243474522823,0,0,0
14.12,18,73,4,7.605804312862459,0,0,0
133.4,12,342,4,3.994731078490688,0,0,0
98.29,17,904,3,8.350060562931827,0,0,0
70.47,22,2345,7,4.721235478363498,0,1,0
73.77,11,1741,1,8.329200346769394,0,1,0
316.73,15,2740,1,12.215679340381595,0,0,0
76.3,18,1879,1,10.940345519112526,0,1,0
130.17,17,287,2,14.40136297285688,0,0,0
117.08,16,2519,5,2.807279326407912,0,0,0
72.33,5,2778,1,11.86057705192994,0,0,0
180.47,13,1403,2,6.479771054612818,0,0,0
68.65,15,1907,1,1.833329145102189,0,0,0
104.02,6,2311,2,14.194526909569483,0,0,0
36.65,20,2783,4,5.741171144542058,0,0,0
71.66,17,2163,4,5.424509850485576,0,1,0
102.1,19,310,1,12.478637380333675,0,0,0
65.83,14,2326,2,17.848052178096765,0,1,0
55.16,19,219,4,5.51047317034719,0,0,0
39.3,8,2273,5,8.171210210544244,0,1,0
60.38,18,679,0,7.427872971239394,0,1,0
89.4,8,643,6,7.088163653393707,0,0,0
84.58,12,1401,2,7.596986114052434,0,0,0
46.21,12,1480,8,5.951784858422743,0,1,0
48.14,9,842,3,2.2636594510591554,0,1,0
43.99,21,953,2,2.7957369990738843,0,1,0
19.37,11,1662,5,9.643864579725363,0,0,0
245.9,15,1868,2,2.47048391132563,0,0,0
120.58,14,2766,6,12.744435510126923,0,0,0
6.85,12,2114,2,6.315878260609915,0,0,0
67.96,10,978,3,18.704515148189206,0,0,0
143.6,17,698,2,11.673173805143255,0,1,0
83.93,9,476,3,9.292977205194443,0,1,0
123.4,12,1431,5,1.0277740750768594,0,0,0
40.07,8,2438,4,6.548194416372722,0,1,0
18.06,16,2200,3,2.170845120697145,0,0,0
35.4,11,2490,3,7.354948656539378,0,0,0
61.1,10,1940,2,18.834526304219324,0,1,0
35.85,11,237,3,8.063576171296269,0,1,0
163.29,12,2642,1,3.7683217862011897,0,1,0
26.09,18,1570,2,2.04389769082334,0,0,0
62.56,16,2259,1,2.8386024971035084,0,1,0
121.94,9,1588,5,16.166101175111145,0,1,0
64.31,8,2473,3,18.387643159567574,0,0,0
39.42,11,2607,1,18.167424406366017,0,1,0
200.51,13,2226,2,14.622450412093208,0,0,0
73.2,11,2213,3,18.559164013499412,0,0,0
51.88,10,495,1,21.661749828290638,0,0,0
113.61,17,1489,3,3.597113228735651,0,1,0
89.83,17,2963,2,2.2144025636728433,0,0,0
29.57,12,2353,2,5.301052003293397,0,1,0
50.23,13,338,3,0.9011037801087243,0,0,0
104.42,13,1534,4,1.6236262398805823,0,0,0
108.25,15,849,4,12.203754515808779,0,1,0
36.48,12,2383,4,2.908139586161946,0,0,0
36.51,21,2909,4,5.191353207787849,0,0,0
23.26,11,2676,4,7.030138434540955,0,0,0
26.63,15,824,3,7.66895979576471,0,1,0
129.97,19,2384,3,0.6419713314380777,0,1,0
53.0,3,2954,1,4.772415247775413,0,1,0
170.42,15,1761,3,4.970376525353572,0,0,0
223.65,12,2761,4,0.43994827897709854,0,1,0
58.64,13,1543,2,13.332474387846428,0,1,0
63.84,10,661,2,11.256534271880193,0,1,0
87.46,13,2301,7,5.308099491771621,0,0,0
141.05,3,442,2,13.4740159507233,0,0,0
102.06,9,1643,4,14.19295701468202,0,1,0
168.51,17,2991,3,0.058878189310046736,0,0,0
151.0,12,1732,2,14.505632655049265,0,0,0
189.45,0,290,8,295.7433021805287,1,1,1
57.67,12,503,7,18.58299080965579,0,0,0
61.1,15,2277,0,3.904544499560374,0,1,0
188.52,21,1549,5,10.419271063209099,0,0,0
52.23,14,126,5,3.0634333906693225,0,1,0
45.46,6,2120,5,16.722526515389212,0,0,0
85.14,16,994,1,1.0309994311567587,0,1,0
35.6,7,421,4,3.1117947113620126,0,1,0
184.01,13,2536,3,13.524264716385657,0,1,0
43.12,11,1961,4,8.069561101632042,0,0,0
40.32,11,2773,5,8.365639200318215,0,0,0
37.99,8,116,1,7.121434368582307,0,0,0
52.67,21,548,2,3.2893974322989212,0,0,0
90.07,14,2402,4,5.8815835574627755,1,0,0
91.96,11,2933,2,2.271307205683003,0,0,0
93.63,19,1011,3,10.568046503861488,0,0,0
13.27,17,133,4,7.347487408052108,0,1,0
141.56,16,2046,3,3.559597336556227,0,0,0
83.98,15,997,2,5.734890342416506,0,1,0
116.74,4,2589,3,10.147513375146165,0,1,0
15.45,19,1666,3,3.748798264890887,0,0,0
91.06,7,903,4,16.413286916162498,0,0,0
104.09,7,33,3,10.291263548468141,0,1,0
35.13,12,1637,1,14.39982169721396,0,1,0
55.27,12,2097,4,1.6241422668260532,0,0,0
49.69,14,222,4,2.233494826350257,0,0,0
62.31,14,1847,3,9.510236564345856,0,0,0
206.76,14,986,2,4.8584112973737,0,0,0
89.11,15,2163,5,6.2566950516391175,0,1,0
32.92,17,2454,5,4.3201349310001,0,0,0
36.94,15,2416,3,9.423149877627338,0,0,0
98.82,14,727,2,9.456677009709827,0,1,0
29.67,20,2292,3,0.7862999287941781,0,1,0
115.74,18,2056,6,9.206387272626756,0,0,0
32.4,11,166,6,4.128610681405146,0,0,0
101.44,17,2226,4,5.03269477571654,0,0,0
14.17,5,1607,6,0.0006247277219140202,0,0,0
195.83,13,228,1,4.6360530946441285,0,1,0
52.24,12,1698,3,8.593369824504038,0,1,0
39.35,12,1729,2,10.312926119662626,0,0,0
13.31,19,2383,5,3.0748071708125915,0,1,0
56.12,19,322,2,9.775500996504718,0,1,0
83.91,13,715,1,8.967042348964398,0,1,0
71.48,11,1195,1,0.0207059619401031,0,1,0
40.93,13,2122,4,10.585735278776431,1,0,0
37.19,12,2048,2,2.7824585401302286,0,0,0
16.05,16,2591,5,0.8432637107978751,0,0,0
330.85,0,118,7,65.05483442747664,1,1,1
46.02,11,1158,6,6.853021512887895,0,1,0
35.8,10,707,1,2.856044016625731,0,0,0
55.16,16,2357,5,9.968521207421515,0,0,0
32.19,16,554,1,13.571265052072345,0,0,0
129.82,22,2135,5,0.4690741710431521,0,0,0
116.38,11,2025,3,7.963069210149234,0,1,0
55.15,12,1866,1,3.6392933125138365,0,0,0
66.51,15,785,1,6.076921495878396,0,0,0
55.52,9,1474,2,5.6904481153908,0,0,0
89.91,15,1836,3,0.6862380787955997,1,0,0
59.8,14,95,5,3.6006134783083468,0,0,0
125.37,7,604,1,9.499192497270922,0,1,0
41.04,17,1832,2,13.885195892670943,0,0,0
157.47,18,377,3,7.394223401308613,0,0,0
20.04,13,1369,1,7.460729445140197,0,0,0
44.87,11,512,5,9.886901395767431,0,0,0
42.52,12,903,3,2.3848975785335647,0,1,0
32.43,15,1830,2,5.433249643292489,0,1,0
98.68,14,1448,3,5.137555278896821,0,0,0
12.39,13,951,3,7.3575576789025074,0,0,0
66.97,14,1029,3,13.718232867017786,0,0,0
219.72,6,674,3,23.099522353154406,0,1,0
21.2,9,874,2,17.909130822530628,0,1,0
219.09,17,2970,4,0.30528061373254545,0,0,0
86.4,13,2850,6,10.50412373089868,0,0,0
34.85,16,1419,3,9.156871051245702,0,0,0
41.2,15,1494,2,5.668231890091549,0,0,0
55.36,21,1797,3,2.7673990042361902,0,0,0
81.56,14,2391,4,3.5825048692765717,0,1,0
48.32,20,1554,4,23.887687891088536,0,0,0
51.82,5,191,2,4.504785974759089,0,1,0
29.34,19,1392,2,0.9738834136643826,0,0,0
50.23,20,488,1,0.4612208766154682,0,0,0
30.19,19,517,7,2.947103582098236,0,0,0
34.46,13,2915,5,2.901191905913188,0,1,0
20.1,19,376,4,0.4325984189705352,1,0,0
100.97,11,266,1,4.272100201248016,0,1,0
43.02,8,1800,2,0.1031409728446695,0,0,0
250.92,9,1247,3,9.147369025871,0,0,0
26.47,16,926,3,5.972295238008515,0,0,0
98.82,11,191,6,8.689047333529123,0,0,0
61.8,12,174,6,9.361052975723505,0,0,0
117.68,14,1206,6,9.111389974785821,0,1,0
98.18,15,1084,2,6.870465566941136,0,1,0
159.18,13,483,5,12.110561349270068,0,0,0
20.38,8,1825,3,10.748330464284287,0,0,0
5.08,13,1969,2,8.233320347322909,0,0,0
93.14,17,2650,2,12.553458968100127,0,0,0
23.94,16,2520,0,0.19160450405481555,0,0,0
31.74,11,1073,2,1.8572764131815944,0,0,0
79.68,23,2056,7,2.687380669681486,0,0,0
60.11,15,536,6,10.956864800049516,0,1,0
58.66,15,984,6,2.4687748035641874,0,0,0
172.24,14,1727,3,0.08032643335117662,0,0,0
66.32,8,2115,2,5.446594090763358,0,0,0
107.53,15,2306,6,0.9462110204398098,0,0,0
158.63,11,1799,5,6.188193009875119,0,0,0
19.05,13,1887,3,11.918858073998901,0,1,0
54.48,20,1666,1,14.359751564646196,0,1,0
176.37,19,770,1,5.449565849166901,0,0,0
45.88,19,517,1,23.61853671811862,1,1,0
83.83,10,873,0,4.048730992175061,0,0,0
84.81,20,2338,1,10.974080586162149,0,1,0
192.63,18,1195,3,14.291583409995482,0,1,0
52.55,13,496,2,5.159559388685691,0,0,0
56.82,13,903,1,1.656080957819066,0,1,0
34.79,22,1938,1,4.162417955408178,0,1,0
114.6,15,101,2,6.403027068819863,0,0,0
39.11,17,1312,2,7.846766883679441,0,0,0
30.86,14,2790,2,2.1325385047478296,0,1,0
105.21,13,606,2,11.700742590652386,0,0,0
79.49,10,1992,3,8.150410850312035,0,1,0
183.89,7,1280,3,11.89187942129465,0,1,0
45.94,16,1021,8,23.289413575442634,0,1,0
10.5,15,141,2,4.675384777979396,1,1,0
100.2,15,2943,2,1.8130446731086551,0,1,0
58.94,21,1860,3,12.739245021729634,0,1,0
96.51,13,2092,3,9.141001613931467,0,0,0
35.79,15,1945,2,11.70819825066437,0,1,0
102.44,12,364,4,13.254544634720318,0,0,0
100.76,18,1101,3,16.404277739576333,0,0,0
48.34,13,2930,3,6.201929476048877,0,1,0
92.04,17,2214,1,0.5551924982347431,0,1,0
109.23,16,1240,1,1.256367964889833,0,0,0
108.24,18,1698,1,5.625775746094158,0,1,0
60.56,14,1329,5,2.4229822308125843,0,1,0
95.95,15,1418,4,13.606790806332262,0,0,0
96.43,6,641,5,2.2673068035254618,0,0,0
27.1,16,1671,2,8.907236009061874,0,0,0
39.95,15,468,2,17.08951740235424,0,1,0
104.5,19,259,1,6.269238713534968,0,0,0
46.22,13,2201,4,0.09802675272020256,0,0,0
78.43,12,772,3,8.169084139630229,0,1,0
126.87,12,2264,5,7.01085902549897,0,1,0
120.66,8,234,4,1.7415171381294146,0,0,0
20.95,12,1668,0,2.384279743849933,1,0,0
157.94,14,2325,2,6.296950366734569,0,0,0
66.47,9,471,2,2.735791651251609,0,1,0
253.22,16,553,5,6.413536812134781,0,1,0
94.96,15,2100,3,4.908318990612243,0,1,0
88.98,3,1824,3,6.70151282602735,0,1,0
15.05,13,677,1,6.336370848752445,0,1,0
45.43,12,2779,1,1.9654324478968528,0,1,0
93.04,18,2356,5,3.100996231652148,0,1,0
74.03,17,673,3,2.894222287952768,0,1,0
54.96,18,1472,2,13.542162680931748,0,0,0
221.45,10,1741,2,4.981703992786188,0,0,0
90.98,12,1109,3,5.237375174753174,0,0,0
56.56,7,2792,2,5.9784371621468395,0,0,0
167.06,11,2874,2,16.500633625116798,0,1,0
244.5,14,2205,1,3.9070048488835925,0,0,0
10.44,12,1998,2,0.15317184391725025,0,0,0
13.99,8,2653,3,2.0575424102794244,0,0,0
61.05,14,1458,1,6.587370674484655,0,0,0
147.75,8,1800,8,0.10004638892360074,0,0,0
48.56,14,1865,4,12.830937222800658,0,0,0
160.46,15,463,5,11.630827669999672,0,0,0
48.34,8,551,3,1.678592812047262,0,0,0
66.54,16,1323,3,2.688878438055125,0,0,0
57.6,20,2227,4,5.238566381718288,0,1,0
189.82,13,2389,3,5.6259820801669065,0,0,0
148.73,4,2,6,406.4203504366305,0,0,1
61.48,15,1204,3,24.193306503296423,0,1,0
223.55,17,1759,4,3.3621345423924915,1,0,0
121.31,14,127,1,18.597698311991532,0,0,0
101.28,17,2647,2,5.916339316950362,0,0,0
90.92,12,2409,2,20.38060541095807,0,0,0
82.39,12,36,5,5.463683007328543,0,1,0
52.68,16,1687,1,6.3686675151173535,0,0,0
77.18,18,43,4,1.4978075947564626,0,0,0
133.56,17,2914,3,0.7562344994219234,0,0,0
24.57,18,1256,4,4.229118742444712,0,1,0
224.62,10,764,9,16.775628489368042,0,1,0
39.7,14,2887,6,11.220993989759414,0,0,0
188.68,14,867,2,14.84909316643981,0,1,0
93.52,14,2059,3,0.5683896791045804,0,0,0
104.59,9,1704,4,9.226300722491516,0,0,0
87.92,23,2709,4,1.581504822329605,0,1,0
41.99,19,824,3,10.542371203788882,0,0,0
26.55,17,459,5,4.556775848265221,0,1,0
24.39,10,2191,4,8.550342339947807,0,0,0
66.29,7,915,0,22.277532000657,0,1,0
53.75,19,685,5,4.241630430179699,0,0,0
200.95,15,1809,2,11.050513402364597,0,0,0
28.89,9,1988,5,1.25173491877674,0,1,0
8.94,12,1416,3,19.9266487267776,0,0,0
57.81,8,962,1,7.026623295589813,0,0,0
94.34,10,1237,3,11.987592700004775,0,0,0
77.65,14,144,2,14.48251455136779,0,0,0
213.14,14,1850,3,3.97165410082669,0,1,0
31.59,13,1470,3,14.369227782704844,0,0,0
41.28,14,2246,5,16.495279327141162,1,0,0
112.98,17,286,5,12.3835732269659,0,1,0
16.47,19,719,1,10.50584963352632,0,0,0
338.83,12,109,3,8.660184512053384,0,0,0
254.31,5,1741,3,13.56896871650075,1,0,0
54.58,15,2902,2,1.8913213682540686,0,1,0
88.57,15,1256,2,5.56650655445911,0,0,0
7.77,12,756,6,2.5429975337599573,0,1,0
88.59,15,1180,3,24.531155659406625,0,0,0
63.96,18,2828,1,11.741769274082039,0,0,0
70.69,8,906,1,6.562799626463084,0,0,0
18.89,12,485,4,6.093658499049294,0,0,0
102.18,18,1747,2,6.880764918450249,0,0,0
36.74,16,1129,1,9.703454666406854,0,0,0
16.97,8,2247,3,8.358492336416111,0,0,0
67.64,10,2428,0,13.042126054874494,0,0,0
24.81,9,2297,2,10.624054373366,0,0,0
63.0,12,1816,1,13.235727656166492,0,0,0
76.41,14,1915,6,3.97609093519641,0,1,0
137.6,13,383,2,6.531798313787447,0,0,0
49.06,16,2344,5,7.409013251600857,0,1,0
181.89,8,2360,2,2.710910722362503,0,1,0
7.91,10,2988,2,3.21260660321283,0,0,0
499.45,0,297,13,589.9957245439454,1,1,1
285.82,14,274,0,7.505911877389115,0,0,0
266.62,13,2896,1,3.1390295808808375,0,0,0
81.05,9,2439,6,7.423561602738877,0,0,0
77.62,8,1181,0,0.11559268317812688,0,0,0
119.27,13,2832,5,9.407062210317328,0,0,0
147.28,15,1960,3,0.7240319332986873,0,0,0
85.63,13,1799,0,8.23274908307301,0,0,0
47.38,16,2341,7,8.570630002742993,0,1,0
204.77,10,2805,2,14.422397204342715,0,0,0
74.3,12,2609,4,8.516778657959074,0,1,0
70.41,19,679,2,12.02799008411677,0,0,0
8.6,13,2509,3,7.572205690734551,0,0,0
37.76,11,2743,4,5.524413487044798,1,0,0
35.91,12,1764,6,16.34824250893419,1,0,0
5.75,13,1698,4,1.3763076537263355,0,0,0
77.63,12,2117,0,10.167680535460905,0,1,0
57.37,15,2106,7,3.482496142299184,0,0,0
52.26,10,543,3,1.7116488896149349,0,0,0
23.19,11,1321,2,3.70108050212637,0,0,0
36.75,19,551,4,2.500083873946015,0,1,0
109.78,12,2539,4,5.252366846003129,0,0,0
78.66,18,410,2,8.463923354919832,1,1,0
72.05,9,1368,4,5.851496138167693,0,0,0
84.84,16,2569,5,11.268864096236696,1,0,0
52.67,13,1413,4,1.2766774971550507,0,0,0
33.21,19,774,3,6.464143553546972,1,0,0
29.15,14,892,2,2.7961604727141234,0,0,0
75.67,8,1238,4,12.248869469822852,1,1,0
258.72,15,710,3,7.60466361794529,0,0,0
76.45,15,1439,5,2.6333777951048027,0,0,0
101.09,11,1593,4,7.621690749897503,0,0,0
24.56,16,1448,5,3.632873316439415,0,1,0
76.77,11,1876,0,13.60952175312104,0,0,0
63.65,9,392,0,7.743295704202366,0,0,0
105.13,11,710,2,11.680916080666961,0,1,0
32.7,18,2447,2,0.0032457820898743606,0,1,0
384.09,1,75,12,634.3435406693036,0,0,1
98.34,17,2396,3,4.158845063830837,0,1,0
17.19,12,1422,3,7.417979796384034,0,0,0
69.72,15,2920,6,6.298711727398519,0,1,0
74.27,7,1809,1,8.69740385191522,0,1,0
89.83,16,2440,3,6.8499545272196105,0,0,0
24.15,15,893,2,9.900704316390264,0,0,0
44.66,15,889,4,8.052940539285526,0,0,0
114.08,4,35,5,10.318270985490933,0,0,0
150.1,17,973,7,5.425816607512527,0,1,0
129.5,20,1973,2,8.318542030348494,0,1,0
100.07,16,701,3,2.817538626732722,0,1,0
10.89,16,1864,8,10.698496031479038,0,1,0
17.09,22,1347,7,5.220258083027414,0,0,0
162.57,10,2068,2,3.7798056319383053,0,0,0
55.73,8,2792,1,18.67470904140063,0,0,0
45.26,8,94,0,3.649603640978892,0,1,0
31.5,20,1896,2,2.7582187630270694,0,0,0
39.53,17,480,1,6.451876886721422,0,0,0
55.95,11,2681,6,3.6613943015494144,0,0,0
53.08,14,710,1,8.592886619184249,0,0,0
43.35,11,826,3,4.4594308026634435,0,0,0
68.2,17,2999,2,12.041391951707922,0,1,0
28.77,7,2387,4,1.9477387633837524,0,0,0
213.02,11,261,0,0.3801811812746685,0,1,0
68.2,20,466,5,1.790166788488647,0,0,0
88.68,12,1529,7,22.06439306204983,0,0,0
25.17,19,2528,1,3.260889114878527,0,0,0
179.53,15,1728,4,13.162799835766435,0,0,0
56.28,14,2244,3,8.626539018354972,0,0,0
108.87,14,760,4,9.357190391115047,0,0,0
47.04,7,790,4,8.828663554548486,0,1,0
79.51,15,787,2,4.301901083395091,0,1,0
108.85,15,2217,5,13.629316957701036,0,0,0
241.37,17,2263,0,10.368005547567417,0,0,0
162.78,19,412,2,7.749349009860186,0,0,0
63.38,16,1501,3,10.632778018962421,0,1,0
133.03,14,2581,5,11.039171625204029,0,0,0
70.95,16,2308,2,3.1799321121534625,0,0,0
59.41,6,1464,5,1.8800166314072735,0,0,0
94.37,8,2862,4,12.813247990221114,0,0,0
14.55,16,2910,2,3.8545041775383244,0,1,0
40.52,11,734,3,5.394376468041592,0,0,0
64.1,16,2211,4,19.519421653957743,0,0,0
4.28,21,1932,1,2.3776841706070844,1,1,0
33.18,15,1814,2,5.8808026468396575,0,1,0
129.41,21,1048,3,0.6541250235617992,0,1,0
129.0,13,2124,3,8.881495397651815,1,1,0
100.32,12,1129,3,1.9116234615040528,0,1,0
27.76,13,2812,1,3.141360638842656,0,0,0
110.25,16,873,3,2.628009641054719,0,0,0
58.03,12,969,5,4.6720238616576575,1,1,0
114.2,12,2221,1,2.7156014986310852,0,0,0
36.32,18,32,3,9.999935685273757,0,1,0
109.97,13,2668,4,7.699095827493149,0,0,0
51.42,7,125,6,14.54741287539221,0,0,0
50.39,8,1871,2,0.609339104352137,0,0,0
140.12,17,1462,4,6.1086301500469755,0,0,0
46.19,12,2347,4,9.249766054187482,0,0,0
74.48,11,2803,1,1.0216387432849032,0,0,0
35.08,21,2664,1,12.480636488068983,0,0,0
68.2,9,1071,3,6.658636644613383,0,0,0
145.18,17,1431,3,11.09670736183632,0,0,0
19.76,14,2282,2,10.85023513758749,0,0,0
51.03,14,176,1,7.52212592482193,0,1,0
189.39,11,1890,3,9.202199173696751,0,0,0
163.4,10,1767,3,2.005316881352033,0,0,0
76.37,19,285,1,8.693122779526492,0,0,0
164.38,11,2993,8,8.66791296795019,0,0,0
51.17,22,712,2,14.050735719434417,0,1,0
28.67,17,2090,2,14.582559403172151,0,1,0
10.54,8,2484,0,7.596630449613842,0,0,0
48.41,14,2757,3,2.5273074058984344,0,1,0
43.04,11,486,2,4.885489109685533,0,1,0
69.71,11,2174,3,8.24752658529994,0,1,0
31.54,12,684,4,11.462135452672406,0,1,0
192.22,10,697,4,0.4948791880950214,0,0,0
29.81,15,2905,3,4.578536338305764,0,0,0
152.26,15,2153,5,12.634920981242363,0,1,0
63.96,17,1912,5,4.71393393241544,0,1,0
532.15,4,330,11,600.0383956791184,0,1,1
95.11,10,2898,3,2.9860024494332413,0,0,0
22.96,17,132,7,5.653891877231434,0,0,0
34.78,14,2388,4,4.778904096241746,0,0,0
155.28,16,1746,7,9.743356508219033,0,0,0
137.42,19,2304,2,7.937340865466846,0,0,0
33.42,11,2559,3,2.5001668168512294,0,0,0
78.47,18,1023,5,4.632078528664241,0,0,0
68.48,14,2061,6,3.853148083127348,0,1,0
44.91,9,2744,3,18.97309345493464,0,0,0
99.63,20,2614,3,0.4711753792893161,0,0,0
107.66,20,1837,1,6.279157243659155,0,1,0
65.54,17,1621,3,6.924560278601169,0,0,0
34.75,6,698,5,6.583782773165004,0,0,0
143.88,17,1573,1,1.326230678127744,0,0,0
19.88,16,2956,1,16.343601050962803,0,1,0
22.37,18,1893,3,13.748567618082511,0,1,0
58.23,20,285,3,18.308871925424434,0,0,0
192.64,7,2196,2,8.824181512242147,0,1,0
26.5,13,1020,1,6.128106666981999,0,0,0
60.47,5,1,10,709.4817690563511,1,1,1
38.43,5,1246,3,13.748855887683415,0,0,0
82.32,7,1454,2,0.5215055725677438,0,1,0
311.48,15,1283,3,8.471211795648621,0,1,0
151.47,12,638,2,10.662991155493144,0,1,0
109.29,7,472,2,3.209444928366956,0,1,0
211.54,17,2103,3,16.841156561606475,0,0,0
15.01,14,2660,5,4.806768576326739,0,0,0
20.77,13,463,3,9.009777372829197,0,1,0
53.49,12,481,3,2.161491232952174,0,1,0
82.58,14,1244,1,0.07824737291300021,0,1,0
67.72,13,366,5,6.935287021244546,0,1,0
184.26,14,2811,0,12.187367415760907,0,1,0
100.56,12,2649,3,4.70482784273152,0,0,0
145.44,11,1672,4,4.432962012391579,0,1,0
35.65,10,1737,5,8.104494739766581,0,1,0
63.14,12,992,3,12.575751796029952,0,1,0
32.78,11,2041,3,0.2799133683309609,0,0,0
8.3,17,132,3,12.767486490111924,0,0,0
55.13,9,2948,1,5.9210782128574095,0,1,0
15.99,11,1054,7,36.086995511648354,0,0,0
94.27,18,1444,5,1.4555185924445446,0,1,0
77.18,15,1804,3,4.465415669985445,0,1,0
10.0,10,762,0,2.147343723042024,0,1,0
31.52,11,2186,2,7.886688498905604,0,0,0
72.77,15,2755,1,7.741131535853728,0,0,0
22.38,12,2870,6,2.223995667604842,0,0,0
735.95,1,202,17,818.0628617352859,1,1,1
31.11,11,856,0,2.4762651727623286,0,0,0
109.35,11,1348,3,21.98467140537144,1,0,0
51.19,12,1554,0,2.9201938845720425,0,1,0
74.55,17,2371,5,2.3038409815993566,0,1,0
69.33,14,386,3,5.729849787014737,0,0,0
22.91,15,625,2,3.0947313202877904,0,1,0
43.49,13,2615,1,10.224638361753373,0,0,0
79.26,19,2105,5,0.3567029262073449,0,0,0
54.25,18,942,5,14.337253059007745,0,0,0
10.21,16,608,1,4.100965169525217,0,1,0
109.28,10,2348,3,1.9436607002440933,0,0,0
54.68,6,1352,3,7.938064412126614,0,0,0
23.87,22,2595,2,7.029430356371131,0,1,0
51.18,18,376,3,5.534341143646188,0,0,0
186.79,16,1429,3,7.927044201710041,0,0,0
54.88,17,520,3,9.807818829892854,0,1,0
177.42,10,2971,3,0.7934073261416117,0,1,0
19.54,15,2737,1,10.135909242660013,0,1,0
139.21,15,525,1,1.7408131863037655,0,0,0
20.74,19,757,2,9.06431881654984,0,0,0
238.74,22,2474,2,7.916537138208591,0,1,0
68.37,15,2428,2,0.0193615212826046,0,1,0
17.52,0,2747,5,0.07925910160318317,0,0,0
100.77,13,1189,2,7.6121062007898,0,0,0
19.79,8,176,1,5.710278287850537,1,0,0
80.83,16,365,4,7.491390024463543,0,0,0
68.01,11,1479,9,12.511686107523179,0,1,0
76.5,12,2165,6,5.990259215979078,0,0,0
64.13,17,1544,1,9.302599125099023,0,0,0
31.22,13,2792,3,2.3539189091214023,0,0,0
33.97,11,472,2,15.140961658285617,0,0,0
160.95,16,2860,8,9.522235581577842,0,1,0
83.97,19,2386,1,4.81116132187668,0,0,0
49.49,17,323,3,11.505153696240582,0,0,0
62.25,12,661,3,3.6944639150552163,0,0,0
67.36,18,1668,1,14.882256653024431,0,0,0
14.76,13,704,5,7.271807623263236,0,0,0
148.72,23,2302,1,10.811844401136733,0,0,0
262.22,13,1781,0,1.3499499786585099,0,1,0
41.21,9,648,2,11.236990669449494,1,1,0
69.98,11,1939,3,11.36186507200406,0,1,0
86.11,10,35,2,6.420063556685394,0,0,0
40.63,13,560,2,0.804461657903941,0,0,0
63.74,11,2429,4,18.17877588980695,0,0,0
9.45,18,1049,3,7.850704336908587,0,1,0
203.48,8,1822,2,13.639633741823003,0,0,0
177.51,19,1359,1,9.515094436241682,0,0,0
49.65,18,529,7,4.953226178874678,0,0,0
194.82,14,2740,5,2.0971644423542344,0,0,0
79.6,16,978,1,5.55310936114089,1,1,0
21.84,14,869,2,16.281973077920025,0,0,0
38.1,15,2784,6,1.472931469671808,0,0,0
45.04,8,76,3,3.5860697041407086,1,1,0
9.69,18,2659,4,8.658738426330498,0,1,0
31.83,8,1639,1,8.752015352545717,0,0,0
30.94,10,668,3,17.202209343333998,0,1,0
19.98,12,1021,1,14.347315179126111,0,1,0
143.85,18,527,5,3.8063086684494047,1,1,0
120.9,14,2734,1,10.873515220318348,0,1,0
24.77,9,937,0,0.023442470523949765,0,0,0
16.71,13,612,6,9.254151430726322,0,0,0
210.94,11,1280,4,1.5165366882813691,0,0,0
89.7,11,1045,0,7.149692934557252,0,1,0
109.06,10,839,4,3.2136710280567655,0,0,0
74.1,18,1426,6,0.65018219684187,0,0,0
7.9,18,1987,3,19.414283758919638,0,1,0
12.68,7,1580,4,4.982876447186612,0,1,0
21.97,18,709,3,17.058330314146176,0,0,0
107.91,11,2752,3,3.4797562089674714,1,1,0
93.76,17,900,4,4.160363678047916,0,1,0
189.78,7,2407,2,25.122118121723634,0,0,0
15.81,13,1593,2,2.1878454931091955,0,0,0
160.49,10,1803,2,2.946798675669318,0,0,0
46.75,15,1294,2,11.250830482832676,0,0,0
49.75,11,2523,4,2.662342335127499,0,0,0
148.98,13,2388,5,7.526533267192418,0,0,0
72.48,13,2135,3,2.022026813841549,0,0,0
44.17,13,1666,4,13.497861910499127,0,0,0
95.11,15,2454,3,6.5887574177445005,0,0,0
99.13,10,1542,8,1.8268278684307884,0,1,0
104.24,5,1761,4,9.739700793792208,0,1,0
62.35,14,90,5,8.540053093794052,0,1,0
60.01,17,89,7,9.086448668581113,0,0,0
30.65,13,2471,4,7.352683744792623,0,0,0
16.45,11,2893,4,0.16421910535425166,0,0,0
38.32,12,88,1,5.028256922116718,0,1,0
143.55,14,1241,1,10.027804746657674,0,0,0
42.32,18,2207,4,12.12654034884001,0,0,0
67.02,6,1151,3,11.272284501562588,0,1,0
62.69,17,2643,3,5.600783743285538,0,1,0
95.52,4,1898,2,6.879529481496709,0,1,0
119.61,9,1410,2,2.501423828521041,0,0,0
86.79,18,2588,1,9.950844824587186,0,1,0
100.29,21,1582,4,2.284255203896688,0,1,0
89.26,15,613,1,1.826737319013716,0,0,0
22.57,17,2448,3,0.457622889230465,0,0,0
129.38,13,1449,4,5.746081815608688,0,0,0
72.49,19,2112,1,10.762080796085327,0,0,0
276.15,17,1711,3,11.269741916967131,0,1,0
105.79,16,486,4,5.218273877124826,0,0,0
48.71,15,2315,5,16.11746719822925,0,0,0
21.22,9,2145,4,8.263340775292656,0,0,0
13.31,17,2807,4,2.956632410356013,0,0,0
89.18,14,1912,2,9.269904271310011,0,1,0
37.51,19,2937,3,10.112355877528618,0,0,0
33.44,14,1947,1,2.8764514205932574,0,1,0
81.25,12,102,2,10.412176079158758,0,0,0
71.3,17,104,1,9.574088683933905,0,0,0
82.19,10,2161,2,1.4821245475165181,0,1,0
73.98,13,2762,2,6.126999631286206,0,1,0
32.54,10,1799,3,0.9377494313265773,0,0,0
17.34,13,862,2,0.25094371054190034,0,0,0
33.87,12,441,3,2.9744706380286603,0,0,0
53.37,20,2611,4,0.9072968122686245,0,0,0
37.2,8,1042,3,3.488929474355605,0,1,0
169.41,15,546,1,8.775402572781221,0,0,0
21.46,11,2573,1,4.938434847983502,0,1,0
68.98,15,151,4,6.325891155416066,0,1,0
34.79,18,2623,7,0.8876823761459356,0,1,0
41.64,14,152,1,10.762026094361863,0,0,0
94.29,19,1099,3,0.6423460565107346,0,0,0
29.5,16,235,0,18.476208398290883,0,0,0
55.57,10,1649,3,5.824394219877428,0,0,0
141.28,12,1530,3,2.3623807706292053,1,1,0
87.12,10,2543,3,7.601574199446322,0,0,0
225.61,6,379,3,6.631148119925931,0,0,0
49.81,8,1994,3,1.4993174086614731,0,0,0
82.78,19,644,4,23.151115914041892,0,0,0
10.05,15,2406,2,0.6708924653909056,0,0,0
34.19,18,2383,2,7.2329111477454315,0,0,0
11.51,15,2164,3,0.2664270809341005,0,0,0
173.84,22,222,2,4.943284143484104,0,0,0
32.52,17,2857,3,12.865468784889707,0,0,0
87.92,9,2114,2,10.66199049947031,0,0,0
15.75,14,1254,1,20.08216487332782,0,0,0
122.66,14,1605,3,6.443452826000272,0,1,0
52.44,12,1839,3,9.581616315339886,0,1,0
51.2,16,904,3,0.9120420896222212,0,0,0
195.71,18,487,2,1.0096739652800997,0,0,0
78.34,16,2740,4,9.696902952176252,0,0,0
88.4,16,503,2,6.4862561393499725,0,0,0
84.36,14,574,1,6.240865733365586,0,1,0
151.44,12,190,1,1.2883446887128236,0,0,0
30.58,17,460,1,9.203442602461305,0,1,0
46.73,11,337,3,2.1529344056458455,1,0,0
118.94,3,1610,1,19.442191009097247,0,1,0
56.72,10,733,2,10.339139083204511,0,1,0
96.25,14,2235,0,6.215850587369011,0,1,0
65.19,8,1566,9,10.996763105515612,0,0,0
159.73,23,1743,0,7.332103803011313,0,1,0
4.1,19,1397,1,10.828650687426705,0,0,0
19.25,18,347,3,0.5932671620378596,0,0,0
231.52,12,1536,4,5.660378229606907,0,1,0
26.7,13,1870,3,14.193497045802323,0,0,0
61.21,6,415,3,8.167154416473593,0,1,0
103.49,8,342,1,9.77189585437111,0,0,0
272.25,0,2364,0,10.769405040918315,0,1,0
59.58,10,1783,1,4.854627871605382,0,0,0
31.17,11,1873,4,23.705936876124085,0,0,0
3.11,19,656,3,1.5626900767344383,0,0,0
156.34,9,1895,2,7.480374205035842,0,1,0
195.14,13,1106,4,13.858321223943179,0,1,0
76.66,11,954,2,1.390471165885823,0,1,0
40.72,12,2986,5,17.83661252333551,0,0,0
222.77,8,2157,0,12.251549896935543,0,1,0
32.78,23,1486,2,15.956542412723628,0,0,0
52.57,13,2192,5,19.46993044213209,0,1,0
136.83,10,1873,5,11.144828661611225,0,0,0
196.85,19,451,2,12.013395107723793,0,0,0
24.2,21,495,0,1.4983514727609846,0,0,0
55.45,17,678,1,14.524269881756927,0,0,0
131.69,9,2205,3,4.7373206987638365,0,0,0
20.14,8,387,5,3.5769212052770065,0,1,0
28.69,10,1893,2,0.5451848382862643,0,0,0
92.62,15,539,4,16.71215332045054,0,0,0
28.29,14,673,3,2.992969621070847,0,0,0
40.76,11,1079,2,18.63296116392288,0,0,0
42.19,12,246,0,8.834265431065486,0,0,0
86.48,17,2187,7,13.590191397631981,1,0,0
150.62,19,1573,2,15.895527894471229,0,1,0
30.82,13,2433,8,0.07529142700267677,0,0,0
67.52,8,2384,9,3.462719551381209,0,0,0
23.68,15,2354,4,7.264629905532579,0,0,0
5.2,10,559,3,9.447689563723827,0,0,0
29.33,12,833,3,1.364048885833089,0,0,0
27.42,21,2031,5,8.901735541464124,0,1,0
106.91,23,1542,5,12.202829269584477,0,1,0
69.33,18,2876,4,12.788582092906783,0,0,0
82.4,14,1553,2,0.7926360320017203,0,1,0
45.67,14,37,5,1.4014614477333316,0,0,0
151.08,20,2251,3,6.766471775469277,0,0,0
120.39,13,1702,1,7.80270384989077,0,1,0
30.3,13,2661,4,4.293011034414757,0,0,0
151.65,17,1831,5,4.278343351236914,0,0,0
90.01,8,2939,2,10.478089915140878,0,0,0
25.03,16,2098,3,5.819416925967303,0,1,0
140.36,10,159,2,20.128450743763917,0,1,0
86.19,12,504,5,13.597503529179084,0,1,0
162.4,13,2457,2,20.84918679971087,1,1,0
69.67,21,963,6,2.258648497247986,0,0,0
37.94,13,1230,2,3.76887506509593,0,1,0
92.1,13,363,3,5.401238976274404,0,0,0
6.63,15,1870,3,8.477296547772747,0,0,0
43.14,10,2939,2,17.64106182029539,0,1,0
56.03,16,2175,4,17.207896440356585,0,0,0
82.6,13,2161,1,7.439675271212487,0,0,0
150.36,16,175,2,11.225686639381635,0,0,0
61.27,13,889,1,5.1328523664593115,0,0,0
61.87,12,647,8,6.900114071978784,0,0,0
152.49,10,1606,2,7.408523574990598,0,0,0
189.79,13,1821,0,11.261164648095853,0,1,0
33.7,17,1975,4,2.5743051833520862,0,0,0
55.11,13,2983,2,6.747842226294608,0,0,0
46.85,8,1596,4,17.115976605678632,0,0,0
292.29,15,2231,0,6.941934203774117,0,0,0
237.5,14,318,1,12.067406390287733,0,1,0
70.01,22,2134,1,1.3407036822202265,0,1,0
65.71,12,2693,4,7.19681385605371,0,1,0
31.42,12,1368,6,16.73666769770482,0,0,0
45.73,14,2939,4,19.767425668076314,0,1,0
93.09,7,1441,2,10.162828182247345,0,0,0
77.3,4,1925,3,9.492841783584119,0,1,0
114.51,17,2488,5,9.337100957556956,0,0,0
62.74,7,2082,3,9.097526989612355,0,0,0
24.18,6,931,5,9.281042077689527,0,1,0
172.65,16,2193,0,4.089793195056935,0,0,0
83.61,11,665,2,5.038780404524268,0,1,0
8.98,10,439,0,7.501167245944899,0,1,0
45.43,16,1265,1,19.7323728122947,0,1,0
74.02,12,945,1,6.388223044032557,0,0,0
375.11,3,123,8,282.24883910112857,1,1,1
6.75,18,806,4,4.244193535167103,0,1,0
86.6,7,2402,2,13.101685055685122,0,0,0
44.2,8,661,4,12.601188540148911,0,0,0
44.92,16,2080,3,8.577542924290608,0,0,0
97.25,12,297,2,10.40006296498775,0,1,0
85.73,5,2023,2,4.9209870721593765,0,1,0
13.65,16,1302,1,2.909574454109497,0,0,0
29.01,1,664,4,15.956730389474115,0,0,0
110.33,14,1270,3,5.743209081430416,0,0,0
109.87,9,273,0,11.681482983069806,0,0,0
210.0,18,1606,1,7.584485651389707,0,0,0
11.98,13,1096,3,13.56592500530516,0,1,0
175.74,15,839,5,2.6917160453223694,0,0,0
78.93,16,2700,5,12.4574645832042,0,1,0
86.93,15,2473,0,2.2769461300860208,0,0,0
95.12,17,1147,4,5.951876902392384,0,0,0
85.58,19,2413,1,13.952888186785334,0,1,0
77.79,12,2956,3,9.143354152503944,0,0,0
116.89,15,2185,2,11.650321915806547,0,0,0
38.06,11,306,1,4.297703820033591,0,0,0
20.81,11,2350,3,14.835785363895482,1,0,0
26.07,13,654,2,24.15900698459078,0,0,0
58.15,9,329,1,0.37316338131713866,0,0,0
50.98,8,1543,3,5.912233008406424,0,1,0
53.93,23,423,4,20.157826353973306,0,1,0
33.53,14,2113,8,10.192244990224687,1,1,0
92.83,21,2991,2,9.38486069429357,0,1,0
122.3,13,52,2,7.136765754901836,0,0,0
50.42,17,2342,4,5.562034731947595,0,0,0
98.92,23,2365,1,6.523625451636974,0,0,0
273.18,14,1759,0,1.2097554999542224,0,1,0
80.54,15,1573,2,6.898381414426132,0,1,0
57.32,8,73,5,12.653535410176623,0,1,0
365.57,15,2078,10,3.7146533994580135,0,1,0
14.96,17,105,3,2.9103111348519275,1,0,0
63.72,14,2010,2,10.13128233190683,0,0,0
126.72,14,977,4,0.07991192976265538,0,1,0
167.66,15,2926,0,16.06568189899482,0,0,0
73.39,11,1763,4,8.189985156987376,0,1,0
81.69,20,2026,2,13.509778316745843,0,0,0
73.5,15,1057,5,1.7631905549320086,0,1,0
267.48,13,249,3,21.508117191445184,0,0,0
18.01,15,762,2,2.2394290482643404,0,0,0
52.22,21,392,1,5.390287763495943,0,1,0
72.77,7,763,1,6.392379330924485,0,1,0
60.77,14,2950,1,11.097499741516867,0,1,0
32.09,15,1927,4,5.8364333513360185,0,1,0
21.32,22,1830,1,1.134819947795033,0,0,0
46.92,13,2638,1,1.0302145947595789,0,0,0
75.11,14,1091,3,6.192743725512654,0,0,0
66.36,19,1147,7,16.965039704103607,1,0,0
32.71,17,2067,2,10.841446015896357,0,0,0
14.62,16,220,4,6.785047009096626,0,0,0
266.57,14,1145,5,17.76643762351876,0,0,0
42.27,14,1034,2,1.40401244596754,0,0,0
35.27,20,2925,2,19.744549981142967,0,1,0
45.59,15,1399,3,18.255295389266777,0,0,0
31.97,19,1022,2,10.721007370356974,0,0,0
76.68,15,796,1,1.1880576902398903,1,0,0
26.71,6,2766,5,2.6260171354026554,0,0,0
13.44,17,1008,4,14.128425735550646,0,1,0
148.68,14,2960,1,0.8612812072787408,0,1,0
77.13,18,2397,3,3.990931649065187,0,0,0
32.73,13,746,6,7.875090171751077,0,1,0
70.78,17,2607,2,0.0737591367052719,0,0,0
19.09,16,2665,0,4.582495256921508,0,0,0
221.08,3,654,1,10.33805995374857,0,0,0
68.86,10,1178,2,3.971114446462586,0,1,0
27.86,15,1594,3,3.2582095757842477,0,1,0
37.48,15,2604,1,1.7051178275487198,0,0,0
92.18,23,1433,6,1.2913738943156972,0,0,0
285.82,10,314,2,10.601478408573335,0,0,0
17.09,12,2322,3,6.847175939755049,0,0,0
76.54,15,569,2,6.155503477904126,0,1,0
30.12,17,472,8,13.339006794156896,0,0,0
30.16,16,1998,5,13.56963571059626,0,0,0
29.36,12,1175,5,8.431851589646175,0,1,0
43.99,7,1770,1,0.5911744846066425,0,1,0
97.29,21,2105,3,8.704309082158458,0,0,0
93.67,10,2065,3,7.027692403809054,0,0,0
100.19,15,43,2,9.412830889346509,0,1,0
37.21,10,579,1,5.264448947513822,0,0,0
61.83,18,2947,9,17.2010702945256,0,0,0
68.95,20,593,4,1.068840905102534,0,0,0
47.47,9,1502,5,6.2566779210851795,0,0,0
134.59,17,70,3,11.826642384856347,1,0,0
49.6,11,1381,3,0.4245158087005523,0,0,0
72.44,19,2340,1,4.048392883734506,0,1,0
74.17,12,2622,6,6.206210749660873,0,0,0
68.22,16,2200,3,9.412380434567275,0,0,0
74.27,11,2677,3,14.709680511886807,0,0,0
244.4,15,2159,4,4.865610362157046,0,1,0
55.66,19,2306,0,4.311244831505253,0,1,0
82.64,16,657,3,9.64937147161299,0,1,0
21.1,15,2774,4,1.4074057668133189,0,1,0
30.64,15,1684,0,7.659668802612961,0,0,0
63.48,12,624,6,6.235601161412905,0,1,0
45.09,15,2196,4,3.596848827208758,0,0,0
83.2,19,2419,0,17.052643283268687,0,0,0
55.75,1,2953,1,3.264227689998531,0,0,0
157.48,21,738,3,1.2940034264617868,0,1,0
34.12,15,771,3,10.930627831084031,0,1,0
163.14,16,191,3,0.1351904674350939,0,0,0
174.26,21,2538,2,2.279557358628018,0,0,0
104.13,14,2439,4,5.489269354075249,0,0,0
11.54,15,2660,3,0.9320238858594321,0,1,0
52.03,16,1860,5,10.374243259605256,1,0,0
2.27,16,1988,6,3.976331557421098,0,1,0
122.52,14,2373,4,1.2135285534333589,0,0,0
127.02,15,126,1,6.896102136620264,1,0,0
36.04,18,368,1,3.5392348097205817,1,0,0
52.74,13,2666,4,6.801384187224064,0,1,0
57.16,18,1085,4,4.283804667904409,0,0,0
52.38,9,1013,1,2.236288354292242,0,1,0
71.28,13,1257,3,2.6368446661915756,0,1,0
51.13,22,665,3,18.284594967013533,0,0,0
31.1,17,2821,4,9.736642497142931,0,0,0
88.05,7,1451,5,5.228259930362215,0,0,0
131.6,9,2440,4,9.398856167566494,0,1,0
31.58,15,2896,4,9.158703078879284,0,0,0
103.42,17,710,4,5.582317309642622,0,0,0
25.89,8,1350,0,3.0684765791880757,0,0,0
178.6,7,2036,4,9.539642120000973,0,1,0
123.53,9,2229,3,12.1522880995321,0,0,0
240.59,19,1242,3,20.00881366965223,0,0,0
196.09,17,1285,3,2.2917402383441643,0,0,0
82.67,20,780,2,13.412973566642725,0,0,0
53.87,9,252,2,3.654450961150806,1,0,0
26.3,12,689,5,2.1153604029165107,0,1,0
101.89,15,2846,2,2.302538106552656,0,0,0
86.27,13,841,2,6.287832988876826,0,0,0
11.98,10,1049,1,2.2519457413103634,0,0,0
36.61,13,2701,2,6.518234263106983,0,1,0
24.97,13,1278,5,0.7445245879472573,1,1,0
200.4,15,1668,3,0.30204433761086413,0,0,0
74.42,9,2810,3,1.6529019704254564,0,0,0
4.98,13,514,6,13.956444231018247,0,0,0
91.48,16,2430,1,15.740190087331195,0,1,0
155.27,12,2049,3,20.00332216863419,0,0,0
173.01,6,2281,6,2.74311717636835,0,0,0
35.05,18,1906,2,0.28528744888147806,0,1,0
91.92,12,2379,6,7.235432249476792,0,0,0
160.46,14,1184,5,0.8811606673463706,0,0,0
33.2,12,2158,2,1.7044297354852418,0,1,0
76.27,14,2268,3,6.868844993031201,0,0,0
102.6,11,2146,7,5.952063267035298,0,0,0
171.73,12,427,1,0.8678967765806203,1,0,0
26.99,15,2657,3,0.09210256959937269,0,0,0
65.26,15,472,3,1.6320242883370746,0,1,0
128.81,8,104,4,16.61008444093261,1,1,0
64.63,14,1543,4,15.506069187016337,0,0,0
43.61,14,2077,1,10.686991629700909,0,0,0
23.37,19,2661,4,9.542812565581514,0,0,0
60.74,14,1648,5,2.1390164536998655,0,0,0
43.15,14,2412,2,2.6031966836240574,0,1,0
230.73,19,1295,1,8.567956173881981,0,1,0
115.09,14,1192,5,17.72576485303487,1,0,0
57.83,9,2778,2,4.8306239992804265,0,1,0
114.97,15,350,0,30.28215251187444,0,1,0
112.3,20,1084,5,0.4730323348411094,0,0,0
70.34,12,2593,5,2.2834090514965553,0,0,0
46.64,17,2167,0,6.749378374277831,0,0,0
102.14,16,2137,1,10.527120979110967,0,0,0
144.45,11,1560,4,9.907405268651477,0,0,0
81.45,11,725,4,14.166500991448927,0,0,0
59.98,16,1579,1,11.25182901285698,0,0,0
32.11,17,712,2,6.2213413647777696,0,1,0
34.02,13,2666,4,11.11730739103663,0,1,0
83.51,22,2034,2,3.192723562194221,0,0,0
139.85,9,1285,6,13.210717457346858,1,1,0
31.04,19,2580,1,15.759843319849976,0,0,0
187.46,18,736,4,3.11491672583933,0,1,0
110.18,11,2389,5,9.21069180489437,0,0,0
22.56,15,1494,4,6.06095945995134,0,1,0
62.45,16,2533,4,19.11855082081329,0,1,0
32.79,13,1668,6,20.10527170516417,0,0,0
19.39,11,2492,3,2.2342200187307197,0,0,0
131.85,13,1154,2,10.682028888498886,0,1,0
53.19,13,892,2,13.241172896501585,0,0,0
82.26,9,88,3,17.05144610390697,0,0,0
47.74,17,2430,2,1.1714096537411152,0,0,0
36.39,14,1342,0,1.515193164672759,0,0,0
14.28,13,2938,2,14.753192584668712,0,1,0
103.24,7,2991,2,0.48990561348214534,0,0,0
35.92,17,304,4,14.286217118555884,0,0,0
27.71,12,457,3,7.368246388787179,0,0,0
31.05,17,2434,3,2.058476417668833,0,0,0
39.93,18,1275,4,2.665772458577094,0,1,0
46.09,13,2886,3,2.9705133190024107,0,0,0
128.56,9,2264,2,20.141654272793378,0,0,0
35.12,10,2058,3,7.664253233340784,0,0,0
31.67,12,431,3,11.615962469368277,1,0,0
96.66,19,749,4,22.938181234339297,0,0,0
69.32,15,810,2,9.544041053304971,1,0,0
0.89,11,862,4,7.434910254874072,0,1,0
53.48,13,1592,3,4.489117015962172,0,1,0
55.98,16,2355,3,18.491534710239854,0,1,0
72.61,10,1468,4,8.69302443185368,0,0,0
103.45,15,1729,1,5.612200842568852,0,0,0
47.17,17,1737,1,12.143366920981865,0,0,0
82.78,13,1828,3,1.110171405975834,0,0,0
53.57,15,2597,2,1.477063115563782,0,0,0
32.69,21,211,2,9.955548791743368,0,1,0
60.41,18,153,1,15.881473963486057,0,1,0
204.6,18,1887,2,2.589509527956117,0,0,0
31.4,17,2254,3,2.656473715028666,0,0,0
41.84,8,244,4,7.659424686673122,0,0,0
24.79,19,171,0,2.9529275336432788,0,1,0
252.48,12,2834,7,15.579713234492152,0,0,0
26.31,12,1258,1,3.057203444297116,0,0,0
99.65,20,2311,5,11.297278164695204,1,1,0
46.53,15,1186,3,5.146204482077229,0,0,0
131.94,9,2792,5,3.354632030578629,0,0,0
85.35,12,2532,3,5.03680579062854,1,1,0
102.92,11,1250,1,11.00868875641632,0,1,0
379.1,0,330,8,189.27487625155942,1,1,1
59.01,10,333,2,5.6934127158308145,0,0,0
135.89,17,988,4,3.881584440831632,0,0,0
71.27,19,2887,2,8.16442443801264,0,0,0
16.5,8,757,3,2.835972009010037,0,1,0
64.94,9,566,4,8.669667419197403,0,1,0
5.4,13,2251,3,1.923210949252403,0,0,0
114.89,6,2324,3,2.049270418054017,0,0,0
15.0,16,1035,3,2.969863816039377,0,1,0
10.03,22,1577,6,12.774181179681147,0,0,0
10.85,9,2874,7,1.7611831137525726,1,0,0
13.78,12,2114,2,3.4537812378879167,1,1,0
58.55,15,722,1,0.35105431182834135,0,1,0
380.18,1,312,8,1012.7287943301799,0,1,1
44.56,13,2735,3,11.673487381889114,0,1,0
21.51,21,2359,4,1.086637642810706,0,1,0
83.5,12,733,2,12.042933568729284,0,1,0
31.22,17,1987,3,7.401805566551794,0,0,0
210.0,14,2963,1,1.1000427723631865,1,1,0
41.96,11,2748,3,9.327327098984835,0,1,0
91.97,13,187,2,7.937286832778005,0,0,0
550.18,5,264,7,40.27137513721709,0,1,1
183.13,11,2776,3,6.584941098397156,0,1,0
41.76,5,200,2,12.597563011555934,0,0,0
30.29,15,181,8,2.7613226441932675,0,0,0
38.64,16,1849,3,2.5225849617620972,0,0,0
74.26,13,1854,7,11.839463546501726,0,1,0
139.6,11,291,5,6.247734805611587,0,0,0
33.23,23,342,3,12.63973434118221,0,1,0
68.26,14,901,1,5.56853315199765,0,1,0
77.79,13,2484,8,1.4168749608226676,0,1,0
127.81,12,340,7,20.833153485686523,0,1,0
136.96,9,31,4,8.694557638757328,0,1,0
40.81,9,603,4,1.863510164796505,0,0,0
249.59,2,187,7,376.66006558947777,1,1,1
179.54,15,1658,4,9.086738885664676,0,0,0
38.02,15,1372,4,0.320846583385487,0,1,0
59.38,18,2198,2,16.177938942112448,0,0,0
135.02,14,2746,2,4.218404408152889,0,0,0
33.05,13,1442,2,16.67894860690658,0,0,0
68.95,12,1283,4,5.075125769354159,0,1,0
20.26,12,464,0,2.831372123278469,0,0,0
39.19,18,607,3,8.190408160608964,0,0,0
57.16,19,2070,0,11.023653190410386,0,0,0
179.62,10,2628,1,5.76762154827183,0,0,0
16.81,20,1723,3,13.075283528153372,0,0,0
23.92,17,2155,1,8.294999565104586,0,1,0
106.57,12,2224,2,7.944747558549027,0,0,0
104.14,6,1483,1,9.742696773818286,0,0,0
55.43,14,2793,0,4.3445795872082025,0,0,0
109.99,6,1166,1,8.94900644518695,0,1,0
101.37,19,98,4,17.534626022446297,0,1,0
65.12,7,1270,0,4.7859534688151335,0,0,0
93.17,13,646,2,5.623466255100413,0,0,0
34.31,23,67,1,9.686344360737873,0,0,0
504.33,1,136,8,560.1028261273659,1,1,1
95.97,10,2383,3,17.706179998202252,0,1,0
106.94,23,2271,4,2.826952441007965,0,0,0
193.38,22,1178,2,11.330514599078162,0,1,0
40.37,18,1738,2,6.306812323919828,0,1,0
61.47,7,2906,4,10.822141239255014,0,0,0
32.0,11,2173,1,0.971668215881631,0,1,0
32.39,15,702,2,7.613746576266102,0,1,0
101.28,15,1040,4,4.212593173606397,0,0,0
91.17,16,2232,3,2.111125272514727,0,0,0
50.5,13,644,4,14.6133930392513,0,1,0
147.4,5,521,5,3.9347769141053544,0,1,0
172.47,7,1330,2,16.931600863878142,0,1,0
32.95,11,1080,4,4.9105327152546,0,0,0
55.08,15,58,2,13.028232016277844,0,0,0
46.16,12,914,4,5.115670573332287,0,0,0
64.44,17,652,4,5.903349488252299,0,0,0
71.26,13,222,5,9.422174004176995,0,0,0
67.67,7,1979,4,18.385719374757965,0,0,0
57.66,13,337,2,17.082599789469455,0,1,0
39.64,15,1570,1,5.718176031587132,0,1,0
53.27,18,2275,0,29.384091272883744,0,0,0
61.96,18,2475,1,4.119755909048003,0,0,0
23.09,19,1913,2,16.782909124216452,0,1,0
177.27,20,1006,9,15.919444402741142,0,0,0
198.98,12,855,0,8.14806700227316,0,1,0
173.77,7,2974,5,5.713440443240005,0,1,0
27.94,20,798,2,6.727562263674285,0,0,0
97.35,17,1372,5,13.026972423467539,0,1,0
130.99,9,1252,1,8.63378098733641,0,0,0
20.47,11,1563,1,5.889167131437737,0,1,0
103.36,14,2952,2,9.358207385122551,0,0,0
276.07,13,590,3,2.407035204317003,0,1,0
154.7,12,2200,1,16.163913979046548,0,0,0
67.52,13,734,3,0.2421445120011212,1,0,0
142.64,11,1093,1,19.063243108551116,0,0,0
242.43,12,2576,3,2.0744765553229967,0,1,0
52.61,22,1463,2,9.9478770563499,0,1,0
15.77,14,111,1,6.508847542551343,0,1,0
51.69,10,422,4,5.80708304580927,0,0,0
32.46,9,2631,2,9.942810731613204,0,1,0
59.35,14,2851,3,0.7423889659696705,0,1,0
50.9,17,2854,3,0.7799763661176042,0,1,0
122.89,17,1889,4,1.3972254389508043,0,1,0
128.18,6,188,1,8.471892009887794,0,0,0
49.81,14,2775,2,8.579852060280968,0,0,0
96.72,16,425,4,2.544244570859336,0,1,0
96.32,8,1038,5,5.95033111110574,0,0,0
189.39,16,2249,2,1.2893175770883518,0,0,0
76.74,16,376,3,6.440879330455325,0,0,0
98.02,6,126,0,2.6803210364410437,0,1,0
24.22,8,1255,5,8.99560822026289,0,1,0
9.91,11,178,4,15.798885973898559,0,0,0
81.48,23,2633,3,9.410307684745838,0,1,0
28.79,11,1025,3,0.5257894964344638,0,1,0
109.99,17,214,5,5.429022321336585,0,1,0
103.99,14,194,5,9.23874008810754,0,0,0
177.93,11,1354,1,16.193569166893973,0,1,0
88.76,13,976,4,3.9325814614842454,0,1,0
66.09,12,54,3,2.615642187359482,0,1,0
82.85,15,1770,3,5.1529041015433155,0,1,0
91.22,10,2282,3,11.508692787435148,0,0,0
97.17,8,2779,3,6.993646113921972,0,0,0
58.25,13,2525,4,9.692236700545362,0,0,0
78.48,6,782,4,8.707101683375981,0,1,0
57.87,7,896,3,4.194242021630372,0,0,0
146.56,14,969,4,2.2188820159861375,0,1,0
134.94,9,409,2,17.92411739202953,0,1,0
56.07,12,1908,5,16.750701903962753,0,0,0
203.03,18,554,3,2.463021138130724,0,0,0
74.11,12,2615,4,1.9955242897238286,0,0,0
8.42,11,2741,1,11.062388761806993,0,0,0
55.64,19,279,6,0.007521678160586021,0,0,0
151.29,7,361,3,5.700490457651217,0,0,0
46.97,19,2275,1,15.085150788660718,0,0,0
72.74,15,943,1,4.744007392256175,0,1,0
21.07,12,2018,4,11.423401654677853,0,0,0
51.34,10,1022,3,12.242695654357675,0,1,0
78.61,16,1496,2,1.5099749339425568,0,0,0
29.76,15,2848,3,0.9108152107152776,0,0,0
18.06,17,1593,3,14.099415455096919,0,0,0
27.45,8,1232,1,7.32409802884378,0,1,0
187.56,11,2338,3,7.9919307679659894,0,0,0
77.2,11,2473,1,15.294752590007583,0,0,0
64.75,16,185,1,3.517649846886669,0,1,0
17.4,12,2152,2,21.989096587359317,0,1,0
171.66,19,2118,4,3.058420586983875,0,0,0
51.56,8,2098,1,4.598823016850967,0,1,0
158.22,11,1123,0,2.8821717806257263,0,0,0
17.74,22,2747,4,5.052270718771579,0,0,0
32.7,15,994,5,1.047022853512411,0,1,0
47.9,13,109,0,1.3017630610959765,0,1,0
25.56,7,86,3,4.036224978945132,0,0,0
103.81,13,2768,7,3.5374992777830663,0,0,0
33.17,2,1215,2,25.590846796154782,0,1,0
93.75,10,1364,4,3.76455893617412,0,1,0
82.41,17,2003,2,3.5964167657262855,0,1,0
1.99,13,820,3,15.887842155223169,0,0,0
72.7,15,268,1,8.06836620594715,0,1,0
79.76,7,2470,4,4.7555290237395225,0,1,0
161.61,18,1173,1,8.75419486863662,0,0,0
80.57,12,666,2,13.132521726427687,0,1,0
63.35,16,1036,2,5.702471795715624,0,1,0
132.46,20,2926,1,0.3642241935499708,0,1,0
30.61,17,2220,2,4.27698328628022,0,1,0
53.29,15,1575,2,2.1108561161429487,1,0,0
44.37,14,581,3,2.407340095256521,0,1,0
34.59,15,423,1,4.487480365233757,0,0,0
86.02,19,1779,0,2.6635325244736237,1,1,0
3.83,15,1940,3,9.856033427392534,0,1,0
7.96,14,2126,1,5.2937033974644585,0,1,0
33.49,15,277,2,2.181648460337917,0,1,0
60.24,17,1942,4,4.559495701204742,0,0,0
65.94,17,1747,3,24.407385638029563,0,0,0
23.61,22,1526,2,3.9985199755047933,0,1,0
106.46,20,2206,3,18.683213615036543,0,0,0
124.42,11,1786,4,3.1796543785713043,0,1,0
60.06,16,2219,4,14.505539467064086,0,1,0
100.36,12,1911,1,18.046974713871712,0,0,0
57.46,12,880,3,7.512690915868365,0,1,0
25.07,9,1134,5,4.791013061878585,0,0,0
185.99,11,2690,2,23.771681302887046,0,0,0
42.91,13,2552,0,18.05229993687128,0,0,0
107.24,17,938,1,13.812269245611173,0,1,0
39.24,11,2797,5,15.653530108153012,0,1,0
57.44,15,1336,7,2.4988380043342118,0,1,0
55.57,8,1021,2,4.17316219524321,0,0,0
25.04,18,2223,5,1.2442551134845763,0,0,0
126.06,15,53,3,18.242032963266034,0,0,0
34.02,14,298,3,4.82959029173004,0,0,0
10.41,13,2903,2,7.6630605579229325,0,0,0
56.4,15,2670,4,10.029948402633696,0,1,0
138.88,20,2666,4,13.744933960417093,0,0,0
19.97,10,2947,3,3.9117520068986886,0,0,0
104.14,9,624,3,6.237345662359232,0,1,0
164.61,15,601,1,5.186913686628205,0,0,0
15.16,7,1826,3,2.3777361533946175,0,0,0
124.03,13,2023,3,4.447774321503907,0,0,0
17.5,15,794,1,4.549541016795372,0,1,0
84.43,7,1030,4,12.738059264089781,0,0,0
180.13,16,936,2,6.647074131224886,0,1,0
5.15,16,2846,3,14.451359974818732,0,1,0
68.62,15,254,3,4.854979717768673,0,0,0
73.05,15,122,1,9.385720345787554,0,1,0
51.81,10,735,2,23.483347185713423,0,0,0
68.48,12,1151,5,15.648795954201624,0,1,0
87.37,12,1913,5,5.149767473351483,1,1,0
38.87,10,608,3,3.7513667151143864,0,1,0
105.38,19,671,5,26.041396511176146,0,0,0
118.17,11,1725,4,8.278152509034085,0,0,0
46.09,13,2992,3,1.5011540734801088,0,1,0
30.44,11,2219,6,4.308439534155077,0,0,0
57.08,10,619,5,9.411984994311705,0,1,0
81.92,12,1843,3,2.01387808353345,1,1,0
74.75,18,2225,3,15.395327427959735,0,0,0
76.96,15,644,3,3.1819537046836124,0,0,0
113.8,13,674,8,6.182002574154884,0,1,0
30.59,19,1076,6,1.6082159695207552,0,1,0
68.34,10,212,2,2.2628269922496766,0,1,0
73.47,15,2360,2,10.288328944471832,0,0,0
86.57,17,2072,4,22.114737170789837,0,0,0
8.95,13,2721,2,8.0315771129766,0,1,0
46.79,7,503,1,8.153102748460245,0,0,0
162.16,12,535,4,6.221936292644987,0,1,0
117.2,13,1410,1,9.481304769753688,0,0,0
92.57,13,1975,1,14.145524455697132,0,1,0
45.26,4,2760,5,3.384011643591652,0,0,0
71.85,11,125,2,2.258652836694594,0,1,0
73.01,16,1587,1,5.60054775909631,0,0,0
69.84,7,935,6,8.511193979987313,0,1,0
72.54,11,2775,1,0.7127208054213048,0,1,0
93.49,18,883,2,2.3502175555804596,0,1,0
45.26,16,2005,5,6.839607679169696,0,1,0
79.87,10,1846,3,5.849385893114024,0,0,0
198.41,15,2953,4,3.1233557785763204,0,0,0
66.2,11,2886,3,6.8156783927965305,0,0,0
89.07,12,250,2,15.00582963252511,0,0,0
57.72,4,329,3,9.205687325012777,0,1,0
35.05,11,1542,1,7.290700133066711,0,0,0
54.86,10,1285,0,0.004213331916042229,1,1,0
105.88,23,567,4,1.6509383997435467,0,1,0
6.17,12,46,2,4.633834619504036,0,0,0
140.44,7,2668,5,10.415046481965,0,1,0
15.86,20,1340,5,15.337023848230059,0,0,0
122.06,16,1606,1,17.84702669155336,0,0,0
80.07,19,1592,3,2.335350588192208,0,1,0
69.95,11,2633,4,3.6255198200306626,0,1,0
15.73,15,1840,2,9.906255056159534,0,1,0
103.51,23,145,4,1.9097349709677816,0,0,0
75.31,16,1064,6,11.301478038344436,0,1,0
105.5,8,1227,4,7.375243057842379,0,1,0
106.3,12,2882,4,22.85857736975387,0,0,0
96.24,14,1971,3,5.809055381818917,0,0,0
16.18,12,1098,2,7.780646726902335,0,0,0
103.26,20,734,0,4.0072022126975915,0,1,0
52.28,17,2395,5,13.946566393818095,0,1,0
38.28,14,856,2,9.134171009352839,0,0,0
374.82,16,281,2,1.7757146262284245,0,0,0
291.92,12,936,2,2.9526431172136185,0,1,0
44.64,10,2142,4,5.335640533980474,0,0,0
32.81,15,1716,4,11.40461475073833,0,1,0
27.19,14,736,4,2.288978010425762,0,0,0
198.44,15,461,1,16.646376132895522,0,0,0
558.8,4,192,11,286.31585094843683,1,1,1
3.05,10,1994,1,0.04945322351407899,0,0,0
35.16,15,1205,5,15.641862493604323,0,0,0
76.88,12,1810,1,20.411287946281853,0,0,0
4.71,12,2807,2,0.9638939259350314,0,0,0
39.36,17,1652,1,4.14263438560093,0,1,0
64.73,14,55,3,3.513955303979839,0,0,0
77.48,15,1856,6,9.484653425586247,0,0,0
33.65,7,1090,1,8.12032122604214,0,0,0
38.71,13,2051,0,4.300452618778068,0,0,0
133.91,17,2506,1,3.627388876236618,0,0,0
53.61,23,230,2,23.542156680740852,0,0,0
161.05,13,863,6,2.5196023877930784,0,0,0
151.95,11,282,2,6.001311030986531,0,0,0
102.47,16,1382,3,18.855906934280526,0,1,0
27.58,14,2730,2,3.205476589651547,0,1,0
223.66,10,1519,4,12.186384983875964,0,1,0
83.36,14,522,4,0.22320846248696036,0,1,0
138.62,13,1176,5,3.046407102825801,0,0,0
29.48,13,2348,3,9.066106289167195,1,1,0
36.81,14,527,3,9.07743466204904,0,0,0
37.32,23,2538,3,19.595093019909285,1,1,0
119.5,11,1342,2,6.437302996177155,1,0,0
90.4,20,2640,3,2.6279955378652033,0,0,0
120.5,13,1302,3,4.3134775096550255,0,1,0
966.89,5,97,5,40.74602920148806,1,0,1
133.67,12,2206,4,24.230943678649243,0,1,0
33.71,13,1431,1,11.365227013524752,0,1,0
72.5,12,2104,3,2.1190590590405867,0,0,0
87.83,14,1994,2,3.8157765751867974,0,0,0
164.42,16,1124,0,8.49314015662402,0,0,0
164.5,15,1315,3,10.664672844192214,0,0,0
96.5,17,1699,0,8.266056550919423,0,0,0
54.96,21,1047,5,5.640577138713873,0,1,0
118.44,14,447,3,32.77837515049322,0,0,0
223.68,13,2915,2,7.67342524778587,0,0,0
82.34,9,1091,3,23.051443140964757,0,1,0
1.29,18,912,2,10.666381817511303,0,0,0
54.63,6,1491,1,5.708727347717878,0,0,0
42.17,10,701,1,3.1696556064811015,0,1,0
36.93,15,650,4,4.319971736868373,0,1,0
39.11,17,1529,2,8.980808808819138,0,1,0
54.74,7,2848,3,4.129157337119061,0,1,0
135.69,13,687,3,8.810099250436576,0,1,0
49.1,10,875,5,0.7239169684812934,0,0,0
224.93,15,2848,5,7.935316911272542,0,1,0
96.36,18,2206,1,11.44708494534516,0,1,0
17.95,13,74,3,2.12062739796893,0,1,0
96.86,12,2135,3,10.054995395333215,0,0,0
110.93,12,2016,3,6.392130720987022,0,0,0
16.94,12,1813,5,18.48423976074545,0,1,0
85.0,13,2329,4,10.861047588721197,0,0,0
148.67,10,2734,0,12.368249520374171,0,0,0
65.97,13,318,5,12.435410747446728,0,1,0
141.43,7,813,8,9.491272203542728,0,0,0
56.39,20,1048,8,3.443381605768324,0,1,0
61.33,14,2110,2,2.2057210817640143,0,1,0
70.28,18,1250,5,14.259101211921623,0,0,0
105.86,13,150,5,9.725495559704406,0,0,0
70.86,11,146,4,4.590268538742695,0,0,0
86.55,12,1824,2,4.754987570713581,0,0,0
186.34,15,2054,2,6.157964717626829,0,1,0
70.82,17,2316,0,1.6823369287779575,0,0,0
59.13,21,523,4,5.781101318272778,0,1,0
66.08,5,2137,4,1.6605809229991153,0,1,0
37.76,13,2803,4,3.157541665287983,0,1,0
50.79,16,232,1,6.699914055172432,0,0,0
112.99,14,2676,2,3.523940472168707,0,0,0
130.49,15,1888,2,11.0683416860869,0,1,0
65.53,19,2396,3,7.328960235546216,0,1,0
132.31,12,2724,4,12.13444118614231,0,0,0
61.21,7,38,3,3.134473920493076,0,0,0
147.63,16,1963,3,2.4654709267646417,0,1,0
40.24,14,715,1,9.618987024588325,0,0,0
94.74,19,1730,2,12.185263457063455,0,0,0
97.21,13,426,2,2.0864702145766874,0,0,0
17.2,18,1592,2,2.041147955098208,0,1,0
140.64,18,1240,3,10.914967628819362,0,0,0
25.96,15,2533,8,5.7119856725330065,0,0,0
54.59,9,697,5,8.702929488517459,1,1,0
90.58,8,492,7,8.98947936121307,0,1,0
93.59,11,698,4,1.8882321300603842,0,1,0
91.49,15,1126,2,4.8487425403363025,0,1,0
216.09,13,750,2,1.0717127007857785,0,0,0
139.79,11,870,1,13.074058463246308,0,0,0
173.41,5,2962,5,9.515770179133149,0,0,0
144.19,7,883,5,5.450507463316091,0,0,0
59.59,12,1224,4,2.885501354615035,0,1,0
143.55,14,738,2,4.697319697687895,0,1,0
37.89,10,234,4,4.031150645783162,0,0,0
26.16,20,2466,0,17.362193424067783,0,0,0
51.1,13,188,2,2.6373366740457715,0,1,0
73.78,16,2867,2,18.32237932405131,0,1,0
40.54,16,2658,1,5.138950493577547,0,0,0
27.48,15,2305,3,4.584623330153443,0,1,0
21.06,13,605,2,5.155665414293535,0,0,0
37.21,22,2609,2,1.5131353903306333,0,0,0
23.34,8,880,1,8.559557729280343,0,0,0
110.29,14,1477,1,6.45427334427959,0,1,0
50.83,7,283,6,9.588501311671122,1,1,0
56.91,17,1911,2,7.186505519998448,0,1,0
130.82,9,954,3,0.9965087115157791,0,0,0
113.73,11,2865,6,17.447695503435007,0,0,0
48.94,5,499,3,11.662473189422947,0,1,0
117.24,11,1203,5,11.32382532858206,0,0,0
184.32,10,1189,2,1.1492027442244028,0,1,0
178.95,8,820,3,5.411092730101958,0,0,0
271.42,14,244,3,14.698078005287819,0,1,0
19.62,15,2266,6,0.09274580358674012,0,0,0
77.05,19,2332,3,14.649239787067664,1,0,0
132.12,13,1710,7,0.9732725178108188,0,1,0
24.28,11,1763,4,6.795261389038679,0,1,0
35.52,7,1016,4,0.9095214820129556,0,0,0
47.2,17,849,1,5.630152074121332,0,0,0
119.48,19,1273,2,2.9980557981446685,0,0,0
30.37,14,109,3,5.256163068819213,0,1,0
135.98,16,40,1,6.483143319786116,0,0,0
114.16,19,317,3,7.196796245646976,0,1,0
60.76,15,1602,3,8.648807362398275,0,1,0
120.59,9,2269,2,2.56661507697467,0,0,0
110.7,13,2958,1,1.741022133954655,0,0,0
103.24,14,1722,2,12.003641889927586,0,0,0
35.83,9,49,2,5.208791490910826,0,1,0
98.21,15,2319,4,12.32498176023675,0,0,0
194.63,14,2755,3,1.9529666954049585,0,1,0
290.66,1,172,8,276.5629300374878,1,1,1
48.75,14,346,1,2.113693678867274,0,1,0
45.31,10,849,4,14.418750683102505,0,0,0
67.74,19,564,5,4.0960321220999445,0,0,0
23.67,16,2711,1,12.08875353003545,0,1,0
42.05,4,1056,5,3.042988623700806,0,0,0
40.31,19,1517,3,13.044718897225293,0,0,0
39.02,12,2286,6,5.950736641668851,0,1,0
46.58,17,271,2,6.574363667873477,0,1,0
148.16,10,1104,1,3.5073255064765902,0,0,0
173.8,16,703,2,8.959962758684247,0,0,0
93.43,15,319,5,11.488100929239481,0,1,0
27.36,12,231,1,8.6687571582328,0,0,0
65.32,17,1689,3,1.9157307319284262,0,1,0
184.52,17,1251,4,1.0221223023162218,0,1,0
31.21,15,98,3,21.918461665832744,1,0,0
120.83,20,2196,4,3.547966149224118,0,1,0
68.05,15,2845,3,5.742174187868434,0,0,0
133.14,16,1381,4,2.509022958977454,0,1,0
119.52,11,786,2,1.7898837323548529,0,1,0
152.23,21,2678,6,16.998632606841543,0,1,0
84.25,16,388,5,12.045617066377442,0,0,0
70.46,10,1460,2,6.995273580477521,0,1,0
28.71,16,1345,1,1.7300773645138778,0,1,0
10.74,23,2345,4,2.7736920258535376,0,1,0
167.13,13,2839,3,11.121110892586168,0,1,0
99.61,16,1284,3,4.169335986388649,0,0,0
88.49,13,2471,4,13.113868230422208,0,1,0
67.67,19,2577,5,1.571279209915803,0,1,0
29.38,12,167,1,5.726181800962716,0,0,0
77.82,13,1245,2,8.920835558232557,0,0,0
99.24,20,240,4,3.57974255336881,0,0,0
100.99,15,1708,6,5.639838814105933,0,0,0
24.2,13,948,2,2.0129178252920523,0,0,0
38.26,13,2907,5,1.1867765722681538,0,1,0
141.6,19,1308,7,0.885956462843267,0,1,0
46.14,23,1668,2,0.42925108181820626,0,0,0
83.04,11,2533,3,20.020036317127417,0,0,0
90.19,11,822,3,12.91172695997178,0,1,0
64.73,12,1285,4,2.0293232516102266,0,1,0
29.92,17,718,2,15.380087958013018,0,1,0
78.36,16,1354,5,8.94468048819457,0,0,0
146.24,15,1965,5,5.594303738031388,0,0,0
118.64,16,906,4,9.219691503335785,0,0,0
55.99,14,135,3,2.7364708044201578,0,1,0
435.23,0,121,5,481.3794792718129,0,1,1
86.83,6,967,2,12.165577243719586,0,0,0
177.28,16,610,2,4.862740178839273,0,0,0
124.16,16,2156,4,8.96971843589606,0,0,0
63.61,16,1481,4,8.76975545076873,0,0,0
161.66,20,2263,4,8.176363322688458,0,0,0
129.28,12,1031,3,0.539809082143452,0,0,0
41.1,10,1278,1,4.072734607768773,1,0,0
32.14,16,2670,6,14.966206975151618,0,1,0
99.24,15,1928,4,9.189921016033923,0,1,0
4.88,16,96,2,2.3512774167843054,0,0,0
30.35,16,347,3,1.2357937203435547,0,0,0
84.0,8,1457,5,13.957074832040211,0,0,0
75.82,8,620,1,15.108150716637212,0,0,0
43.33,9,2787,3,3.331367330699095,0,0,0
13.46,20,1718,2,7.4192164924869655,0,0,0
36.68,19,2536,3,3.0982633162543625,0,0,0
13.27,9,2629,2,3.9957023583189906,0,0,0
45.3,12,2578,3,9.863468669524323,0,0,0
8.58,14,902,4,5.897611454634122,1,0,0
63.47,17,948,0,0.8454627627314517,0,0,0
99.49,11,2185,3,4.930071227620147,0,1,0
114.79,13,1213,2,1.0809940154499813,0,1,0
24.49,18,2566,2,13.850169896036117,0,0,0
146.94,15,1846,2,0.8854819724372911,0,1,0
14.26,10,829,1,11.575990362306953,0,0,0
38.72,8,1280,1,1.8794565737171043,0,1,0
101.62,16,1356,4,2.8239970865823283,0,0,0
75.86,15,1171,1,2.843858615789749,0,1,0
84.98,10,110,5,5.784070737945262,0,1,0
94.07,14,1550,4,3.9289292710593076,0,0,0
24.07,13,543,1,22.620857550763454,0,1,0
49.86,20,2381,2,0.10851023135087257,0,0,0
22.84,16,854,1,1.2763680184109072,1,1,0
29.8,17,1888,4,13.96065392465311,0,0,0
2.99,13,1228,5,13.685827831770519,0,1,0
79.49,13,2461,1,0.1589570333860033,0,0,0
86.12,12,2662,2,19.326391102814284,0,0,0
116.71,23,954,5,19.103421546859032,0,0,0
82.39,17,2393,2,0.45519854264366444,0,0,0
73.62,18,2941,4,1.7859323060731165,0,0,0
118.76,8,902,4,10.967010076752153,0,1,0
116.2,8,1419,6,2.565820036808592,0,1,0
268.87,10,2029,6,11.65392668007332,0,0,0
197.43,20,2041,3,2.207274122741386,0,0,0
22.49,8,257,3,9.000033698786702,0,1,0
211.99,15,1653,2,5.510663974348239,0,0,0
183.3,19,2123,7,1.1230748226205343,0,1,0
161.97,9,2495,2,14.78867835688101,0,0,0
63.67,21,2258,4,11.753374325852752,0,0,0
6.32,13,700,4,2.220903937340223,0,0,0
28.48,13,2805,2,6.0228216883128685,0,1,0
145.58,7,373,2,9.768981197766236,0,0,0
44.02,18,1989,4,10.846049023313324,0,0,0
76.67,12,214,4,4.208793065665059,0,1,0
76.08,15,2706,2,7.759047484295122,0,1,0
239.28,3,359,8,798.547372020789,1,1,1
39.77,11,1189,6,5.798019040334871,0,0,0
87.66,10,725,2,14.52562181153146,0,0,0
38.71,13,487,4,15.375684478710433,0,0,0
62.7,11,1416,4,5.776335297492861,0,0,0
139.91,18,2620,4,5.2227967408760465,0,0,0
47.22,21,2105,6,15.377782562150244,0,0,0
19.11,14,2102,3,18.320758386556577,0,0,0
13.01,7,2365,4,17.048230269258852,0,0,0
235.15,23,728,4,10.082585793960988,0,0,0
146.74,8,1842,2,2.718058521784054,0,1,0
23.87,18,870,6,15.21312393317671,0,0,0
35.21,11,2596,4,11.100954413494502,0,1,0
16.6,16,990,2,4.41046720586438,0,1,0
36.39,17,554,4,3.04168871349342,0,1,0
52.79,13,1087,6,9.867474785141937,0,0,0
38.29,9,2769,6,6.124202147589623,0,0,0
61.46,14,974,5,0.8859555809685968,0,1,0
70.9,19,1043,0,8.813439253493762,0,0,0
56.28,13,133,4,7.3203068725671,1,1,0
76.31,7,1369,2,2.952807213178466,0,0,0
27.56,12,187,1,2.273130115294511,0,0,0
40.1,9,1305,4,11.499078035512106,0,0,0
228.73,23,934,0,11.63790892966695,0,0,0
135.4,11,481,8,17.784143126370118,0,1,0
115.2,19,2208,3,1.5225356528419525,1,1,0
88.82,13,2106,3,0.9563785968874319,0,1,0
77.16,17,2708,4,19.19697350271707,0,0,0
11.61,9,1610,3,11.728392899029032,0,0,0
102.36,4,2766,2,14.088425694646007,0,0,0
96.54,10,786,4,8.693260763917678,0,1,0
162.51,18,1462,4,1.255795022487094,0,0,0
48.79,20,224,2,6.456798737488215,0,1,0
140.43,9,1568,4,10.565251296789244,0,1,0
82.55,15,330,1,0.07502011037836542,0,0,0
39.27,18,2205,3,12.914876433184652,0,1,0
72.69,15,145,6,3.494005466020082,0,0,0
72.83,14,1014,5,8.129701184193163,0,0,0
132.33,8,523,3,11.279729788974919,0,0,0
247.27,15,1152,3,1.387668188876682,0,1,0
44.74,16,883,4,1.1893702393323315,0,0,0
138.25,6,1777,3,18.554548811683695,0,0,0
92.83,12,2180,2,13.41223641900537,0,1,0
63.26,13,2953,5,16.323454606516915,0,0,0
61.68,15,2701,2,19.792853778558396,0,0,0
129.86,16,2594,2,18.61876878195192,0,0,0
64.47,17,135,1,4.989504696791116,0,1,0
28.2,11,1461,3,8.368308465606292,0,0,0
278.82,10,773,1,1.3274231278663793,0,0,0
40.39,20,2193,6,20.23571242031428,0,0,0
62.4,11,1122,3,8.490387514711582,0,0,0
82.85,17,843,6,2.9222867747526564,0,1,0
139.97,9,1720,3,1.3515993021514339,0,1,0
84.88,10,2841,3,16.024074904024673,1,1,0
117.84,14,769,0,8.371153677908689,0,1,0
21.92,13,2581,3,5.87828180301522,0,0,0
64.84,12,1733,1,0.5572316397638577,0,0,0
7.03,12,1352,3,3.7420235272941236,0,0,0
13.03,12,1430,3,1.0730233384853287,0,0,0
82.78,8,2775,2,2.895518322234776,0,1,0
33.95,16,1084,2,11.10025116774273,0,0,0
49.09,12,2198,3,3.5367944393404844,0,1,0
18.17,16,378,1,2.780035495440568,0,0,0
90.4,10,2557,3,8.002400652397629,0,0,0
43.65,13,1252,4,2.4641209953529835,0,1,0
113.1,14,1393,1,4.529957848370261,0,0,0
37.8,16,2716,0,13.361717489479124,0,0,0
153.7,15,1781,3,0.3560795030514985,0,1,0
51.52,10,2723,1,3.2435666308694096,1,0,0
14.21,17,2658,3,8.77447982005177,0,1,0
115.87,16,2807,3,2.6605141899971017,0,0,0
231.29,11,465,3,7.134128417780444,0,0,0
31.63,9,1332,0,28.864209505916786,0,1,0
16.88,12,2245,2,4.372504317798448,0,0,0
64.77,23,297,5,16.738336580366877,0,0,0
13.44,17,2787,3,9.80337080820301,0,1,0
36.2,17,2431,3,15.874665242451043,0,0,0
132.74,13,1496,3,3.7604706426304912,0,1,0
30.67,14,2913,1,11.95805476758543,0,1,0
397.4,1,264,5,372.40812907687774,0,1,1
24.69,14,2489,3,0.3900883879773449,0,0,0
11.0,16,1717,3,9.546639036212923,0,1,0
20.32,10,1377,1,0.9651787155498797,0,0,0
24.79,13,2578,3,0.7738445067018898,0,0,0
46.58,13,683,3,2.520562744135773,0,0,0
21.65,9,1138,3,4.388397487596852,0,0,0
198.62,22,2598,3,1.1575580488588413,0,1,0
74.65,10,2415,1,15.831435014585876,0,0,0
140.48,11,1855,2,4.520481744297928,0,1,0
24.51,11,218,2,7.842266153692201,0,1,0
56.2,12,773,4,10.33648347663528,0,0,0
295.08,12,2997,0,15.062909660748499,0,0,0
38.54,18,87,3,5.126562297198465,0,0,0
27.11,9,230,3,13.806751818195808,0,0,0
20.75,12,1216,5,4.078630444076994,0,0,0
107.68,15,2987,3,3.577418462493638,0,1,0
33.18,15,824,5,3.3051062968544582,0,1,0
59.52,10,610,8,1.948515871965304,0,0,0
52.49,9,2110,3,0.49427014858013774,0,1,0
103.85,21,2924,1,2.151830741370831,0,0,0
101.02,13,2014,1,15.883026734328539,0,0,0
75.1,17,508,4,2.3861892802602576,0,0,0
88.37,13,999,3,3.093512494522874,0,1,0
25.59,18,2527,4,2.0893588218315937,0,1,0
31.84,20,120,3,19.86119478002768,0,0,0
31.72,13,2033,4,5.998249730463329,0,0,0
26.57,17,1264,2,10.944321894600542,0,1,0
38.26,9,437,7,6.69091950499212,0,0,0
90.63,14,453,2,3.355844806473505,0,0,0
16.18,12,2194,2,12.917516476441598,0,0,0
58.55,10,2958,7,5.128595394203327,0,1,0
89.41,14,2557,6,0.037120436337787055,0,0,0
107.73,12,2819,2,3.399020487952802,0,1,0
75.75,10,1131,0,16.884009904205328,0,1,0
85.71,11,1721,3,14.847074532054098,0,1,0
17.51,8,2099,7,9.561160193881673,0,1,0
53.75,8,276,3,7.400964864146324,0,0,0
144.58,10,2644,1,5.440704483631478,0,0,0
8.09,15,682,4,4.187480168028603,1,0,0
114.67,13,244,5,4.24482207727971,0,0,0
14.26,13,1701,2,5.083857456041393,0,1,0
348.24,10,2492,4,9.210900590993434,0,0,0
35.27,10,2604,2,9.819778097277913,0,0,0
67.74,11,1072,4,0.35174488293805517,0,0,0
7.9,20,2191,3,2.3660698894191596,0,0,0
83.85,12,2718,3,10.715801432674379,0,1,0
19.14,12,1003,1,3.234093984401918,0,1,0
280.11,17,342,2,0.6997846296034114,0,1,0
186.22,15,767,5,12.964904376291821,0,0,0
25.4,15,730,3,2.4672940562800507,0,0,0
98.85,16,2007,2,12.581720436388387,0,0,0
40.24,15,2178,3,6.953551130746764,0,0,0
215.03,17,314,2,4.797854763092143,0,0,0
131.97,14,1417,4,5.1970619464268175,0,1,0
69.85,18,2329,2,0.5814166460202959,0,1,0
114.78,15,2185,1,3.408909714919125,0,0,0
348.92,7,1781,3,30.486164658078064,0,1,0
119.07,13,2734,1,11.146574971003528,0,1,0
119.22,8,2297,2,4.36678386679979,0,0,0
56.77,10,461,2,2.2139930237271805,0,0,0
135.16,8,2234,1,4.4537430544638275,0,0,0
59.75,13,2222,4,0.6180944458033579,0,1,0
28.75,14,286,5,4.576513390947704,0,0,0
29.62,20,1051,1,2.8599714667608973,0,0,0
52.0,10,1141,7,1.752484174253814,0,0,0
1337.51,4,255,7,468.52066578602336,0,1,1
76.38,18,162,4,11.143130576172597,0,0,0
48.74,15,1928,4,2.524951058755854,0,0,0
33.4,23,2751,2,9.739538762513543,0,0,0
143.58,15,1914,2,2.375590811476295,0,0,0
36.88,15,2373,2,4.360925302254868,0,0,0
93.19,10,2556,2,7.235357450645729,0,0,0
105.67,13,313,2,1.6029472904244964,0,0,0
34.47,13,2225,3,6.201567297336261,0,0,0
47.15,17,2973,2,7.250624957692052,0,0,0
23.14,11,713,3,9.65848759967352,0,1,0
60.87,18,2562,3,3.6234505942262363,0,0,0
74.32,12,60,4,23.085606194061334,0,0,0
327.49,18,757,6,11.701149614419023,0,0,0
60.71,12,1073,2,5.213566798404431,0,0,0
48.69,14,1381,1,7.701377419447667,0,1,0
152.87,14,2098,4,16.489447145406587,0,1,0
76.55,7,2836,1,0.2749248331334293,0,0,0
113.79,16,264,3,9.949951015224073,0,0,0
20.58,6,989,2,3.642694638320897,0,0,0
69.54,2,2865,2,3.7396597351144827,0,0,0
91.74,8,2942,3,8.816326709255025,0,0,0
132.9,15,1644,3,4.621342482767014,0,0,0
57.12,10,2381,2,13.469279695488598,0,0,0
20.17,18,458,2,4.667032926002781,0,1,0
20.3,12,1814,2,5.183921776082736,0,1,0
36.55,17,2734,5,4.954058965782762,0,1,0
51.15,15,1330,4,15.567096636668005,0,1,0
98.65,23,2329,4,1.381435005958072,0,0,0
66.26,15,2821,1,12.992960870532087,0,1,0
94.0,8,2902,3,7.946643203952383,0,0,0
10.31,12,2681,3,4.738048204281171,0,1,0
54.7,11,2927,2,7.378689715910692,0,0,0
6.24,10,2697,2,3.1948233694635455,0,0,0
96.4,15,1183,5,8.12235156166122,0,0,0
80.62,21,2429,3,0.008928236630252329,0,1,0
42.14,13,383,3,10.625662827537205,0,0,0
59.78,18,662,4,7.982005209678487,0,1,0
66.16,19,72,4,1.0778927470010835,0,1,0
34.96,10,523,3,5.856464323271162,0,1,0
84.05,15,650,3,12.711167876850391,0,1,0
50.17,18,2666,2,8.384092747122388,0,0,0
48.8,16,195,3,12.729863270968906,0,1,0
59.74,3,2855,0,10.252207695927623,0,0,0
30.58,15,1352,2,15.217527999127052,0,0,0
53.93,15,1213,1,3.6517279802635443,0,0,0
55.71,14,1969,2,1.826476700007908,0,1,0
9.98,14,819,1,11.924096008807105,0,1,0
106.9,9,819,3,21.20605451947555,0,1,0
133.55,18,266,1,16.215168984344707,0,0,0
32.2,15,1995,2,2.8682741751677687,0,1,0
40.22,16,629,2,7.311981654625805,0,1,0
26.61,10,2010,5,0.8024225242478797,0,0,0
76.44,18,1154,2,10.732562237043528,0,1,0
173.63,17,648,1,8.197273774704882,0,1,0
143.48,14,2867,2,5.06845912069883,0,0,0
97.47,9,2469,4,11.288674685249442,0,0,0
18.13,13,653,4,12.63042420178827,0,1,0
137.43,16,443,3,10.397959224007469,0,1,0
27.26,10,2086,4,1.5977134994189157,0,1,0
26.22,6,1256,3,4.381874032480226,0,1,0
7.66,16,1665,3,0.8128055911905117,0,1,0
59.56,4,1439,6,1.5542021355057267,0,0,0
27.11,19,737,5,14.203257897480631,0,1,0
235.11,23,1442,1,13.197768405542547,0,0,0
91.06,11,814,3,4.638974048847053,0,0,0
173.61,14,931,1,0.9624194646357243,0,0,0
122.22,17,948,5,11.674900390250173,0,0,0
11.24,12,2903,6,7.974373946419897,0,1,0
7.56,23,1143,5,14.941481954412666,0,0,0
43.07,14,670,3,11.067728075227343,0,1,0
132.57,14,2142,1,5.9337820072885155,0,0,0
51.36,18,1084,3,1.6571393107297396,0,0,0
39.83,13,404,5,8.825222762386158,0,1,0
45.84,13,2404,0,15.1183816426506,0,0,0
123.05,10,862,2,5.5582579083462615,0,0,0
23.41,18,2131,2,6.819606461729872,0,0,0
18.69,16,2179,6,3.3838537655496044,0,0,0
35.64,14,2459,2,1.158601869373252,0,1,0
209.15,10,258,0,2.170998959703409,0,1,0
67.64,14,2051,0,15.28322045163951,0,0,0
36.95,19,1259,3,1.1212712586633682,0,0,0
14.66,12,361,2,13.14000833860873,0,0,0
35.54,13,835,2,14.97738788799065,0,1,0
96.32,13,103,3,11.81471546019866,0,0,0
93.86,8,1082,1,1.4324976810911392,0,0,0
55.65,12,2670,3,2.1139410010370585,0,1,0
45.36,11,2889,6,16.59395965561803,0,0,0
30.14,16,769,3,4.024266493277369,0,1,0
18.37,11,724,3,15.27430767828969,0,0,0
15.63,12,353,2,10.483289295114448,0,1,0
70.9,17,1519,5,9.314851881100285,0,0,0
65.82,12,400,4,10.354472247721384,0,0,0
67.34,15,443,4,6.370544876228935,0,0,0
23.47,20,1534,6,6.758540461118434,0,1,0
68.91,16,2887,6,18.052641788348936,0,1,0
14.83,16,2363,5,13.108604609240537,0,1,0
280.88,15,189,3,9.362804390662015,0,0,0
102.18,15,1139,2,7.475874571274122,0,0,0
209.85,16,2668,1,3.4737248058161736,0,0,0
67.71,14,147,1,6.401442210775748,0,0,0
264.14,13,492,2,12.184554272322938,0,1,0
180.8,13,546,3,9.143389591372639,0,0,0
115.79,7,113,3,4.36905262986111,0,0,0
169.66,7,864,3,3.7916484053441177,0,1,0
49.39,17,716,5,8.102642441159324,0,0,0
81.02,15,938,4,1.5590564803477474,0,0,0
27.36,15,517,4,2.3596578815033875,0,1,0
40.09,11,653,4,20.722138347219364,0,1,0
23.98,15,1113,4,15.07402324908724,0,1,0
10.27,15,1986,2,9.422596009495397,0,1,0
80.12,11,2314,2,8.429320359362446,0,0,0
7.98,15,1786,1,7.010255796410732,0,0,0
30.15,14,1420,2,3.0934194398830828,0,0,0
102.78,12,2951,3,2.498811392626716,0,0,0
102.65,14,1981,3,9.8372865174188,0,1,0
48.96,15,372,2,3.1616681540086526,0,0,0
26.42,21,2025,3,8.881809715751766,0,1,0
25.6,15,2912,2,8.479344882839488,0,1,0
165.43,13,2033,3,10.386493039600483,0,0,0
96.92,10,2227,3,4.5666459481305495,0,1,0
137.62,15,758,2,2.099307000464864,0,1,0
61.04,18,926,4,10.360906520836785,0,0,0
97.88,15,2297,5,3.923859494527905,0,1,0
230.97,17,2732,1,0.22708605158618766,0,0,0
85.65,18,1866,4,11.237142861159574,1,1,0
175.7,12,432,7,1.9226950137722456,1,0,0
80.56,14,2543,4,4.343898169527427,0,0,0
29.32,17,1062,7,11.030601717951127,0,1,0
8.03,15,2634,2,0.43330658020934454,0,0,0
173.17,15,380,7,5.356425281485003,0,0,0
33.33,18,1018,0,20.558037566019895,0,1,0
632.77,4,361,7,357.04095038974674,0,1,1
124.74,18,2878,0,6.497000332523035,0,1,0
121.09,16,2399,4,7.32772654382887,0,0,0
38.95,12,2251,7,11.359206869566504,0,0,0
39.22,11,1377,2,2.0472265561421286,0,0,0
42.26,10,1073,4,13.388357214208764,0,1,0
89.16,9,317,3,2.435396459451864,0,0,0
40.29,8,2013,2,8.102518583803478,0,0,0
50.8,20,2157,6,14.787855042128788,0,1,0
99.88,14,174,4,3.190450481308842,0,1,0
93.66,14,529,1,9.48051683376596,0,0,0
15.21,13,2976,2,12.230159905427499,0,0,0
74.81,14,2856,3,0.9555476528667892,0,0,0
65.59,8,2857,3,15.972807896994805,0,0,0
101.56,7,716,3,12.670909328265259,0,0,0
48.23,14,709,3,6.344070452729753,0,0,0
124.99,16,64,2,18.016774375838242,0,0,0
148.22,12,2483,4,7.160391212588403,0,1,0
124.96,14,1909,3,1.6875024837357548,0,1,0
22.5,13,1464,5,9.427606431978496,0,0,0
85.74,11,692,4,2.501026643143922,0,1,0
145.27,7,927,4,2.0384681747707774,0,0,0
129.25,15,2736,2,3.2226191908500796,0,1,0
33.36,8,663,2,7.863188887391784,0,0,0
65.23,10,2104,2,6.918171260028151,0,1,0
38.65,19,1270,3,12.828762167891814,0,0,0
92.63,1,2771,5,4.089769860697863,0,0,0
27.47,13,44,3,7.074609568866602,0,0,0
67.73,20,2487,3,2.0075510008049475,0,0,0
185.37,10,248,3,16.20498822473735,0,0,0
48.65,15,1153,3,15.300047642551856,0,1,0
81.29,17,2738,3,13.151559074973314,0,0,0
154.87,8,2841,2,1.8028474835174242,0,0,0
19.09,6,1634,3,12.566216223132011,0,1,0
69.72,12,2927,4,8.483383409557165,0,0,0
111.88,14,787,3,1.094863522211532,0,1,0
64.04,16,305,3,14.942095140509705,0,1,0
18.26,13,2059,2,7.809990455794555,0,0,0
18.33,14,857,4,1.1006764601411398,0,0,0
23.64,6,75,0,8.038313080471333,0,1,0
69.92,15,2659,4,1.4971565069184822,0,0,0
86.67,19,2575,3,14.840515203595535,0,0,0
88.32,17,261,5,2.5970309543462724,0,0,0
7.51,16,2769,1,5.9825371688671165,0,0,0
23.86,13,1969,1,2.5159757782419585,0,0,0
14.54,17,103,2,2.8184178545199847,0,0,0
113.0,7,1119,3,9.887581838109323,0,0,0
88.67,12,1143,4,2.2794115236667727,0,0,0
78.54,14,650,2,5.71317670542122,0,0,0
221.46,11,364,5,19.749639631912103,0,0,0
99.22,10,438,4,6.559135673776961,0,0,0
19.35,22,2273,3,11.313745736195685,0,0,0
87.89,11,1545,3,0.6826852876500427,0,1,0
81.9,6,2689,3,13.509067543253202,0,0,0
123.08,22,2869,2,3.073954258505231,0,1,0
53.28,11,526,4,16.10780112399015,1,1,0
109.63,15,1435,0,7.3647051265805,0,1,0
149.86,15,2482,2,11.995879073085543,0,1,0
152.7,11,2941,2,4.412041254965567,0,0,0
103.58,7,2657,2,8.051464614408584,0,0,0
140.78,8,1531,3,8.155367617617037,0,1,0
78.95,5,1982,1,5.662646841004649,0,1,0
31.64,11,1415,6,15.51171996721923,0,0,0
85.52,12,920,3,7.906635790818132,0,0,0
106.09,22,414,3,3.97230682484707,0,1,0
92.36,9,2032,2,6.334316412085009,0,0,0
71.16,16,2884,1,10.755713299297373,0,0,0
104.08,11,1877,1,13.963005621401194,0,0,0
83.78,13,1932,4,2.285105813741035,0,0,0
107.22,21,936,2,8.265362667358477,0,0,0
135.1,19,2924,1,17.559477285403702,0,0,0
141.32,13,2206,1,5.555380340225637,0,0,0
803.19,5,59,6,239.1034736236641,1,1,1
51.32,9,2369,3,3.419926990116764,0,0,0
74.1,13,1506,5,7.923620483645969,0,1,0
92.54,10,1591,0,2.621182101644661,0,0,0
39.97,19,1864,3,6.396570708060662,0,1,0
144.42,14,1402,2,12.465229234935817,0,1,0
28.31,13,2132,6,2.483614874859433,0,0,0
103.64,9,1714,3,2.6580148215499415,0,0,0
42.12,17,457,4,6.985049435723557,0,0,0
30.69,12,2313,4,4.214854982407072,0,0,0
183.13,21,1200,1,5.258952420935451,0,0,0
48.97,10,504,3,4.116992203249488,0,1,0
22.14,14,1847,2,14.330035196271353,0,0,0
150.73,7,2171,3,17.913707414899314,0,0,0
62.89,19,384,2,5.56660519244852,0,0,0
29.22,5,1287,2,5.299717711461218,0,0,0
17.59,14,2623,2,0.7533539664606215,0,0,0
87.51,13,153,5,11.655074245775339,0,1,0
102.58,14,2497,0,0.6490829373227909,0,0,0
100.0,10,1752,5,13.237415801663289,0,1,0
49.01,11,574,1,3.3010100859818454,0,0,0
56.15,15,1392,3,5.573495783280221,0,1,0
52.51,15,2400,1,9.555206623872797,0,1,0
71.94,14,2999,7,10.855920149182582,0,1,0
136.67,14,2709,3,3.771123781723018,0,0,0
66.46,12,499,3,8.973272352383836,0,1,0
43.55,15,998,0,2.1124666282894675,0,1,0
40.57,11,2685,3,9.383871941176032,0,1,0
71.72,14,225,1,8.923684969235367,0,1,0
72.21,9,2668,5,19.272065759308283,0,1,0
28.86,23,1424,0,5.330002744650648,0,1,0
16.33,19,1585,3,13.282082155084474,0,0,0
14.44,3,2889,1,28.53916306823013,0,1,0
94.61,16,230,2,1.7747937019961748,0,1,0
195.27,14,760,0,9.905802164686538,1,1,0
53.12,15,2173,2,6.898418039884802,0,0,0
94.18,15,375,5,4.415481587211872,0,1,0
24.71,14,2308,7,0.1053486529385026,0,1,0
32.7,14,976,2,5.539351170773778,0,1,0
6.5,20,2358,2,11.009303592044104,0,0,0
19.7,12,1451,4,9.027840045221527,0,0,0
6.95,17,1489,3,3.7445471311649445,0,1,0
36.89,16,135,5,13.236264801359276,0,0,0
135.96,18,182,2,2.531248180911872,0,0,0
167.62,22,1331,4,5.491943943651629,0,0,0
39.14,20,1244,1,1.888963102867733,0,1,0
32.39,14,1297,7,6.686057938482788,0,1,0
75.14,17,1896,2,10.668990269346123,0,0,0
39.56,12,842,3,2.2703656982422387,0,0,0
122.9,10,2787,6,2.757825803128352,0,0,0
66.03,19,1524,3,2.5269486589224854,0,0,0
135.98,7,1754,4,6.903395834498169,0,1,0
25.7,16,2961,2,11.936324780596125,0,0,0
23.01,7,1687,1,3.138310002124435,0,0,0
143.91,9,155,3,17.671276765006795,0,0,0
42.05,5,98,4,14.164741872235485,0,0,0
215.68,18,1358,4,16.232063680348293,0,1,0
52.01,16,2720,2,5.312686229534321,0,0,0
42.57,16,1078,1,6.372706117224279,0,0,0
14.78,8,1767,3,1.6118410923331092,1,1,0
24.85,20,1990,2,15.919750842939033,0,1,0
118.84,16,2385,5,9.871229601747604,0,0,0
29.17,19,436,5,12.368288666204025,0,1,0
252.59,11,298,3,0.9207113115800416,0,1,0
110.42,14,1478,7,7.51643073685499,0,1,0
58.54,14,53,2,6.012650746239457,0,0,0
125.5,12,2221,4,1.1060466079958977,1,0,0
32.19,23,57,2,7.242833299415183,0,0,0
51.13,15,1512,4,0.04252921353451544,0,1,0
48.05,13,1307,2,3.2971914175909713,0,1,0
15.15,16,1071,6,8.073930640563386,0,1,0
173.54,16,2371,2,1.1527968837921323,0,0,0
130.77,12,879,8,2.3658849161273134,0,0,0
95.67,12,784,2,7.961017334905028,0,1,0
39.05,15,1534,2,0.6778997989880864,0,0,0
11.7,15,2294,1,12.851520097743153,0,1,0
30.95,13,1962,2,0.06970076826394234,0,0,0
20.33,22,102,3,10.587643130075515,0,1,0
6.96,11,633,1,4.277412745333903,0,0,0
22.6,9,701,1,13.413685754513828,0,0,0
75.87,15,2292,0,6.148691113393417,0,0,0
57.72,15,2118,3,2.360358667593725,0,0,0
31.25,19,747,1,14.885664345480398,0,1,0
14.3,14,693,3,4.7605660875864455,0,0,0
48.11,15,1556,5,7.559704544455421,0,0,0
48.07,10,1495,4,5.5649162001481045,1,1,0
34.1,15,2357,6,9.716573505427903,0,1,0
5.26,7,673,2,15.17188417584998,0,0,0
55.06,14,877,1,16.685936334343005,0,0,0
88.13,4,1867,6,7.622133520540594,0,0,0
65.49,8,671,5,7.579156777673308,0,1,0
20.67,14,1729,3,8.224879052828285,0,0,0
96.57,12,510,5,1.67767877953173,0,1,0
21.96,12,498,3,25.604668983629843,0,1,0
105.01,23,632,4,2.545023699191721,0,1,0
19.56,13,333,5,0.6390853338754647,0,1,0
125.65,10,2607,2,14.868815469734514,1,0,0
85.81,9,1737,2,6.199829835810382,0,1,0
25.31,11,564,4,13.337369185474964,0,0,0
31.37,16,508,1,13.655587034077987,0,0,0
87.86,7,418,5,4.310095281223752,0,0,0
28.92,12,2656,4,6.661953259004265,0,1,0
243.6,18,830,2,12.13210137175546,0,0,0
95.92,13,1292,6,3.55961429536518,0,0,0
94.65,14,2227,3,8.786209757547855,0,1,0
8.13,7,1207,4,7.897983333303198,0,0,0
220.4,14,1502,2,7.859678722446368,0,0,0
36.33,14,945,3,10.88829175421851,0,1,0
141.22,11,1415,1,2.495571668752728,0,0,0
3.53,16,1886,3,1.3547901336479384,0,1,0
55.74,11,1205,3,8.725051281570366,0,1,0
54.35,17,1417,6,12.978389213938335,0,1,0
45.03,11,1656,2,9.735272974126303,0,0,0
84.68,7,137,5,10.863199886519325,0,0,0
1.83,14,376,2,5.363314907159872,0,0,0
20.17,13,2170,1,14.982415648878648,0,0,0
36.16,12,491,1,8.108231526819404,0,1,0
171.14,16,686,4,10.806973167094707,0,1,0
202.09,13,222,2,0.20736865322839915,0,1,0
96.24,9,201,2,7.042043922396916,0,1,0
98.2,18,925,1,9.673585171422154,0,1,0
25.63,10,2145,2,4.917808350180917,0,0,0
142.16,16,1725,4,16.528602705339175,0,0,0
71.26,11,2824,5,0.23432251315302555,0,0,0
32.98,12,1253,3,9.96710804779406,0,0,0
30.59,19,244,2,20.15472693234835,0,0,0
77.34,18,2047,4,10.010284507129573,0,1,0
19.16,19,2752,3,8.965395119531687,0,1,0
103.12,12,2648,3,10.698653412348879,0,1,0
123.99,11,907,2,8.59930254759784,0,1,0
46.55,18,1079,1,8.936065571954236,0,0,0
73.36,20,400,5,14.860942641098077,0,1,0
123.14,21,1926,0,1.431323265980605,0,0,0
69.35,11,2377,0,6.683165250167819,0,1,0
77.43,11,1033,3,14.921742231198577,0,1,0
165.0,12,907,4,0.9488451929063313,0,0,0
35.89,13,2210,3,8.940557259710166,0,0,0
72.66,20,1115,3,0.9240002370237441,0,1,0
16.33,15,760,2,15.195009039896366,0,1,0
86.14,14,1671,1,22.307741702960993,0,1,0
403.04,1,20,18,192.56979051374455,0,1,1
78.19,13,1571,2,20.28283847152379,0,0,0
79.76,14,612,1,17.87291942487588,1,0,0
99.31,5,2571,6,0.9843511402899141,0,0,0
75.13,13,2451,4,23.13601744531518,0,1,0
34.37,17,1258,1,5.01094671018691,0,0,0
9.76,23,184,4,5.75618661849926,0,0,0
42.87,12,1339,3,3.8625127081406987,0,0,0
116.44,16,777,1,2.972373327853943,0,0,0
41.77,16,2233,1,1.4018333102642346,0,1,0
15.19,17,455,3,11.4489936651707,0,0,0
282.27,2,335,10,329.73939870716356,1,1,1
66.22,15,1765,2,19.757398187206043,0,1,0
90.68,9,1090,5,4.442295708193377,0,1,0
46.43,12,326,2,6.790024987260507,0,1,0
102.95,11,740,0,18.967173183838202,0,1,0
94.94,13,736,2,1.8053349452402503,0,0,0
13.36,17,877,3,4.3066749094844194,0,0,0
60.4,22,1220,1,20.758098082759,0,1,0
83.94,20,2328,3,0.811801721105847,0,0,0
167.28,12,1191,2,12.967672265810604,0,1,0
110.24,11,761,4,1.0832727339223638,0,0,0
83.58,5,1208,4,5.102612997708947,0,0,0
74.2,10,2681,4,7.087744537257288,0,0,0
332.42,20,1585,3,4.385720483290041,0,1,0
77.34,22,377,3,4.3421843509043185,0,1,0
17.26,15,1252,3,14.076727720617521,0,0,0
116.11,8,2696,1,2.495337027119426,0,1,0
43.49,10,1194,1,23.541719081670525,0,1,0
113.86,13,1797,4,2.238926270758668,0,0,0
85.58,10,2292,0,0.8258794790823041,0,1,0
144.73,13,212,4,12.304741181930263,0,0,0
140.12,13,1661,3,10.783791142919185,0,0,0
44.31,10,2579,4,4.41791022953952,0,1,0
16.56,14,2628,3,7.830440525641018,0,1,0
91.02,11,1861,2,16.513292910992575,0,0,0
108.89,15,2530,1,0.2858280633727235,0,1,0
55.77,11,2123,4,17.062586622127604,0,1,0
49.58,17,2130,4,5.1481449392410195,0,1,0
72.43,8,2581,4,1.7519846458235286,0,0,0
30.79,15,85,5,2.3453795234152235,0,1,0
43.35,13,1560,1,15.885812245777188,0,1,0
44.42,5,1874,3,7.113413551360171,0,1,0
50.86,15,817,3,12.109059375865737,0,0,0
83.13,16,343,5,5.427731485646401,0,0,0
33.67,13,2401,4,14.874793186393159,0,0,0
154.77,12,499,2,6.233266227012564,0,0,0
80.82,14,814,2,8.478116668957528,0,0,0
114.67,12,573,2,10.354401177091773,0,0,0
124.85,6,77,4,12.53465279325528,0,1,0
17.02,14,974,2,16.764533482152892,1,0,0
42.85,12,385,6,11.396920117603745,0,0,0
19.79,15,2251,4,2.605331689723069,0,0,0
98.51,20,1633,3,3.72738700592532,0,1,0
72.83,13,1418,4,0.031844538733739824,0,0,0
112.63,18,412,2,8.371352587035613,0,0,0
78.58,10,2711,2,9.868439944433165,0,0,0
106.82,15,2937,1,9.462448516058156,0,0,0
85.93,13,1145,6,3.901086299742437,0,1,0
101.35,15,2654,2,4.212671420323577,0,0,0
77.56,7,745,2,4.438825317182463,1,1,0
66.86,5,445,3,16.130602334252522,0,0,0
55.51,15,1988,5,3.9402451233917435,0,0,0
76.42,7,1958,3,1.0456463815035706,0,0,0
150.4,15,2365,3,4.7626080653151766,0,0,0
44.96,18,2633,4,4.066621725437901,0,0,0
102.39,10,1017,3,1.6084267220237813,0,0,0
123.14,12,1416,6,13.994872606192343,0,1,0
173.62,7,2050,1,6.770257029358094,0,1,0
29.74,12,2305,0,0.31409621249783193,0,1,0
116.38,7,2484,1,0.6530616827213205,0,1,0
76.2,13,850,3,13.897273023963603,0,1,0
52.25,15,314,0,2.1617610953051827,0,1,0
96.23,4,2413,4,0.6623941062217353,0,0,0
134.12,11,1656,2,1.7286639926152318,0,0,0
59.21,21,1312,1,6.699508262391941,0,1,0
66.2,22,2723,5,2.3385851234124724,0,0,0
38.18,20,309,4,0.0026511958564210403,0,0,0
152.83,21,2861,2,17.605179509447282,0,0,0
64.76,7,1210,1,3.922174583336513,0,0,0
201.33,10,717,3,8.855372252838869,1,0,0
10.45,20,2344,2,1.0625983800319085,0,1,0
118.59,11,1677,4,5.460616337864328,0,0,0
73.01,10,695,4,12.636176614242945,0,1,0
102.18,19,1170,3,17.079327424958358,0,1,0
76.62,12,1502,1,0.786478570738824,0,0,0
61.69,12,638,2,3.001521352930677,0,0,0
43.79,8,1204,4,1.7292107038541356,0,0,0
34.9,17,2313,3,11.108715826656603,0,0,0
37.77,12,2344,2,1.19896553451101,0,1,0
274.29,6,2972,6,11.404253696736987,0,0,0
54.87,8,2565,5,9.287242371462478,0,0,0
92.14,15,176,2,5.161236319734607,0,0,0
59.77,18,939,5,10.169012522213112,0,0,0
67.25,16,239,5,9.029682366786549,0,0,0
82.85,13,911,4,9.37517960974586,0,1,0
38.65,21,963,5,4.3311373742567065,0,0,0
61.11,12,1379,7,4.759166070175198,0,1,0
58.03,12,1117,6,1.6354390895453799,0,0,0
8.72,13,1443,5,11.327922797973248,0,0,0
27.45,13,2814,0,1.7604334154952737,0,0,0
65.59,19,2164,5,4.498330260815423,0,1,0
54.49,8,2438,3,6.88793797478559,0,1,0
213.28,19,1058,5,7.858799329163347,0,0,0
68.8,12,2734,3,2.473493582391476,0,0,0
45.18,21,387,1,3.4803669058668234,0,0,0
39.27,17,1652,2,2.7273949141709215,0,1,0
159.92,17,2952,2,9.522970869940508,0,1,0
36.75,14,569,4,3.9844817273675255,0,0,0
98.4,18,1721,1,1.1717408213967984,0,0,0
143.35,19,1895,2,2.1979054690672823,0,1,0
24.22,17,113,4,18.181174903918524,0,0,0
34.85,14,2233,1,11.066602548441477,0,0,0
80.13,7,2954,0,7.900984033469584,0,0,0
65.52,16,190,3,7.5611265648743355,0,1,0
27.08,11,708,4,10.822354926906904,0,1,0
44.16,19,2237,6,0.8278761994938328,0,0,0
114.38,10,2650,3,6.032395019765496,0,0,0
161.55,13,489,4,4.300571607401779,0,0,0
134.43,16,1607,2,1.5537133550372273,0,0,0
120.37,16,1611,5,10.920101496938317,0,1,0
28.09,7,183,3,0.150798400094331,0,1,0
24.99,10,1207,0,8.600792752815392,0,0,0
171.93,19,2091,5,13.64302374210254,0,1,0
61.41,15,379,3,0.6650242203400545,0,1,0
68.18,15,1705,8,4.823712121132311,0,0,0
59.3,16,874,2,5.694307859387852,0,0,0
10.22,20,810,2,5.565351905752404,1,0,0
55.85,7,2812,2,2.5109026778995096,0,1,0
32.11,14,2880,4,2.1172984619436086,0,0,0
131.82,18,315,1,3.144121398061499,0,0,0
27.46,12,2901,3,1.59961561551384,0,1,0
59.28,13,222,4,2.512495476606803,0,0,0
8.56,14,2360,1,3.436110393719158,0,0,0
68.83,12,2275,2,11.238568778528895,0,0,0
76.47,14,1532,3,19.030337416330774,0,0,0
64.59,15,1482,2,1.1289786161266768,1,1,0
78.54,5,2680,1,5.598888234782347,1,0,0
28.88,9,456,4,4.510449044706748,0,0,0
80.36,8,575,2,3.0743940890351342,0,1,0
67.69,16,2115,3,8.645125243774602,0,1,0
33.23,20,957,6,15.094130421469204,0,0,0
14.71,8,1048,2,16.465629352963923,0,0,0
40.33,8,1279,4,4.272425794884611,1,1,0
135.28,7,2796,7,10.464581995900433,0,1,0
48.21,14,1084,1,2.962482407305219,0,0,0
117.54,18,1151,4,6.146998558738309,0,0,0
18.49,14,1056,4,3.097499500468852,0,1,0
118.63,19,1351,1,2.3783197893648835,0,1,0
15.09,10,797,7,3.482528851261879,0,0,0
83.41,12,1434,3,4.901336700175182,0,1,0
70.27,15,2970,3,9.581588082269885,0,1,0
74.43,13,1701,1,11.392995364747488,0,0,0
62.81,9,1721,0,11.424422517522467,0,1,0
37.08,11,1695,3,4.487634757747799,0,0,0
70.75,12,2520,4,11.107653499825659,0,0,0
28.22,13,1922,2,1.4676442471196278,0,0,0
86.73,15,1649,5,7.88935144863993,0,1,0
80.45,17,1408,6,8.681204894666735,1,1,0
82.4,15,1268,1,4.818852590512965,0,1,0
16.07,13,1090,0,6.164985650920144,1,0,0
57.03,19,2622,2,18.087731426829592,0,1,0
87.57,23,146,7,5.548947949360061,1,0,0
131.51,15,1634,1,0.9564841706809215,0,0,0
155.33,14,1505,5,6.956030759805156,0,0,0
67.21,8,279,3,8.118558820869161,0,0,0
59.64,8,1993,0,3.691317744721885,0,1,0
89.02,9,1012,1,10.998248710929108,0,0,0
181.02,7,377,2,3.4100112836609178,0,0,0
166.4,4,213,7,750.1811467568543,0,1,1
102.03,13,2661,4,6.250094231738274,1,1,0
356.15,11,1037,6,0.8986735458342352,0,1,0
75.27,20,463,3,20.118668414575644,0,1,0
83.37,11,2179,1,19.783018556364016,0,1,0
129.16,16,101,3,4.977127323366741,0,1,0
228.05,13,1956,7,14.640519337252567,0,0,0
101.41,18,386,1,4.434461789749649,0,0,0
256.13,19,1648,3,10.283898711983518,0,0,0
154.17,7,1936,3,6.359845904962453,0,0,0
101.83,17,2867,4,8.784794616776889,0,1,0
84.7,8,2320,3,13.633068657666264,0,0,0
42.68,18,903,4,5.152198004654489,0,0,0
23.64,11,2869,4,15.068237454597273,0,0,0
52.04,11,318,6,18.730176318458273,0,1,0
169.5,22,1555,3,13.293196894104911,0,1,0
109.59,20,2118,3,6.591087070230595,0,1,0
28.81,12,2993,1,15.138921476169882,0,0,0
252.62,15,690,3,12.96040615887673,0,1,0
38.48,14,324,0,0.6123086452738571,0,0,0
116.96,18,2892,1,3.355300823152488,0,0,0
203.41,17,1371,2,5.180827744549023,0,1,0
169.19,18,222,2,3.2545485748587057,0,0,0
80.41,19,96,3,4.376391929476298,0,1,0
53.49,12,668,7,10.382130953614562,0,0,0
82.19,14,2882,3,9.580252820911019,0,0,0
64.04,18,615,3,2.497900037434168,0,0,0
108.05,9,2819,1,11.303730187617267,0,0,0
21.52,11,795,5,0.6234527312682294,0,0,0
61.67,20,1829,6,3.137605650815013,0,0,0
255.73,7,2656,3,3.311185881479754,0,0,0
95.26,19,1781,5,9.342741599344885,0,0,0
30.24,9,1976,3,10.004736227763217,0,0,0
105.58,14,1755,3,1.6244337733773397,0,1,0
161.32,13,1630,1,2.294015208377692,0,0,0
46.81,3,2780,5,25.334560634524905,0,0,0
59.97,8,213,6,1.6611575197115145,0,0,0
42.48,17,2455,3,12.457688406868689,0,0,0
41.05,8,127,0,5.132149948097063,0,1,0
35.74,12,1045,4,2.588503086113171,0,1,0
23.62,20,2950,4,6.593714195574595,0,1,0
30.32,12,2527,1,10.881330734894973,0,1,0
96.59,13,2639,4,13.268983930656827,0,1,0
64.04,9,1617,2,2.5409571458621656,0,0,0
87.97,13,288,3,3.8815257999379584,0,0,0
95.62,17,2542,5,14.431794779241148,0,0,0
99.23,16,1629,3,0.8311327429540745,0,0,0
101.3,8,2333,1,3.166038336461657,0,1,0
80.06,23,2207,3,14.860294584634362,0,0,0
29.7,14,2586,3,10.43047317689451,0,0,0
18.53,18,2089,3,0.15790608190798228,0,1,0
132.94,14,1444,4,9.549421966475833,0,0,0
15.13,11,1289,2,3.194282781882781,0,1,0
46.09,8,1659,4,0.34067745506160296,0,0,0
27.73,16,2252,5,18.387878398269095,0,0,0
66.07,10,2339,2,1.4884050894447847,0,0,0
189.88,8,733,2,0.9183589061254605,0,0,0
64.17,13,458,1,5.753993548551926,0,1,0
72.18,14,2017,1,7.349460469770918,0,1,0
87.06,5,2251,0,21.283685582525166,0,0,0
48.55,17,2235,1,18.814358146584738,0,0,0
101.97,14,2205,0,6.524754053220417,0,0,0
49.75,18,865,1,5.21077248903914,0,1,0
165.85,5,1514,4,4.9327743425024275,0,0,0
48.63,11,1023,3,0.9543238519376054,0,0,0
22.05,9,2637,4,20.73765379056725,0,0,0
67.33,14,2062,1,7.112255621321951,0,0,0
39.8,15,2624,4,9.548916829359204,0,0,0
424.23,1,362,10,626.4805232841225,1,1,1
25.26,13,222,8,2.6642633332635737,0,0,0
51.23,13,2854,3,11.434649636435893,0,1,0
56.46,17,703,6,0.5148179993479323,0,0,0
134.25,10,1771,2,4.433124329229077,0,0,0
32.66,12,1887,2,5.2400815307309365,0,1,0
126.55,2,1988,5,8.326880694034868,0,0,0
44.62,15,2940,3,5.197537228142859,0,0,0
60.18,12,69,1,9.017805951234951,0,1,0
136.23,6,2587,0,2.1779145022525848,0,0,0
29.18,18,438,5,2.5682722440625803,0,1,0
71.45,14,2393,3,7.526470391797636,0,0,0
68.0,9,1715,4,3.9139996712595115,0,1,0
52.77,12,437,0,1.6670274963308325,0,0,0
35.34,19,1357,0,1.9314679470105145,0,1,0
118.53,19,2624,1,1.5484499791004724,0,0,0
37.83,12,793,4,11.056245941394106,0,0,0
28.88,18,2779,2,0.23211129535647412,0,1,0
109.22,17,2215,3,6.262016862367753,0,0,0
84.98,16,101,3,4.098251137442074,0,1,0
41.88,14,2378,1,5.0805710966543325,0,1,0
94.34,21,641,2,7.011486754057021,0,0,0
71.88,14,1790,3,4.191452840837137,0,0,0
71.06,11,2362,3,15.244496612873219,0,0,0
476.28,5,16,9,623.467170272337,0,1,1
166.17,10,485,2,12.196878372157702,0,0,0
74.16,13,2216,3,4.344262778612284,0,1,0
189.98,8,1733,2,10.901913465652667,0,0,0
90.34,13,306,3,8.007849910646906,0,0,0
19.79,15,312,5,17.41273439161134,0,0,0
73.18,12,2345,5,19.77992981091615,0,0,0
92.67,12,2214,7,12.730856299336457,1,1,0
20.73,14,2893,3,12.653258574768426,0,1,0
31.61,7,2161,3,0.22431558419517916,0,0,0
26.2,12,1857,1,1.3660674358683917,0,1,0
268.68,0,385,6,699.8883614455358,1,0,1
8.91,13,2721,1,1.112419443164188,0,0,0
82.32,9,1751,3,1.3363690779377828,0,0,0
47.89,17,1966,3,8.909184168593791,0,1,0
77.41,9,2879,5,1.414944346268257,0,0,0
24.26,9,2337,4,4.655376209947281,0,0,0
91.73,15,46,1,10.613994794017952,0,0,0
108.73,19,875,1,2.7052930948835714,0,1,0
72.88,13,155,7,8.717069331086098,0,0,0
81.5,8,1258,6,1.4154657719963875,0,0,0
11.6,23,386,7,1.1600313197272323,0,1,0
104.98,13,1577,2,4.864065887587715,0,1,0
33.6,11,1000,2,0.4696801300825113,0,0,0
99.1,17,437,4,10.551641325697403,0,0,0
278.4,9,1564,1,1.0448399911910844,0,1,0
181.24,10,2635,2,10.438997452950343,0,0,0
207.73,14,156,4,0.5782816586264001,0,0,0
8.74,9,1046,4,6.854505258718413,0,0,0
112.11,7,1192,1,5.188253441135988,0,0,0
39.65,8,2367,0,5.369136581715157,0,1,0
22.55,13,2745,3,6.25260020169093,0,0,0
128.04,9,2343,5,9.061562674832004,0,0,0
17.71,11,2234,2,17.484056743143825,0,1,0
10.95,13,214,4,3.474126607107085,1,0,0
45.15,20,2092,2,3.747691978053316,0,1,0
164.54,16,345,4,3.076963074576737,0,0,0
111.84,19,1591,0,19.395411293563996,1,0,0
148.86,13,460,0,8.931396815527519,0,0,0
126.37,9,2879,5,5.198611065560292,0,0,0
61.22,11,2673,5,14.211729432225312,0,1,0
57.19,9,2211,3,7.894721462617062,0,1,0
25.18,11,2781,1,6.144889911601631,0,1,0
22.67,17,1393,6,2.5627228123431998,0,0,0
93.09,14,1807,1,4.4799484468102095,0,0,0
78.27,17,1431,3,10.087767976075313,0,1,0
62.18,21,365,5,2.7204894250217153,0,0,0
146.02,8,2793,4,15.406660861934197,0,0,0
99.09,20,822,4,4.806893783600991,0,0,0
21.23,15,2194,4,12.85599038969007,0,0,0
200.31,13,462,4,6.685785458732256,0,0,0
68.07,15,1280,1,15.868026682359327,0,0,0
40.98,13,52,2,4.235317351262154,0,0,0
123.62,5,1131,5,6.6411630345976755,0,0,0
59.42,15,2695,3,2.7215240360278816,0,0,0
150.03,8,1461,9,4.030561619326083,0,1,0
80.07,18,2329,3,22.269606376339464,0,1,0
61.6,10,1185,3,7.863613321124824,0,0,0
106.3,10,1505,5,9.653512112034775,0,0,0
94.72,20,2574,5,14.23046558935035,0,1,0
94.58,19,1479,1,5.015762386365774,0,1,0
21.0,10,865,1,14.677748700014194,0,1,0
9.18,15,585,7,16.133776873295062,0,1,0
93.18,11,2775,2,16.659949712197218,0,1,0
24.19,2,210,9,137.07557852413112,1,1,1
106.1,10,1843,1,1.0019334310036574,1,0,0
78.87,13,1466,3,6.774714195421941,0,0,0
49.29,12,2422,4,12.371660599715245,0,1,0
135.93,10,1699,2,16.274608547368672,0,1,0
24.14,8,1856,3,3.7610119280569467,0,0,0
65.57,13,2299,6,8.662303225161505,0,0,0
118.47,8,912,3,19.775049383156308,0,1,0
30.3,9,2434,4,0.7863941315393559,0,1,0
65.12,18,2319,4,6.291284321921372,0,0,0
9.53,9,156,4,5.3263681902194975,1,1,0
23.44,12,2116,1,4.186021073158818,0,0,0
61.22,10,1330,1,15.335790933802443,0,1,0
62.4,12,1808,3,1.3458039612743278,1,0,0
17.23,10,367,4,2.9831114767122804,0,0,0
43.55,13,2596,2,12.795277974528396,0,1,0
52.9,7,2642,3,4.152131237613333,0,0,0
66.71,15,1410,2,2.417948601511517,0,1,0
91.97,10,101,2,14.803907007215114,0,1,0
152.86,21,2132,7,14.323752916954504,0,1,0
180.02,15,1637,3,2.0321094346803994,0,0,0
20.35,14,2904,1,9.081635004541278,0,0,0
87.58,14,1094,1,10.83024928042524,0,0,0
67.31,8,1038,3,22.49754682264463,0,1,0
30.43,21,676,3,16.559777064387937,0,0,0
27.43,13,315,0,3.1864770552375425,0,0,0
253.99,16,1038,1,13.872833206420253,0,0,0
619.81,1,254,6,237.9097768631079,1,1,1
165.09,16,2436,5,14.924100930550413,0,1,0
173.9,14,2041,2,7.9517519777843315,0,1,0
97.13,17,192,4,4.153450755490598,0,1,0
33.51,15,35,4,12.67194458099466,0,0,0
50.79,8,1074,3,0.2329055940695568,0,1,0
23.93,7,2174,5,1.3921622264799618,0,0,0
337.92,15,383,4,4.999344838545488,1,0,0
31.8,11,1099,3,9.074775933852811,0,1,0
155.81,12,408,2,4.661976521156977,0,0,0
49.82,19,1131,4,6.577039708595105,0,1,0
85.81,14,501,3,0.903947371293258,0,0,0
48.58,8,1737,4,11.33008023538622,0,0,0
59.68,14,576,3,0.795409954988604,0,1,0
66.9,16,2271,1,9.890217778497785,0,0,0
30.09,9,2957,1,0.1764066293815496,0,1,0
171.86,7,1499,5,10.986393156913792,0,1,0
294.96,20,2600,5,5.351721606912097,0,1,0
110.29,16,982,3,6.831289133113779,0,0,0
34.21,11,247,3,4.1659026493664015,0,1,0
65.98,7,1751,7,3.543017988076125,0,1,0
144.74,16,2500,1,9.56645361122935,0,1,0
101.14,10,980,2,12.424857052411728,0,1,0
97.06,12,2579,3,4.515805933562472,0,1,0
121.86,8,1961,5,17.396724823495987,0,0,0
50.27,8,1898,2,13.75736557447801,0,1,0
7.95,17,2842,3,25.08350914457387,1,0,0
106.35,20,1926,1,11.706979389948673,0,1,0
13.55,11,1857,5,2.8072274219182147,0,1,0
140.44,16,2083,7,7.809666426616845,0,0,0
62.73,17,230,3,7.165992091654044,1,1,0
30.79,16,1234,3,8.437914433760652,0,1,0
53.41,10,402,2,6.035144837508783,0,1,0
127.52,11,2578,7,1.923878638637328,0,1,0
33.7,20,589,1,2.274177476063853,0,1,0
122.62,19,2617,0,14.037577035567947,0,1,0
65.97,18,398,1,29.90130260226897,0,1,0
28.68,9,103,2,8.385244417388385,0,1,0
112.27,16,303,3,3.1548476911880243,0,1,0
129.11,12,2138,4,14.619340612341304,1,0,0
60.64,17,853,1,6.8115048654145935,0,0,0
152.75,17,1172,8,4.033519982808559,0,1,0
224.09,9,2995,2,0.7855819408493971,0,0,0
170.48,15,2012,2,0.47622358267685794,0,1,0
31.59,12,1697,4,12.83094658500103,0,0,0
66.03,16,2243,4,0.19050303966420845,0,0,0
151.03,14,2955,2,3.4650446676638644,0,0,0
61.34,18,1243,4,8.365304089068648,0,0,0
187.97,23,1051,4,4.021342036336766,0,1,0
17.73,16,1145,4,6.150238164684405,0,0,0
4.54,19,351,4,12.167818255596362,0,1,0
231.63,16,802,2,6.485816777689491,0,1,0
40.65,12,167,2,3.6765068432191885,0,0,0
108.5,15,800,2,0.313852379435855,0,1,0
224.42,17,2571,2,0.2331415422320262,0,0,0
286.81,15,928,5,3.327648306724602,0,1,0
57.98,11,229,1,6.255830843264175,0,1,0
19.92,12,1084,0,17.899640169879646,1,1,0
46.73,5,2923,3,11.541654085559973,0,1,0
65.43,14,164,4,9.309929739395457,0,0,0
32.11,17,160,1,3.2080955779580744,1,1,0
101.88,12,1568,2,13.348915990784171,0,0,0
15.14,12,938,5,3.187688156277673,0,0,0
113.99,13,2528,2,6.223221205643821,0,1,0
105.76,15,1860,5,10.42428331605057,0,0,0
149.04,22,1345,4,0.7641172131537868,0,1,0
94.49,11,131,2,15.699399251186348,0,0,0
40.02,14,1887,0,15.386146838022555,0,0,0
50.77,8,1255,3,4.820531626314148,0,1,0
39.27,14,1638,2,10.590317587047267,0,0,0
60.27,13,177,3,3.7350493883260185,0,0,0
100.69,9,522,3,7.641256616615794,0,1,0
147.95,19,1581,5,13.029020928860401,1,1,0
162.09,12,2432,6,7.742170976441031,0,1,0
126.83,10,2375,3,2.1128774265833137,0,1,0
9.68,9,2865,5,15.402153810846466,0,0,0
31.57,14,805,2,1.7465358557659854,0,1,0
20.7,15,1894,1,7.448094417794392,0,0,0
22.07,15,1908,4,12.35085994638602,0,0,0
89.27,13,551,3,20.485802748800687,0,0,0
193.99,12,2395,3,8.718288107570277,0,1,0
68.77,13,2771,6,17.78559908414758,0,0,0
7.87,15,2332,3,2.677006737813813,0,0,0
55.12,12,2295,5,8.66793938289093,0,1,0
7.23,6,219,6,0.3336142227600689,0,0,0
44.37,14,1646,2,7.1767344230369865,0,0,0
51.18,14,306,1,4.452750081293917,0,0,0
65.22,9,1640,1,5.890711915553908,0,0,0
62.66,14,2050,3,5.715390189076951,0,1,0
116.59,4,864,2,10.348314551139541,0,1,0
70.36,18,1449,3,5.99930047998929,0,1,0
246.03,1,193,6,711.8300502415246,0,0,1
87.49,18,2089,1,7.4589397937962705,0,0,0
257.64,11,212,3,22.319221492082775,0,0,0
226.94,22,2325,4,11.478457783445183,0,0,0
357.67,1,69,10,386.60760616126163,1,1,1
22.36,9,1229,7,7.206109456958261,0,0,0
94.72,12,108,4,4.1495321819510185,0,0,0
117.48,14,2586,4,2.293635463617482,0,0,0
41.97,18,1403,4,6.1961082965223735,0,1,0
285.76,9,2674,3,13.504772931187327,0,0,0
11.71,20,716,6,5.168290617586834,0,0,0
8.95,15,539,5,11.583702240689812,0,0,0
6.85,21,2745,2,15.439131974415114,0,1,0
88.29,18,84,2,6.587272729239363,0,0,0
130.44,9,143,2,6.927017172820338,0,1,0
54.88,9,976,6,7.256826256826578,0,0,0
117.85,21,435,1,2.3882086101650417,0,0,0
81.66,11,2604,3,14.618697534550575,0,0,0
73.77,19,1517,3,12.277895852135044,0,0,0
148.05,19,2878,2,3.628809906665778,0,0,0
108.44,10,504,3,4.620905148727413,0,0,0
80.12,15,1449,3,7.824296570617111,0,0,0
38.74,15,153,3,17.81857817736513,0,1,0
25.31,15,1435,2,3.453770558710314,0,0,0
91.83,18,1435,4,6.921721703382292,0,0,0
71.29,15,1784,4,11.768666444018372,0,1,0
101.86,20,1786,8,12.02770774584177,0,0,0
86.24,13,2376,2,10.225905506452673,0,0,0
48.67,15,1578,7,20.75016167299085,0,1,0
688.93,3,17,4,680.8821555348319,0,0,1
51.03,19,1283,1,2.339757203574303,0,0,0
226.38,13,2134,6,1.0035906501884164,0,0,0
183.1,10,291,2,2.218730213628675,0,0,0
186.15,13,1373,4,6.067595850531836,0,0,0
118.96,14,2021,6,5.242620521171592,0,0,0
44.08,11,2801,2,3.4372184167865054,0,0,0
129.57,16,1978,2,5.489411372139662,0,0,0
67.93,16,2739,2,3.669809363074134,0,0,0
65.86,12,2118,3,8.593356584545504,0,0,0
16.68,12,104,1,9.693595501715519,0,0,0
39.87,8,487,1,5.251124651697783,0,0,0
104.52,13,182,1,0.3295039622712608,0,0,0
47.51,11,1606,2,3.1799665196442204,0,0,0
51.21,14,1125,3,8.811551438913462,0,0,0
241.27,7,980,6,14.277591479059899,0,0,0
34.09,15,2171,2,5.890479861723426,0,0,0
172.86,18,2871,5,4.873780687803911,0,1,0
78.45,12,1964,6,6.894061522275564,0,0,0
35.45,16,328,3,13.800712755917855,0,0,0
60.12,6,1725,5,1.4446896634551534,0,0,0
86.67,18,1943,5,13.712867599022962,0,1,0
24.5,12,998,3,4.0223326546051394,0,1,0
102.75,20,898,4,11.852681388736013,0,1,0
44.31,12,758,2,1.0470704957839838,1,0,0
37.97,15,2480,2,13.51804121069706,0,0,0
35.01,9,691,0,17.78792041859363,0,0,0
244.07,15,1377,2,9.98726036921006,0,0,0
128.11,23,615,2,6.481768352882719,0,1,0
92.25,13,647,2,2.622434351764891,0,0,0
101.47,13,491,2,2.365510469959045,0,1,0
24.88,15,2124,3,15.730480082504307,0,0,0
15.84,19,954,3,3.90314907140851,0,0,0
77.77,20,1269,2,1.3155324479406532,0,0,0
110.23,15,226,1,4.897795613618817,0,1,0
96.22,16,422,5,4.888577857153686,0,0,0
48.06,14,2756,1,2.2212847658227304,0,1,0
47.83,17,2299,1,12.630228742867182,0,0,0
157.64,9,1227,8,14.575004730721375,0,0,0
13.12,17,2677,1,9.49309376255767,0,1,0
69.89,20,781,1,16.95996309434915,0,0,0
96.12,14,1917,5,1.4431813848229433,0,1,0
18.31,14,42,0,9.529434895595935,0,0,0
91.31,12,1854,4,9.483275850095964,1,1,0
90.2,3,826,2,12.752561872645266,0,1,0
38.94,4,2599,5,1.6364999651404393,0,0,0
29.92,20,613,7,2.13517040964209,0,1,0
66.1,15,293,3,7.448182225198087,0,1,0
101.78,4,878,3,7.499020871252485,0,0,0
199.89,16,369,3,9.303201856122278,0,0,0
13.92,14,1197,3,6.723820057374934,0,0,0
42.47,3,190,5,319.2245774268863,1,1,1
89.36,10,2842,1,5.196938732283373,0,1,0
86.26,9,871,5,9.1500127734467,0,1,0
34.2,13,931,2,1.9076198933594632,0,0,0
46.03,12,492,0,7.301199256308141,0,1,0
67.54,19,1536,0,8.820234223927956,0,0,0
32.56,15,1911,0,4.956887918619707,0,0,0
94.17,15,2055,8,7.26243774945,0,1,0
36.41,13,760,7,9.29290654549446,0,0,0
65.91,14,652,3,5.551568372251333,0,1,0
53.16,5,431,4,8.787711332627328,0,1,0
50.48,11,2404,4,1.6173938093913498,1,1,0
90.93,10,653,2,10.49877063671154,0,1,0
39.4,14,391,9,21.521709335432035,0,0,0
60.85,13,1102,4,0.8275839317682641,0,0,0
27.77,11,1704,2,19.857596427467165,0,0,0
36.03,16,374,5,11.057177091622231,0,0,0
198.42,8,981,5,6.198853078949355,0,0,0
7.67,8,1048,4,7.834743010437348,0,0,0
115.94,15,947,1,5.5420168795741285,0,1,0
80.51,12,981,5,13.003921740492899,0,0,0
59.23,6,1000,7,18.667500085090296,0,0,0
107.8,13,852,4,4.5367437439232265,0,1,0
125.48,12,1689,2,17.12717522486485,0,0,0
10.51,22,311,4,3.303699841569463,0,0,0
44.98,9,1386,2,1.784489037074231,0,0,0
78.41,15,2302,2,15.550665907463904,0,1,0
106.51,18,647,2,10.982044483270467,0,0,0
73.2,16,946,1,8.4812558542309,0,0,0
152.8,16,315,2,4.865892674567014,0,0,0
52.13,11,2600,6,10.250787072945844,1,0,0
108.03,21,565,5,7.543258895153368,0,0,0
99.35,20,110,2,3.1737218504051565,0,1,0
86.06,20,1498,4,0.9842937211706477,0,0,0
32.47,13,2804,7,14.86654281981216,0,0,0
65.23,17,1535,2,11.938119892846663,0,1,0
32.88,17,925,4,9.589998454998995,0,1,0
129.5,13,983,1,0.8004426536663543,0,0,0
94.56,11,1318,2,14.42543318260318,0,0,0
72.85,15,2903,2,11.247274937230099,0,0,0
113.87,10,1628,3,13.028212422343971,0,1,0
158.01,11,1700,3,8.605704361979935,0,0,0
64.46,5,63,4,20.74960364414037,0,0,0
25.3,11,2751,3,4.243212556598966,0,0,0
60.51,20,1786,3,5.470872206837314,1,1,0
58.26,11,1126,3,4.097518770420365,0,0,0
49.05,15,513,3,17.280716958441882,1,0,0
58.01,14,2700,5,12.86666048502736,1,0,0
64.16,9,2271,1,8.601827637844071,0,0,0
98.32,13,2108,5,0.05986722080529194,0,0,0
45.78,11,1225,4,0.789262955869936,0,1,0
97.09,15,575,0,2.695197192586689,0,0,0
39.29,12,712,6,12.866784325869148,0,1,0
60.92,13,2046,2,18.10264285255944,0,0,0
253.49,10,2870,4,4.987661064193489,0,1,0
40.0,16,1833,2,10.532132951067737,1,1,0
51.37,19,1798,3,11.602646904194224,1,0,0
18.04,12,138,9,12.096764126091529,0,0,0
46.16,7,311,2,17.28330633120158,0,1,0
99.51,15,60,2,16.4690160210562,0,0,0
95.11,11,1200,2,5.851540273344148,0,0,0
90.4,4,1438,2,8.757030510931905,1,0,0
19.66,11,2307,5,2.9468479446586944,0,0,0
58.61,14,838,4,4.9330251361233195,0,0,0
85.37,21,1793,3,6.112486504794339,0,0,0
83.27,21,2377,6,6.630683352263514,0,1,0
110.5,17,483,6,5.898476960221318,0,0,0
35.36,10,363,6,17.785555810530234,0,0,0
69.94,7,521,4,8.312850386148533,0,0,0
49.88,17,2409,4,9.021385205411931,0,1,0
175.57,6,2219,2,5.435971111844004,0,0,0
171.55,9,1431,5,3.7727818000673525,0,0,0
9.34,7,139,1,5.390935888145512,0,1,0
28.69,19,2413,2,8.360843150941923,0,0,0
106.79,14,2348,3,4.470577371544518,0,1,0
79.74,15,2255,3,4.227571070389151,0,0,0
17.3,12,2802,3,31.409208387787693,0,1,0
86.49,14,2710,1,13.982673877664485,0,1,0
132.64,14,1323,4,1.668979788033373,0,0,0
41.67,16,419,0,1.494345959448816,0,1,0
90.68,16,1553,5,0.7750610345724285,0,0,0
132.79,15,1397,9,2.467078573580089,0,1,0
86.5,19,425,3,0.6218731992748374,0,0,0
90.93,11,262,1,1.4773933846387362,0,1,0
151.92,13,2670,3,8.968320850517708,0,0,0
102.06,15,1943,2,8.062315193168267,0,0,0
89.85,5,655,4,4.3726297611990335,0,1,0
1.47,17,633,5,8.525003298617507,0,1,0
33.58,19,1303,3,12.093094332996838,0,0,0
152.79,13,1785,1,11.5269004594795,0,0,0
111.93,22,649,4,6.9995836274805585,0,1,0
75.66,14,172,7,4.169378741728547,0,1,0
115.85,14,329,5,3.288628727243946,0,1,0
12.96,5,2948,1,8.887105783224738,0,1,0
105.37,2,298,7,684.9676983458783,1,1,1
164.03,11,1023,3,18.22816803741731,0,0,0
30.0,12,68,3,6.036144648520421,0,0,0
106.47,9,1110,4,2.5857464998743196,0,0,0
56.47,8,1545,5,4.121279663084524,0,0,0
112.3,10,2917,4,7.390145812794909,0,1,0
192.19,14,1296,6,6.678422877235149,0,1,0
33.72,20,1731,6,10.649802402079269,0,1,0
25.05,14,935,2,17.052899581457567,0,1,0
126.6,19,2281,2,2.9582505683688214,0,1,0
44.02,18,2143,5,6.300921977462671,0,0,0
39.72,13,1909,2,6.1856726909873325,0,0,0
90.25,7,1463,5,9.812772625629623,0,0,0
72.66,9,385,2,5.355831487973376,0,0,0
23.26,15,2552,1,0.5085790047075536,0,1,0
211.1,12,683,4,15.489957880492256,0,0,0
57.03,11,1464,7,2.9167390959024844,0,0,0
32.31,16,1738,2,9.96418195758779,0,0,0
57.33,18,2851,2,5.202513783490831,0,1,0
46.66,17,1114,5,21.635397359640436,0,0,0
42.52,15,754,3,3.5983442653449265,0,0,0
96.35,8,100,3,3.4052675598656537,0,1,0
120.92,15,118,10,9.26769510453569,1,1,0
199.07,9,1974,1,12.967936694811842,0,0,0
63.25,15,2636,2,16.496155766545876,1,0,0
162.1,17,1484,1,9.249317196808494,0,0,0
153.11,13,2664,4,12.60215933825586,0,0,0
107.76,20,2920,2,9.488657826561916,0,1,0
111.31,12,2818,2,7.049620317268483,0,0,0
93.56,17,732,2,1.7428629973356005,0,0,0
124.2,11,397,3,4.38204390863087,0,0,0
193.86,13,562,1,15.996368647972043,0,0,0
13.46,8,612,4,23.02338233052379,0,1,0
32.59,16,687,2,5.335312112126608,0,1,0
122.87,15,610,3,2.0354377497135183,0,0,0
148.22,13,1247,3,10.350413123116223,0,1,0
57.74,11,771,4,6.366529371617611,0,1,0
52.9,9,2494,3,3.036086219933395,0,0,0
15.2,12,614,4,1.3984417967302614,0,1,0
93.29,14,1758,3,4.338907005037271,0,0,0
124.77,12,292,2,3.0657130588459047,0,0,0
67.59,16,720,1,1.1178133939015824,0,0,0
64.63,20,2270,3,4.455919207524792,0,1,0
52.28,11,1121,0,2.0452863869903553,0,0,0
214.73,13,802,2,6.511268287923638,1,0,0
134.57,14,640,4,1.7155248535866514,0,1,0
148.73,13,2267,1,11.133344368086973,0,1,0
46.17,10,952,6,4.771032938446732,0,1,0
58.2,13,1838,3,5.711926842387479,0,0,0
87.52,23,2183,3,0.9959377598076893,1,0,0
79.51,17,2528,3,3.673500207434021,0,0,0
60.23,12,1560,2,6.111368398093891,0,0,0
22.3,14,1300,2,5.2787073245768195,0,1,0
37.46,5,195,0,9.846528919070234,0,0,0
70.07,10,176,1,7.7404714233518135,0,1,0
86.27,22,517,3,0.5610627740636911,0,0,0
55.89,15,713,4,0.39687620728938633,0,0,0
39.91,6,135,0,15.860233872536183,0,1,0
61.87,16,1229,2,3.929844859468208,0,0,0
32.72,13,568,5,11.78858189290683,0,0,0
47.69,9,423,4,8.950481139862916,1,1,0
59.83,8,2322,2,1.364469293467517,0,0,0
28.58,15,910,2,9.359449543260801,0,0,0
108.65,21,660,3,14.771937611677924,0,0,0
83.17,19,1569,4,3.4170321037172267,0,0,0
50.83,12,299,3,20.571154714812675,0,0,0
41.04,17,524,1,5.007655585140883,0,1,0
140.91,12,1783,4,16.75427058793906,0,0,0
70.05,19,552,4,7.516528737612617,1,1,0
35.13,20,1634,3,7.632908815141234,0,0,0
48.87,14,1829,2,1.1963816700548682,0,1,0
57.71,16,2401,2,14.374907849654454,0,1,0
7.45,7,1311,3,5.1858141424564135,0,1,0
159.07,13,2584,0,5.7131772010977855,0,0,0
27.25,16,2024,4,1.583125029104842,1,1,0
95.87,8,2003,3,21.067181016444415,0,0,0
171.5,8,1700,2,13.5343338179283,0,1,0
60.17,16,2742,4,12.552714879138968,0,0,0
58.83,16,999,2,7.293167074495106,0,0,0
101.8,10,1974,2,0.4640515545434445,0,0,0
167.56,11,766,6,7.872347700446555,0,1,0
67.04,17,1943,5,16.60864363689065,0,0,0
26.77,18,2851,4,13.103616236088065,0,1,0
66.0,19,2383,2,1.2896626819361954,0,0,0
42.34,7,277,0,12.922251487461867,0,0,0
547.79,13,2932,3,14.637996849886838,0,0,0
52.88,15,950,5,2.9748646278876834,0,0,0
41.78,14,2318,0,0.31861061384099454,0,0,0
17.26,18,488,1,8.473609840592752,0,1,0
178.55,7,1068,1,4.308865771659507,0,0,0
55.42,15,1575,2,3.449497072388484,0,1,0
198.17,9,2377,1,11.961530689895477,0,0,0
128.38,19,367,1,3.738057331517794,0,0,0
106.34,16,843,3,11.204894307662094,0,0,0
14.91,18,2702,3,14.007362858851787,0,0,0
61.73,12,156,5,4.666088169506502,0,1,0
75.18,8,1007,1,11.085571304753003,0,1,0
77.53,7,2386,4,4.628070726078038,0,1,0
106.11,18,2443,2,5.019396425864786,0,1,0
38.01,8,1166,3,6.232817044694951,0,1,0
20.37,12,478,4,6.677181757167257,0,1,0
91.16,11,704,2,5.710841640677949,0,0,0
50.31,16,908,5,12.466736297148753,0,1,0
152.5,8,2839,2,2.920958413213486,0,0,0
61.54,15,2626,2,11.565431187224819,0,0,0
80.0,14,2538,3,2.98547663813276,0,0,0
140.68,12,2301,1,0.05739682478182573,0,1,0
147.27,8,873,1,0.20775632051834503,0,1,0
129.15,19,800,2,15.556804606043581,0,1,0
53.72,16,950,1,3.218301210234727,0,1,0
105.52,17,1370,3,11.721851613838684,0,1,0
139.88,12,2714,2,12.628482197352387,0,0,0
138.33,14,1788,2,0.6510218677051673,1,1,0
138.72,15,2819,4,5.147302212510334,0,0,0
57.16,12,1392,2,7.486661450981695,0,0,0
122.91,16,217,3,2.260564542081772,0,1,0
100.6,15,264,4,16.172978662962755,0,0,0
7.91,11,1596,0,6.190108477625305,0,0,0
96.87,15,1889,0,6.011838252152847,0,1,0
115.26,13,796,3,4.678807212737636,0,0,0
74.73,16,1743,4,0.8577391171646944,0,1,0
138.37,16,375,8,4.775439260372323,0,1,0
151.34,16,833,4,6.440313775825933,0,0,0
44.12,11,667,3,18.51282581725971,0,1,0
41.67,13,105,0,2.097458380336672,0,0,0
76.4,15,2592,2,8.669275070927563,0,1,0
53.75,12,2047,4,9.248760192900296,0,0,0
33.17,12,2092,2,5.7317427850160865,0,1,0
84.58,11,743,5,26.048816580793492,0,1,0
80.69,15,616,2,4.9469565956688175,0,0,0
14.12,15,1505,5,16.035837762761894,0,1,0
111.11,12,526,3,3.8197654000209402,0,1,0
620.88,3,40,12,667.1980628585432,1,1,1
64.41,19,679,2,5.004147122272549,0,1,0
51.8,16,316,4,11.16060870009959,0,0,0
81.65,16,1600,2,3.499781933378653,0,1,0
76.8,9,1691,3,2.6699658909389106,0,0,0
72.17,21,1816,3,0.6099479616537113,0,0,0
87.98,20,618,1,13.110398357631118,0,0,0
145.49,13,1078,2,9.455327254479158,0,1,0
68.3,6,2128,6,1.8361453739004974,0,1,0
44.26,14,820,3,10.631491504285872,0,0,0
116.98,17,945,6,10.530843687521251,0,0,0
40.57,12,2056,2,9.196163454244125,0,0,0
37.41,6,1996,0,2.0011870993843575,0,0,0
43.91,15,2508,0,6.78287317387224,0,1,0
55.07,10,280,1,7.741868489174989,0,0,0
67.16,16,268,1,2.821461900536343,0,1,0
29.95,11,2397,3,17.34555902769725,0,1,0
29.57,11,2641,6,5.2126650362380245,0,0,0
91.58,13,2509,3,20.56641380761304,0,0,0
131.41,14,2524,3,5.394448144631234,0,0,0
160.81,7,1235,2,12.316901976642153,0,0,0
15.69,16,1549,3,3.3554316812932354,0,0,0
62.44,14,1013,6,7.521879564334619,0,1,0
60.77,14,949,0,0.5024601915346363,0,0,0
70.83,15,2713,0,13.295787740300137,0,1,0
124.95,17,1141,2,5.852356854939801,0,0,0
60.29,13,1708,4,4.2141875979700965,0,1,0
63.9,11,2568,4,21.951073433658564,0,1,0
6.83,14,1754,0,12.719388811667102,0,1,0
26.73,11,524,2,15.573303009131571,0,0,0
104.23,16,666,2,15.028240538781938,0,0,0
57.78,18,2541,1,5.366181903156341,0,0,0
6.65,4,809,5,3.2925473297159895,0,0,0
110.01,3,149,9,57.784494936321664,0,0,1
31.85,9,424,2,16.642520298030313,0,0,0
162.83,15,453,4,5.325494775255359,0,0,0
136.52,14,741,3,14.453569524265623,0,1,0
57.16,8,2781,4,3.249011164595026,0,1,0
23.48,16,2932,4,15.580380556724888,0,0,0
92.32,23,2150,3,1.9203960246861782,0,0,0
36.72,15,1579,3,4.065033587737422,0,0,0
9.15,11,1109,2,7.220378147552414,0,0,0
156.81,12,789,4,3.5565898162424894,0,0,0
55.26,11,377,1,6.046705746138029,1,1,0
178.07,18,2003,4,5.164454785913953,0,0,0
41.57,20,2714,4,0.543993475129227,0,0,0
78.34,14,2797,2,2.1510362589599863,0,0,0
25.64,16,2412,2,6.7940660893396725,0,1,0
28.11,5,2777,0,7.354715724359869,0,0,0
85.78,11,751,2,7.314481353850919,0,0,0
46.52,12,948,1,3.948063830423603,0,0,0
129.94,20,892,5,12.889671820259828,0,1,0
95.3,13,425,2,4.154831371588498,0,1,0
42.0,16,958,5,6.027847002153396,0,1,0
114.06,13,1416,5,2.224607572175792,0,0,0
52.52,15,2885,4,6.1211705418656335,0,1,0
63.73,17,2688,1,5.354887868613007,0,0,0
106.61,10,2331,3,0.4995849584533669,0,0,0
89.06,15,1127,3,12.604475268889534,0,1,0
72.15,15,1788,4,15.179480462710444,0,0,0
71.49,11,580,3,1.150044614933491,0,0,0
207.65,17,863,3,0.3182009640981809,0,1,0
30.01,15,394,4,7.196489426511259,0,0,0
122.85,16,1695,1,9.31368604658735,0,0,0
130.99,11,2373,1,6.1746604414591655,0,0,0
51.65,11,1537,3,1.6811365169135266,0,0,0
54.16,11,2829,2,10.041381225369987,0,1,0
125.27,13,1140,1,7.472633318550933,0,0,0
60.94,9,1118,5,11.863130237762071,0,1,0
108.8,19,1153,1,8.290127880198078,0,0,0
174.27,11,307,2,6.501040644960728,0,1,0
578.95,3,355,8,137.47419133869278,0,1,1
7.42,5,2942,1,2.4965464992055275,0,1,0
28.4,9,349,1,1.3202094181996658,0,0,0
200.9,21,1834,2,9.451047331526395,0,1,0
117.98,9,1741,0,3.3904319822192606,0,0,0
44.21,16,2703,2,7.3488611409750515,0,1,0
41.78,17,2735,2,1.76056757514338,0,0,0
6.5,11,1871,0,0.9147887124420357,1,0,0
35.54,19,2030,1,10.476667528345,0,0,0
219.32,14,2231,0,11.738197081791993,0,0,0
9.7,16,722,3,1.176400391258063,0,0,0
62.98,10,2905,4,4.51756313251893,0,1,0
76.89,17,1162,1,13.707803613155201,0,0,0
198.77,15,595,3,17.6889593955091,0,0,0
31.51,4,1926,1,20.31120290085635,0,0,0
118.88,18,1708,3,10.849739471593494,0,0,0
208.38,6,939,5,0.302445471456827,0,1,0
69.93,17,668,2,0.26520298827510924,0,0,0
67.42,14,2827,2,5.236026635236475,0,1,0
41.57,16,2411,1,9.174743125714109,0,1,0
128.98,10,388,6,15.76513343580418,0,0,0
135.68,15,850,3,4.831053045830823,0,1,0
48.23,6,1118,4,12.929502089862304,0,1,0
243.45,21,386,6,19.009825846087075,0,1,0
57.89,16,1791,3,1.4910626592831546,0,0,0
14.97,15,1016,2,0.4260669880287651,0,1,0
21.21,7,2459,3,5.005145127992693,0,1,0
47.2,6,2696,2,10.005964052827945,0,1,0
295.81,18,181,2,3.3959891878502173,0,0,0
14.55,16,519,6,6.033699286026726,0,1,0
110.28,16,2804,1,1.6660714477219338,0,1,0
31.3,6,1179,1,1.751678697999365,0,0,0
47.46,10,781,3,10.089577071791059,0,1,0
22.04,9,1786,2,1.018636538087807,0,1,0
25.28,11,1563,8,17.976330664810416,0,1,0
170.11,19,246,3,4.191237945439761,0,0,0
89.11,15,911,4,1.2594722364666104,0,0,0
81.54,13,151,3,0.28444843136017095,0,0,0
44.13,6,2029,2,1.5822528241734943,0,0,0
57.46,7,1209,1,1.2226502477059293,0,0,0
97.14,8,2655,2,25.23084354833649,0,0,0
63.95,16,2863,5,3.6760289157558343,0,0,0
84.18,8,2910,4,1.0844345629445837,0,0,0
24.81,19,604,8,0.0722474945196181,0,1,0
13.57,12,2581,1,7.802888888835406,0,0,0
150.55,18,2700,4,14.88794528875835,0,1,0
83.81,21,1345,1,13.51281054828745,0,1,0
196.35,7,258,1,3.920044616266866,0,1,0
25.81,8,614,3,16.243803414988236,0,0,0
144.27,15,2079,5,12.678631458657833,0,0,0
30.52,21,965,3,14.334891883853928,0,0,0
46.73,17,1550,2,11.929940587480747,0,1,0
15.27,13,208,2,8.518993525670083,0,0,0
93.37,14,2928,3,7.234893075386293,0,0,0
51.1,18,491,0,11.5700800528631,0,1,0
120.07,6,1628,3,7.720565869461872,0,0,0
23.95,18,1308,0,18.676885590569803,1,0,0
33.74,14,970,2,3.0597065425374534,0,0,0
49.34,10,2667,2,5.515237298102118,0,1,0
236.04,14,1560,1,11.399960154850266,0,0,0
42.63,12,1440,5,15.24275538959731,0,0,0
83.31,17,2447,0,9.361593748263186,0,0,0
592.29,5,320,6,746.900932176859,1,1,1
114.85,0,54,2,1.103546170576979,0,0,0
29.31,15,1778,2,5.1094207953089406,0,0,0
69.22,12,105,6,1.6511817973613034,0,0,0
130.6,16,2645,3,5.531947577249941,0,0,0
52.52,13,490,2,4.671101954769362,0,1,0
173.94,14,2435,6,4.080534397968684,1,0,0
135.8,11,2269,3,1.9980851878062538,0,0,0
77.07,11,1496,4,4.76308889528255,0,1,0
47.37,20,2657,4,12.301894602232899,0,0,0
27.03,14,310,3,6.832629359828786,1,1,0
91.0,14,1298,3,8.005390912853759,0,1,0
197.94,14,2445,4,6.133897625734252,0,1,0
106.37,10,665,5,16.888776507336274,0,0,0
179.67,14,1616,1,6.996371404788191,0,0,0
58.41,10,1723,5,2.2484347348095555,0,1,0
26.45,14,1814,4,10.169311091077443,0,0,0
2.66,9,2319,6,6.603084450150003,0,0,0
8.23,12,617,3,11.100135865123635,0,0,0
189.19,11,2356,2,3.3199853532899763,0,0,0
93.03,12,2244,2,8.71244110010434,0,0,0
94.83,8,2164,2,4.751177532104799,0,1,0
130.03,11,2359,4,10.292844098866208,0,1,0
52.33,9,1141,4,10.379924135031665,0,0,0
17.58,10,558,2,0.9749459437573966,0,1,0
0.54,7,2318,4,1.1526502167521087,0,0,0
46.81,16,2890,5,7.314177271160627,0,0,0
56.49,19,392,5,5.927851666060942,0,0,0
97.97,6,546,4,3.6092290455153417,0,1,0
113.96,15,1739,3,9.647554333591458,0,1,0
12.49,12,2791,1,7.143200937149114,0,0,0
19.28,13,2319,5,7.599106444067891,0,0,0
21.08,13,775,3,7.852956254975542,0,0,0
137.43,18,1293,5,3.5992215586746337,0,0,0
91.27,22,2056,5,11.596271490036903,0,1,0
47.08,10,2969,3,5.053424987594303,0,1,0
55.45,12,2304,1,0.5978419179417402,0,1,0
263.39,3,189,9,387.6896575426121,1,1,1
332.43,16,354,1,4.446304707285695,0,1,0
208.39,11,2940,3,17.990835281487882,0,0,0
22.39,13,2071,1,8.916179300807201,0,0,0
15.81,21,225,3,10.644517442060277,0,1,0
63.51,11,1138,2,7.885320474274298,1,0,0
81.53,13,1696,2,3.4647387760315773,0,0,0
77.46,17,2187,2,8.737158677355925,0,0,0
51.18,20,498,2,6.77824374522487,0,0,0
99.34,10,2586,3,13.023516537286897,0,1,0
253.46,10,2549,1,6.776699688689163,0,1,0
131.15,10,1705,2,3.698291786700457,0,0,0
183.54,16,1668,2,5.190626102747321,0,1,0
23.66,20,611,4,0.2552709696933073,0,1,0
81.91,18,1839,1,7.93625315350191,0,0,0
57.96,11,2584,5,5.333207358148219,0,1,0
69.13,13,532,5,19.210802970753782,0,1,0
22.25,11,2758,4,0.9094614707513262,0,0,0
145.84,7,1021,2,12.779746983126802,0,0,0
115.63,12,1344,2,8.967956252666688,0,0,0
60.28,8,369,3,15.027019898306524,0,1,0
107.51,14,459,1,9.060878756432516,0,1,0
107.7,15,1215,2,4.779310991622538,0,0,0
145.02,12,565,2,9.926129264092873,0,0,0
28.13,20,773,2,6.346924225918215,0,0,0
112.16,8,309,4,4.456962973659005,0,0,0
121.88,11,2857,3,9.433150922575951,0,0,0
64.56,11,2867,3,6.307500437660624,0,0,0
84.71,13,2485,4,8.062089457109883,0,0,0
40.41,15,435,7,13.803535558130541,0,1,0
33.15,10,784,2,7.90028423612389,0,0,0
36.45,14,2189,2,1.7065242893626014,0,0,0
69.58,9,149,7,4.39723647009607,0,1,0
109.43,9,2539,2,1.9911055802324489,0,1,0
61.87,20,66,2,7.816264757058766,0,0,0
155.39,16,2617,4,7.4521386703565735,0,1,0
51.86,15,982,5,9.885112991566336,0,0,0
85.35,12,1122,1,12.941190333987297,0,1,0
68.99,6,2695,3,5.691128072320838,0,1,0
35.75,15,1063,4,6.224793516680198,0,0,0
35.96,16,2307,3,4.8000063325688025,0,1,0
215.53,19,1343,3,1.9163315107375096,0,0,0
54.97,13,872,0,3.230044229766227,0,1,0
33.06,18,729,5,14.829467345068242,0,1,0
101.68,8,1172,5,1.1017652129775977,0,0,0
49.97,12,66,0,0.4838271541304806,0,0,0
136.77,14,2085,2,3.824208493274414,0,1,0
71.91,14,1337,2,6.690751900216798,0,0,0
88.5,22,1447,4,12.568458871087369,0,1,0
17.96,10,75,5,1.340814093494794,0,1,0
51.22,11,2047,1,11.917331465932545,0,1,0
153.61,9,1076,3,5.568613027239877,0,1,0
120.07,15,561,0,10.487080044523957,1,1,0
19.04,15,843,2,4.099961246462325,1,1,0
63.46,8,2421,2,5.825020119472289,0,1,0
76.25,10,397,4,2.867013444191498,0,0,0
109.32,17,208,4,2.670482410633796,0,1,0
50.86,15,101,3,2.9318821773289065,0,1,0
117.6,8,451,5,6.302551931938575,0,1,0
35.63,10,2860,1,4.7280560298985765,0,1,0
76.66,10,1274,4,8.87591048601858,0,0,0
39.84,14,377,5,5.088911132594368,0,1,0
24.85,12,1656,2,8.082171859667861,0,0,0
53.41,7,1077,1,15.304268162329755,0,1,0
135.71,19,76,4,2.555026899210409,0,1,0
17.0,16,768,1,1.5135968357143863,0,1,0
43.26,11,1295,2,8.564653771324533,0,0,0
67.99,20,2559,6,2.0866942743440227,0,0,0
40.39,16,749,3,9.688897599917736,0,0,0
61.74,12,2958,3,15.9734634905931,0,0,0
112.64,18,1132,2,13.00971231750194,0,1,0
32.61,9,379,1,8.905397389242085,0,1,0
32.3,14,2885,2,8.691692266951124,0,0,0
91.69,16,208,3,11.509491852269566,0,0,0
96.46,11,1896,2,6.964688341204694,0,1,0
123.33,17,1907,5,6.609883259681354,0,0,0
89.45,17,1714,2,5.139188755804963,0,0,0
147.43,16,671,2,5.62777408094507,0,0,0
44.47,14,434,0,4.403498045800994,0,1,0
237.49,14,2128,4,5.438493505525469,0,0,0
39.98,17,346,1,7.070001140284571,0,0,0
120.16,17,805,3,4.401482244620983,0,0,0
52.41,13,2195,2,6.415247505258454,0,1,0
53.31,16,559,1,4.569180336582856,0,1,0
1.27,12,2125,7,10.922497850771698,0,1,0
36.92,15,2982,2,1.6317174061367439,0,1,0
25.01,18,1515,4,4.553828767854087,0,0,0
130.76,14,2079,1,16.607808118519607,0,0,0
26.3,12,367,3,13.161579343963716,0,0,0
27.3,14,413,3,2.1956823851616747,0,0,0
111.05,17,2416,3,9.068231774594025,0,0,0
71.17,14,1858,5,3.3062773882444,0,1,0
9.25,15,215,2,14.899714051181382,0,1,0
98.22,13,2962,5,0.5280913017782956,0,1,0
84.83,19,2244,6,16.327182107714727,0,1,0
17.87,18,934,1,4.568935785667387,0,0,0
67.71,15,1553,3,14.107194033027927,0,1,0
198.29,11,1647,5,6.5671291559069225,0,0,0
71.86,20,1586,1,15.70424899686084,0,0,0
58.55,10,114,4,8.7481254440535,0,0,0
133.98,16,498,5,9.63219194486063,1,0,0
55.88,18,119,3,13.930402061609866,0,1,0
27.44,17,1555,3,5.415353142296807,0,0,0
43.65,11,2659,3,9.348029786877408,0,1,0
46.03,11,2676,3,15.14351259303777,0,0,0
39.33,7,703,1,4.096418198585383,1,1,0
71.24,18,225,5,8.53329533048313,0,1,0
15.18,10,656,4,18.15124523742616,0,0,0
21.0,12,2928,5,17.8984841681607,0,1,0
67.19,20,154,2,1.363799401144893,0,0,0
168.2,0,49,10,397.27671367984607,1,1,1
39.36,6,1814,6,5.458835844217578,0,0,0
170.87,20,1089,1,3.6690930822015257,1,1,0
21.22,14,1113,0,7.181860958369202,0,1,0
197.12,22,2007,1,9.543561547854104,1,0,0
105.08,19,2083,2,1.8210248365363704,0,1,0
43.32,15,2607,5,6.619207231911561,0,1,0
111.52,18,1898,5,0.049326529369304595,0,0,0
75.31,14,2549,5,10.353845364277099,0,0,0
72.38,11,1433,5,4.698453338360968,0,0,0
42.29,12,2596,3,11.918931015040856,0,0,0
236.7,8,2556,4,7.09328870960932,0,1,0
62.14,13,1964,2,2.3886769073156824,1,1,0
85.2,11,2297,2,1.0851611540722321,0,0,0
25.48,7,975,0,3.9261107071500394,0,0,0
72.82,14,2127,1,6.111447188545963,0,0,0
107.64,6,2564,5,2.672012146789722,0,0,0
39.04,13,1616,1,5.526904451403977,0,0,0
125.83,13,1876,3,9.632408846830053,0,0,0
33.54,12,2305,3,6.6064160029588574,0,0,0
18.31,13,1302,3,0.05701304504133464,0,0,0
36.99,23,951,4,2.136967270142384,0,0,0
146.25,15,2034,1,11.179818749919676,0,1,0
92.78,20,2596,3,0.9882837686313737,0,1,0
129.06,18,750,3,4.287217677079305,0,0,0
21.41,16,324,2,15.272549389107965,0,0,0
25.05,9,1348,5,9.864897154950908,0,0,0
136.09,18,334,2,0.27514069610550873,0,0,0
111.25,4,2319,0,8.332727237304438,0,0,0
70.74,16,493,2,6.220714679167235,0,1,0
60.24,6,1554,5,8.162854748055263,0,1,0
77.18,11,1138,3,14.858581910831996,0,0,0
98.33,12,139,4,6.524470220363559,0,0,0
18.25,7,534,5,9.167973252164689,1,1,0
63.21,14,1659,4,9.571621015617975,0,0,0
79.86,11,1502,3,8.944680807316557,0,1,0
105.33,14,2069,4,15.831306352969083,0,0,0
45.03,22,2057,4,7.985079725850346,0,1,0
22.23,13,2099,6,6.722062198936499,0,0,0
87.81,12,2108,2,0.6118874981350428,0,0,0
82.59,11,1228,1,9.814117838184352,0,1,0
15.74,20,2746,3,12.13437732452011,0,1,0
22.18,21,1154,4,11.600271009199048,0,0,0
18.84,11,60,5,6.573564252048858,0,0,0
50.59,7,1909,2,0.5447567416494614,0,0,0
54.01,18,1496,1,7.368580251053817,0,0,0
44.02,18,2216,4,3.1174805599520568,0,0,0
13.63,17,1351,4,4.989301972506409,0,1,0
58.98,16,2114,5,9.437635375957168,0,1,0
64.73,8,1004,6,2.1683332928084944,0,1,0
281.19,16,1566,1,1.0748005079446532,0,1,0
198.79,14,1746,1,13.024000307794271,0,1,0
27.81,14,1676,3,6.823159765279268,0,0,0
23.08,9,1438,6,2.644294583265446,0,0,0
98.05,15,1846,1,0.9109646739871886,0,0,0
101.09,18,811,3,5.699138033783051,0,1,0
85.79,11,1199,6,4.816744039369633,1,1,0
115.88,7,2447,7,1.6484632096236211,0,0,0
33.2,13,1593,6,1.236050166793032,0,0,0
23.05,15,1223,2,15.41414258544969,0,1,0
170.37,15,1072,3,22.103406054763294,0,1,0
141.63,13,2113,3,4.6873296140618015,0,0,0
41.75,12,1119,4,8.579539182862288,0,0,0
124.84,1,1087,5,9.19940455436911,0,0,0
103.87,17,295,3,11.189334646979102,0,1,0
9.06,13,1285,4,4.029268151669832,0,1,0
78.25,13,2294,4,7.044493051048341,0,1,0
77.63,6,2420,4,6.574772710088162,0,0,0
58.65,8,2938,3,9.225580033667265,0,0,0
71.71,8,1640,4,20.978246370480825,0,1,0
115.18,13,1581,3,3.3357163917632926,0,0,0
59.05,13,1212,1,7.332126861941045,1,0,0
110.97,20,232,3,10.981760024589097,0,1,0
80.21,14,2924,3,1.7081236235309412,0,0,0
49.52,14,836,1,6.522595308117443,0,1,0
75.75,8,1862,4,6.388082821924716,0,1,0
98.92,6,380,3,2.0443916503663986,0,1,0
16.38,14,2557,3,19.242944314202834,0,1,0
105.04,10,2711,2,2.9503067733852353,0,1,0
148.77,12,273,4,2.2452129582362406,0,0,0
105.73,18,2665,1,1.8981891931609476,0,0,0
39.73,15,2212,4,14.05786606775302,0,1,0
238.81,16,2477,4,4.83085851822097,1,1,0
32.98,16,1006,3,23.437605324860137,0,0,0
29.02,12,2954,5,5.087280065027907,0,0,0
104.03,14,751,4,14.448137807315549,0,0,0
27.21,13,525,3,10.78595552264834,0,0,0
64.22,21,333,3,15.324106856262231,0,1,0
35.65,16,168,3,3.678116851053545,0,1,0
64.83,21,2829,5,9.86722211711575,0,0,0
48.47,17,973,4,13.294562244096426,0,1,0
76.29,14,1860,5,14.631116465270887,0,1,0
14.09,13,440,2,10.414377322618744,0,0,0
23.6,18,1064,2,1.324449934805386,0,1,0
174.56,13,1444,3,1.8899335847694942,0,1,0
72.73,9,2417,2,4.824218966054367,0,0,0
132.07,14,705,2,7.5158912286789405,0,0,0
97.76,12,2970,2,9.429679785760113,0,1,0
56.91,16,1052,4,0.38833455840557285,0,0,0
35.21,6,1448,5,4.276804481211662,0,0,0
70.25,8,2241,4,11.177566964468497,0,1,0
91.17,15,2778,3,18.127062420951866,0,0,0
139.72,7,1480,2,3.4814896710447183,0,1,0
48.09,17,2387,2,5.7515167410009695,0,1,0
30.69,14,2115,2,4.684010106595678,0,0,0
64.23,13,861,4,1.7508653144345612,0,1,0
163.42,10,953,1,6.229520383075478,0,0,0
34.82,13,942,3,7.603472963739613,0,1,0
30.28,12,2036,4,6.995891111676569,0,0,0
60.57,14,2250,7,1.9622708025443636,0,1,0
162.11,18,1526,1,4.866139050623595,0,0,0
65.07,13,2364,3,5.380074080855213,0,0,0
5.22,12,271,1,7.341083883914454,0,1,0
54.02,18,2400,3,7.940855471001475,0,0,0
141.7,13,1914,0,5.159779045817568,0,0,0
18.73,16,1849,4,11.758336464897209,0,1,0
36.77,17,2317,2,11.743221848802886,0,0,0
113.17,7,382,2,8.468834944144058,0,1,0
90.8,12,1471,1,21.28939246674441,0,0,0
21.13,11,773,2,2.6414666997326357,0,0,0
142.24,11,549,3,4.048742506705864,0,1,0
24.35,18,772,3,2.3239896726633686,0,0,0
32.82,7,2858,0,4.922582421712217,0,0,0
87.49,9,1837,4,0.3368386026196992,0,0,0
14.66,14,457,6,7.175319248352935,0,0,0
226.77,11,740,2,14.345301533630279,0,0,0
131.63,17,409,3,12.442976229254487,0,1,0
44.71,15,2255,3,15.737016660445006,0,0,0
14.11,17,2588,3,5.19131297305287,0,0,0
159.37,17,1357,5,4.986830520416626,0,0,0
66.31,13,2696,2,4.586470768526791,0,0,0
38.1,11,1656,5,1.7950364676484272,0,0,0
66.11,16,2143,3,7.5713563168132225,0,1,0
15.68,10,958,4,0.4571614073624177,0,1,0
94.61,8,822,5,10.77348481912405,0,1,0
80.1,17,2451,3,4.104993324057526,0,1,0
118.37,14,824,6,19.34598693291254,0,1,0
84.65,16,2588,3,0.8700542875928159,0,1,0
85.72,12,2295,5,2.668027198045115,0,0,0
28.27,17,1551,4,7.1327565489470235,0,1,0
195.99,10,268,3,1.5664619641890956,0,0,0
104.71,2,2914,3,11.254112657533678,0,0,0
37.49,15,1121,3,6.8988271054911525,0,1,0
51.92,11,2974,9,5.580492770541361,0,0,0
25.84,9,938,2,11.883762842285883,0,0,0
222.1,14,2044,0,3.400570313009073,0,0,0
38.36,8,419,2,7.777229600830811,0,1,0
138.57,10,517,1,2.3631719262077757,0,0,0
95.61,16,623,2,5.448414447933791,0,0,0
98.25,9,478,7,1.1300620890288138,0,0,0
54.93,4,2678,3,0.3982987017256905,0,1,0
24.57,12,854,4,7.149617177191638,0,1,0
173.51,9,554,1,6.523744270961814,0,0,0
82.95,9,1754,2,6.976571318668096,0,0,0
121.06,17,2206,6,14.994852146719417,0,0,0
157.76,17,2037,4,18.886811105340087,0,1,0
101.64,14,37,3,6.064317363823016,0,1,0
91.35,14,2861,4,17.713604142482062,0,0,0
43.15,16,1759,1,26.105041943645315,0,1,0
169.7,13,1743,1,6.44639022637703,0,1,0
85.14,11,2974,1,6.269020981463328,0,0,0
142.71,13,2547,4,13.004613952070942,0,1,0
118.02,8,592,2,9.646250086421523,0,0,0
68.6,19,2805,3,2.101481685414151,0,1,0
17.32,8,1468,1,3.289339397746348,0,0,0
109.65,17,2359,2,7.697889041554076,0,0,0
43.28,13,2792,3,6.105235849990176,0,1,0
23.91,12,2178,1,15.644729629364475,0,1,0
30.38,20,584,6,21.349930091437418,0,0,0
192.43,17,2924,3,11.330451067432556,0,0,0
86.68,18,1805,5,8.661462534129491,0,0,0
102.46,23,574,6,4.492286901838278,0,0,0
66.34,12,1553,4,12.157499449339902,0,1,0
48.65,7,2642,4,22.553356225293083,0,0,0
30.58,8,553,1,9.85599432567138,0,0,0
23.85,10,2772,1,10.65666039728437,0,0,0
15.07,14,642,3,3.910379842304204,0,1,0
92.9,14,2582,2,2.7025962329583884,0,1,0
41.83,13,457,2,12.634821822365653,0,0,0
8.81,12,313,5,1.0382632041745312,0,0,0
116.73,18,270,1,8.55819220961731,0,0,0
35.42,14,1211,2,4.747648166973924,0,0,0
94.06,13,887,1,15.034590361441015,0,0,0
59.26,18,714,6,26.41452868843607,0,1,0
41.79,8,2428,2,1.492603990856126,0,0,0
13.3,15,1185,1,8.3698470620953,0,1,0
36.58,12,2282,3,9.847200776340586,0,0,0
50.82,21,2162,3,1.952310551173837,0,0,0
94.92,13,1650,1,9.14549111229653,0,0,0
14.58,14,662,3,3.0659422849163818,0,0,0
78.13,10,1020,1,2.2059660251979523,0,0,0
30.19,7,451,2,2.3663287429810653,0,0,0
61.81,20,2629,5,7.98995899262097,0,0,0
24.25,11,707,2,13.300569383415167,0,0,0
118.72,20,398,3,5.77721736800188,0,0,0
49.18,13,900,3,1.2798720983793856,0,1,0
77.72,10,2718,3,9.490163032348402,0,0,0
134.41,13,1764,4,2.938001560011302,0,0,0
60.84,12,1764,2,11.675213360244326,0,0,0
9.28,12,2934,1,3.7538211905757595,0,1,0
79.5,13,275,2,1.2794836683239765,0,1,0
124.24,12,2676,2,8.550574969277944,0,1,0
69.21,11,2320,5,5.968671080972776,0,0,0
33.03,12,2352,3,7.488975300655233,0,1,0
24.38,12,1229,3,11.029042744929486,0,0,0
55.88,17,2652,0,10.556337857491968,0,0,0
18.94,11,1134,0,0.30068641391714834,0,0,0
35.64,16,167,2,10.976945614109837,0,1,0
115.58,20,2678,1,6.224201487751316,0,0,0
82.57,12,1416,4,3.457114924235313,0,0,0
115.5,19,2546,1,6.751294038673038,0,0,0
39.03,11,774,7,2.8063657740656747,0,0,0
82.89,18,2639,1,8.039050367893726,0,1,0
117.63,9,154,5,13.567434413175922,0,0,0
57.33,10,2570,6,5.559571832858935,0,1,0
191.77,14,972,4,4.30181806721829,0,1,0
127.98,1,301,6,27.259218544620182,0,1,1
73.25,11,2242,3,4.348332119191691,0,0,0
85.17,15,2380,3,11.56112092154879,0,0,0
72.7,10,2364,2,21.366705728622804,0,0,0
57.36,6,1281,1,4.427654057422533,0,1,0
75.11,22,2087,2,3.947778331414444,1,0,0
36.74,15,1930,2,24.214647544018398,0,0,0
24.1,15,1140,2,8.138014897492598,0,1,0
63.22,7,1320,1,10.324521935114191,0,1,0
10.22,11,1942,3,6.188676872546485,0,1,0
19.71,14,753,4,5.611474626540171,0,0,0
121.6,14,714,3,7.836164594348887,0,0,0
43.58,14,1726,3,4.8214037393663105,0,1,0
27.82,15,518,2,5.283470067302442,0,0,0
173.27,18,1966,3,8.151658365117914,0,1,0
27.78,17,1319,6,4.388908902696775,0,1,0
139.69,8,1237,3,18.654327348310733,0,0,0
96.83,15,2739,2,18.428660302523515,1,0,0
63.08,7,2457,1,13.024456888482813,0,1,0
147.19,11,1822,1,4.2324285355468225,0,1,0
14.96,21,2860,2,0.4976698345588053,0,0,0
27.46,13,793,2,13.384458952970638,0,0,0
74.81,16,2085,3,4.6460504789561305,0,1,0
72.67,15,1766,7,0.9355457137996357,0,1,0
85.92,10,1008,1,0.5585563597255527,0,1,0
74.6,10,1041,2,3.0087165373619627,0,0,0
54.0,16,486,0,15.795647845497069,0,0,0
88.26,12,604,4,14.02998122872498,1,1,0
138.2,12,2722,4,3.8158169276329517,0,0,0
104.34,15,2079,2,1.8458570412088733,0,1,0
93.56,22,1474,8,12.600500451767978,0,1,0
61.56,13,1756,1,7.073311649687197,0,1,0
52.2,17,629,2,5.669089160339989,0,0,0
57.01,15,1064,4,4.551574521454738,0,1,0
135.85,7,2063,0,8.872406929092037,0,1,0
100.23,14,2587,6,15.31066119656472,0,0,0
172.81,20,1309,2,6.305573608680563,0,0,0
45.97,17,646,1,18.176500897593876,0,0,0
53.82,17,2026,1,3.4584073443582857,0,0,0
31.87,11,579,2,7.745097179367342,0,1,0
27.74,14,728,2,0.995709098413303,0,0,0
75.91,17,2543,5,11.608299104880885,0,0,0
18.84,11,2706,2,8.424163709284784,0,0,0
227.86,15,2381,1,4.438265844899281,0,0,0
106.6,6,2618,3,3.9624909693775816,1,0,0
121.7,15,356,8,3.402023411811581,0,0,0
110.15,15,2959,2,7.876120412876284,0,0,0
69.59,15,1152,1,8.707288272637586,0,0,0
40.71,14,2735,2,3.5454270844398614,0,1,0
9.16,21,603,4,9.783965968771138,0,0,0
123.17,16,1957,5,4.488540448118062,0,0,0
111.63,11,2284,5,8.93746557176284,0,0,0
32.64,19,1626,2,2.845233383298032,0,0,0
149.57,11,2697,2,12.922251211920663,0,0,0
48.74,13,887,6,8.727440103928625,0,0,0
84.26,6,555,4,2.267182598250427,0,0,0
72.39,10,2762,0,1.6084060715750637,0,0,0
28.23,11,2911,3,5.711371219929686,0,1,0
50.44,13,765,3,7.040658760243579,0,0,0
104.06,11,824,2,2.945255581342656,0,0,0
86.66,10,1375,3,0.11388990582200265,0,1,0
193.8,11,1709,1,15.901443434572942,1,0,0
59.9,16,1962,1,13.962296077639953,0,1,0
124.23,10,2666,3,7.603744542292663,0,0,0
62.31,13,1082,3,6.879741981469525,0,1,0
114.98,10,188,1,4.773183244753864,0,0,0
121.32,20,2021,3,0.8499142558843564,0,0,0
30.91,13,507,4,8.370817276877673,0,0,0
65.01,16,548,3,1.2425960862672456,0,1,0
24.08,15,1400,3,1.2847955321012887,0,0,0
27.31,14,1192,2,4.292768523641011,0,1,0
123.53,12,953,4,13.655994136768202,0,1,0
413.52,21,556,5,2.9626558858364707,0,0,0
42.3,15,2332,1,3.8210307922757556,0,0,0
46.68,20,809,8,2.9124255126495875,0,0,0
115.24,13,270,2,8.929666430239948,0,0,0
44.74,21,1514,2,0.3341293893777406,0,0,0
158.05,17,203,3,4.235106727449267,0,0,0
179.63,15,2549,1,6.383789672099277,0,1,0
110.5,12,440,3,3.5266041966136417,0,0,0
155.08,15,270,5,9.816515447714657,0,0,0
42.24,13,1594,0,9.561445449543873,1,0,0
47.89,10,1423,2,2.52407540493805,0,0,0
49.19,7,80,6,1.1878187191342424,0,1,0
96.64,21,2356,3,1.0913458748673976,0,1,0
10.45,8,525,3,10.55514886334377,0,0,0
88.63,21,2977,5,3.7756230084418645,0,0,0
70.79,9,416,2,13.640368176170632,0,0,0
14.63,13,2874,6,3.011277384025669,0,0,0
80.78,7,983,1,11.960681395199408,0,0,0
45.28,7,290,4,4.041118443807218,0,1,0
143.14,14,31,4,0.697288027277458,0,0,0
48.07,9,1605,2,8.338517942068751,0,0,0
145.72,10,2685,4,1.4497202173109622,0,0,0
254.31,1,326,5,432.6335708565704,1,0,1
76.89,20,1471,0,3.463612650988326,0,1,0
47.76,17,425,2,13.394353960890019,1,1,0
8.69,8,1621,5,10.635657798427092,0,0,0
138.58,16,189,3,5.993582829235704,0,0,0
139.06,9,752,8,9.101113482976658,0,0,0
56.83,17,1569,2,2.9824351971659406,0,1,0
62.47,8,269,2,1.9198676801752774,0,0,0
75.43,19,2947,7,2.9908375111248198,1,0,0
47.89,9,1446,1,16.1716907708224,0,0,0
109.67,13,2749,2,4.047720884511088,0,0,0
68.63,15,1495,4,6.635463176839795,0,1,0
31.53,19,1289,3,8.547157342652799,0,0,0
98.45,14,316,1,5.493465048352808,0,0,0
42.67,11,139,5,1.6564455963502844,0,0,0
35.7,15,776,2,7.913053450847633,0,0,0
103.19,18,2398,4,2.8796564584306514,0,0,0
17.82,18,716,3,5.022181490424963,0,0,0
35.96,9,505,4,22.39385439661901,0,1,0
118.14,11,1329,4,5.988608758421998,0,0,0
84.65,21,1419,6,19.421927042328875,0,0,0
53.41,20,2731,2,7.598969557258441,0,1,0
57.44,15,2582,6,14.800186042518149,1,1,0
128.71,23,365,5,9.421231817123461,0,0,0
5.17,9,1694,3,5.178708254024235,0,1,0
136.46,13,171,1,1.78396389969455,0,1,0
70.01,11,845,3,11.523504285716303,0,1,0
156.28,22,594,5,11.663170984770339,0,0,0
50.09,13,411,6,9.550502599538998,0,1,0
94.27,16,2706,2,17.385972920744692,0,1,0
27.11,23,2372,2,2.2352764585001506,0,1,0
76.06,11,1476,4,8.575948343215842,0,0,0
149.29,9,2465,3,5.158226105922209,0,0,0
22.8,11,2499,0,0.011685593180510878,0,0,0
19.66,16,454,3,12.22891451910871,0,0,0
64.03,10,89,2,7.504868611491185,0,0,0
5.93,15,2622,4,4.773104235584643,0,1,0
53.37,21,415,4,5.980092906053486,0,0,0
112.05,11,1601,3,2.6009051268716514,0,0,0
38.35,16,1581,2,3.7999199306761104,0,0,0
76.48,17,1403,5,5.432234891742098,0,0,0
27.01,21,635,3,6.259090513481761,0,1,0
6.75,15,2727,3,9.377486729368417,0,0,0
85.25,22,2490,2,5.173873498191936,0,1,0
77.97,14,1303,0,4.4392460890716805,0,1,0
51.38,14,1976,4,0.9871474713401192,0,0,0
36.47,15,1193,4,5.938905553093366,0,0,0
27.02,12,2515,5,10.648979116206851,0,0,0
41.5,12,2153,6,1.8845152017473499,0,0,0
78.54,9,2210,3,11.063032437121912,0,1,0
7.75,5,2226,9,13.908155599708923,0,0,0
110.89,15,1853,6,3.3053984418892473,0,1,0
46.98,17,2147,5,5.804506033788779,0,0,0
113.23,10,1537,2,5.103443766148539,0,1,0
109.57,19,2074,4,7.650855400926776,0,0,0
27.36,11,1683,3,7.960328731300088,0,1,0
72.0,4,1753,3,10.223995692131297,0,1,0
51.12,7,1293,3,1.4590203038635425,0,1,0
25.38,10,2720,3,5.859112161890811,0,1,0
19.74,13,858,1,9.838084158392233,0,0,0
35.08,16,1192,2,0.14469596090989434,0,0,0
102.57,15,1926,1,0.059616328320750256,0,1,0
40.31,12,2919,3,12.546070837618721,0,1,0
325.91,1,375,9,269.2415738884357,1,1,1
80.4,14,439,3,9.924773291285902,0,0,0
11.44,14,38,2,2.148518621256824,0,0,0
23.23,19,793,2,6.72937763075406,0,0,0
57.06,10,771,7,8.5605217792618,0,0,0
79.83,13,2970,4,14.810072638392565,0,1,0
157.37,9,578,6,6.411566328713909,0,0,0
140.3,15,2535,4,15.060662247529674,0,1,0
8.42,15,2625,4,5.493981447963587,0,0,0
16.17,15,819,2,2.0559016269143147,0,0,0
9.92,11,229,5,6.039910144523912,0,1,0
81.1,17,1260,2,2.4590926346848665,0,0,0
142.65,14,1979,3,12.189426828354353,0,0,0
17.96,14,2091,3,23.259204616275483,0,0,0
72.57,7,902,5,12.766987671351913,0,0,0
150.95,14,131,5,5.879948587437371,0,1,0
50.03,23,2170,4,2.8687630563612583,0,0,0
23.93,8,2127,3,4.632867411809027,0,0,0
38.93,16,793,6,2.6719405966573246,0,0,0
75.23,21,591,0,7.515082790529269,0,0,0
80.56,19,641,3,4.887352552969191,0,0,0
69.67,12,1010,5,10.819233731789838,0,0,0
74.35,15,2208,3,12.563160701874203,0,0,0
120.87,10,1773,3,8.622976095706964,0,1,0
42.31,5,117,5,2.0120826421702516,1,1,0
49.16,8,176,4,7.669537710466556,0,0,0
88.01,14,525,3,19.80310648974622,0,0,0
208.4,18,236,2,2.167430018465428,0,1,0
78.38,12,1557,4,9.827342735826651,1,0,0
32.33,15,361,2,2.8500812158519513,1,0,0
9.41,15,292,8,13.971407729011618,0,0,0
163.91,12,518,3,1.7197236681549959,0,0,0
1.84,8,893,3,4.195446170638973,0,0,0
36.14,16,2003,5,9.989677198235155,0,1,0
92.12,8,281,6,2.9831703415438326,0,0,0
181.31,18,1976,3,10.188840999698062,0,0,0
45.74,15,1433,3,10.632330359685028,0,0,0
105.46,7,842,3,12.299955514377977,0,1,0
204.52,12,2314,4,18.7987235259636,0,0,0
27.48,23,86,5,0.0987256481672727,0,0,0
56.53,14,1476,3,14.980594185621888,0,0,0
51.2,15,636,1,4.2357375967811635,0,0,0
105.65,19,554,4,3.0278014885388878,0,0,0
34.06,6,788,6,11.418780759795442,0,1,0
118.18,11,1122,5,2.4103311625905617,0,0,0
74.11,11,2731,2,8.892013290107853,0,0,0
40.54,15,677,2,2.4899020630847444,0,0,0
23.01,20,2276,1,3.0496775955459268,0,0,0
9.62,19,1746,4,12.555646972763547,0,0,0
68.5,9,2496,2,4.997402736720339,0,0,0
55.44,18,1083,3,0.601808147980031,0,1,0
83.07,11,74,1,5.495026309823851,0,0,0
35.59,10,718,4,2.357468965055458,0,1,0
51.95,15,1520,3,3.536926058970133,0,0,0
83.48,11,1501,2,9.259832647965556,0,0,0
120.62,7,326,0,9.519327466501643,0,0,0
18.57,21,2833,1,8.39279319728924,0,0,0
69.03,11,1872,4,18.107191244937567,0,0,0
40.74,20,1044,3,0.1692719462508938,0,1,0
96.07,19,2954,1,8.104913481733384,0,1,0
105.59,10,1497,4,9.96213531907581,0,1,0
68.65,13,1472,2,2.764556787255808,0,0,0
135.37,17,76,4,3.6187108932583545,0,0,0
225.88,16,2754,4,22.82414798108345,0,1,0
85.07,18,2431,4,5.682294770861059,0,0,0
63.99,13,110,2,4.185952395358756,0,0,0
149.46,8,2946,6,15.171354837930066,0,0,0
35.37,15,2469,0,7.426077106961895,0,0,0
1.66,14,2977,6,6.514722106440369,0,1,0
64.74,16,1338,5,2.0389130123943104,0,1,0
6.83,15,2029,1,3.5329493635143505,0,1,0
181.92,7,2782,2,1.9232924119945687,0,0,0
80.8,23,836,2,10.057112957399163,0,1,0
293.38,16,212,4,6.3712498959966775,0,1,0
35.83,12,2430,2,14.07525664059372,0,0,0
59.59,8,1792,2,0.7894581767277682,0,0,0
118.53,21,154,4,5.745156535121689,0,1,0
18.26,12,1827,3,5.277746556772246,0,0,0
52.89,10,2936,2,18.74144845772092,0,1,0
83.55,14,2372,2,4.026748036522552,0,0,0
111.48,12,1859,6,12.528326206458807,0,0,0
142.52,15,159,2,10.769038148628503,0,0,0
39.34,9,2129,1,1.97641087713507,0,1,0
115.78,12,2722,4,6.727279090725433,0,0,0
48.08,12,2508,1,2.4298609536424034,0,1,0
26.57,16,1599,7,4.527205961326542,0,0,0
56.6,12,540,6,15.844506209827347,0,0,0
122.92,12,2777,4,5.26810504568545,0,0,0
17.35,8,332,3,11.55847127994235,0,0,0
107.78,13,517,1,7.3668134867552535,0,0,0
33.44,13,798,3,13.141938737673327,0,0,0
58.48,15,2811,1,1.943866055933718,0,1,0
33.09,10,2696,3,13.642632062698318,0,1,0
91.85,12,2429,6,15.545927677979135,0,0,0
31.73,20,1240,1,20.161292239181392,0,1,0
105.28,13,2318,3,0.13775906756695466,0,0,0
42.83,16,2717,3,1.4305769347015875,0,1,0
49.95,7,1237,1,17.030204260495417,0,0,0
80.04,20,1208,5,5.391344539478142,0,1,0
84.48,6,2900,5,8.401022658883882,0,0,0
138.64,19,1681,2,12.220007552450905,0,1,0
81.28,10,1347,3,2.051159684841327,0,0,0
48.76,17,343,0,0.2771304330660094,0,0,0
465.4,21,516,6,3.579461911243957,0,0,0
107.53,15,1157,2,4.577079613074792,0,1,0
112.83,18,1897,8,6.6816446503510605,0,1,0
77.34,13,374,7,1.4649172720973898,0,0,0
148.68,15,381,4,6.3161919282532475,0,1,0
37.12,11,194,2,2.923154335300242,0,0,0
46.29,9,1282,0,5.093883985706208,0,1,0
42.0,13,1546,2,4.489645504879116,0,0,0
44.22,11,570,3,8.631715688153891,0,0,0
76.49,11,2240,4,2.692468003044779,0,1,0
30.72,12,414,3,9.395827379066526,0,1,0
73.39,10,2267,3,2.675013096028609,0,1,0
32.97,16,1562,3,10.588580371903374,0,1,0
81.74,19,1857,5,24.710563862720715,0,0,0
57.51,16,185,3,3.4733314851683925,0,1,0
59.35,12,821,4,5.944171617634316,0,0,0
177.3,15,2790,2,19.019385232063055,0,1,0
27.27,11,316,4,2.270985861782841,0,0,0
130.54,21,2251,2,14.998508535270881,0,1,0
135.49,18,649,2,10.986509506771403,0,1,0
101.07,14,1091,2,2.0933431073124815,0,0,0
277.3,17,289,5,2.928419216951932,0,1,0
96.81,23,954,1,4.491431700233833,0,1,0
106.07,19,2683,6,2.73909417798599,0,0,0
67.71,14,2988,4,4.587315422218386,0,0,0
168.51,9,35,2,4.83469413289401,0,0,0
30.35,15,2519,2,16.492097214359163,0,1,0
36.99,13,1403,6,4.959045038448799,0,0,0
44.67,18,2559,5,0.9916377901306825,0,0,0
116.06,13,565,2,1.4221482826769023,0,1,0
108.83,14,684,4,19.149698911282986,0,1,0
89.65,12,1533,4,26.867539645683753,0,1,0
153.01,7,2849,3,4.295930120584014,0,0,0
109.37,18,41,1,2.8456034644476813,0,0,0
70.0,17,1294,4,6.354200235696425,0,0,0
172.6,14,2199,1,11.522073328775242,0,1,0
38.35,15,991,2,14.33334846613351,0,0,0
36.42,17,2027,7,7.4768985351283925,1,1,0
61.24,9,1177,4,2.862154113058951,0,1,0
137.94,12,2222,2,18.55617204489484,0,0,0
82.26,10,2242,2,5.8364321117494615,0,0,0
90.56,8,2466,3,1.7983187238818124,0,1,0
18.48,19,1407,4,4.462942481275436,1,1,0
91.3,4,1242,1,0.274916200418752,0,0,0
22.04,20,953,5,9.219150819661944,0,1,0
31.67,22,402,1,3.8650140776397466,0,0,0
34.89,14,299,1,7.574607553155724,0,0,0
25.77,14,1360,2,6.699169895131975,0,1,0
57.82,12,947,4,8.83631810749347,1,0,0
85.97,21,2148,1,4.899079021503734,0,0,0
15.04,11,1942,3,9.732786479572907,0,0,0
63.02,7,387,2,21.238094916100383,0,0,0
51.77,5,1223,3,15.168815879549337,0,0,0
53.29,15,2659,4,6.572395830501714,0,0,0
140.67,13,1516,1,14.234936771821522,0,0,0
78.11,14,1521,3,6.880511933445542,1,0,0
63.72,20,1129,4,0.05375162074018025,0,0,0
33.2,13,101,4,5.849273516326403,0,0,0
34.63,8,2653,7,8.949771950975935,0,0,0
18.87,15,1553,2,0.6735873246390982,0,0,0
65.77,18,1046,3,4.171426362508843,0,0,0
97.42,14,704,3,4.573710489093353,0,0,0
102.98,13,927,1,10.907390943033917,0,1,0
203.31,10,309,3,7.357835480051037,0,0,0
24.75,11,581,2,2.2413244337385647,0,0,0
57.48,21,2396,3,2.7270821900463926,0,0,0
48.12,12,2805,1,4.67643381235637,0,0,0
29.28,18,1947,2,13.27293341836224,0,0,0
45.28,10,2282,2,0.7453790265154412,0,0,0
40.98,23,1855,1,4.6390267204348685,0,0,0
103.93,13,2662,2,13.063206039971979,1,0,0
32.85,12,2574,3,0.5404355999559876,0,0,0
25.31,13,945,3,3.5111714547191712,0,0,0
46.76,22,2581,5,16.640927296848908,0,1,0
56.27,23,146,4,15.34826362386847,0,0,0
198.0,8,114,4,12.5322683024181,0,0,0
53.47,10,1992,2,6.365191413646741,0,1,0
107.67,15,2219,0,4.908982954769374,0,0,0
114.03,13,360,4,2.2342668299325723,0,1,0
95.1,13,2578,1,0.00663857654447586,0,0,0
58.82,4,45,3,7.972789567811789,0,1,0
20.46,14,1395,2,7.394022068409001,0,1,0
67.96,9,2907,4,4.564407184769676,0,1,0
22.43,9,1197,0,22.968352223458982,0,0,0
8.94,13,1810,1,11.848655942511412,0,0,0
72.78,10,1486,1,4.297857782938047,0,0,0
31.4,7,2105,5,4.565579420533819,0,0,0
5.46,14,1951,4,10.570706157124462,0,0,0
143.2,7,1952,2,6.083989168052944,0,1,0
39.84,7,1015,4,6.6603140015560225,0,0,0
62.58,15,1132,1,4.764381747568327,0,0,0
67.24,17,2806,2,2.7188726200513345,0,1,0
140.24,20,2306,6,4.163302529031085,0,0,0
38.54,10,2557,3,0.7384840548703959,0,0,0
99.64,16,1848,5,1.9748471898807116,0,0,0
85.86,14,637,3,7.358690485748302,0,0,0
40.84,12,823,2,5.385382090419098,0,0,0
100.16,11,1804,3,2.282889130288761,0,1,0
56.5,19,2296,2,10.751378914373895,0,0,0
64.55,3,2204,1,6.734724060537195,0,1,0
51.44,13,1340,4,6.582983383231232,0,1,0
96.96,12,714,3,1.6939873658129345,0,0,0
36.7,16,1332,2,3.9115515937966765,0,1,0
87.36,13,2464,3,7.317608136693976,0,1,0
48.93,22,1788,6,2.2322529168053498,0,1,0
107.07,14,430,6,3.5209969209896705,0,0,0
35.15,14,185,2,4.154831340832208,0,1,0
68.75,15,503,2,8.779205811005397,0,0,0
36.02,20,2721,5,6.9314149159812946,0,1,0
75.07,17,1688,3,2.7713905323646184,0,1,0
37.79,19,2001,1,12.566344619479764,0,1,0
13.8,15,2209,5,3.021679792541928,0,1,0
109.49,16,1421,1,6.911045042301333,0,0,0
162.07,12,2173,2,2.4698351111176393,0,0,0
23.06,19,2096,3,16.41058115962634,0,1,0
84.72,15,2242,0,0.28643548362337423,0,0,0
20.2,17,456,1,8.53640950676412,0,0,0
72.07,11,1548,2,15.290116999685871,0,0,0
78.34,19,704,5,13.791603387455588,0,1,0
31.59,17,85,2,8.338591935816385,0,0,0
33.24,21,2749,4,9.145914706872937,0,1,0
18.73,12,1794,2,4.04013276304823,0,1,0
61.63,9,429,1,5.7968137701131255,0,0,0
96.09,16,436,4,7.895455902980583,0,1,0
38.42,19,1493,1,2.1520663810910694,0,0,0
52.36,7,2206,3,10.433535359908985,0,1,0
83.15,16,2197,2,2.076514608073687,0,0,0
123.32,16,2147,3,10.111436819813504,0,1,0
50.07,13,1334,2,7.604959672641748,0,0,0
121.43,12,36,3,4.27548580878895,0,0,0
56.99,13,1485,3,18.446548627404262,0,0,0
54.51,16,2770,3,10.030737430560478,0,0,0
79.8,21,657,4,6.286491783910117,1,1,0
178.16,14,1328,4,23.347851052376395,0,0,0
221.71,20,434,2,10.673406315513422,0,0,0
37.44,10,2046,3,3.5435715386330955,0,0,0
28.81,9,367,4,10.104117988282336,0,0,0
89.96,18,1295,6,7.032100450174752,0,0,0
764.37,5,133,7,62.32136953880632,0,1,1
47.9,12,1585,7,9.965846889615197,0,1,0
29.12,13,2768,1,6.893083791215986,0,1,0
65.13,17,2980,2,6.701752792398822,0,1,0
76.88,6,419,3,3.186733533862956,0,0,0
76.13,13,687,4,12.21198391989073,0,1,0
61.87,11,2819,4,10.402197548191463,0,1,0
146.93,13,2155,1,3.412549805337295,0,1,0
118.12,11,2399,4,8.356548017267507,0,0,0
120.89,9,441,4,6.681970883292401,0,1,0
22.05,10,730,1,10.101473409589703,0,1,0
79.62,11,1762,3,8.006773341935357,0,0,0
161.71,16,588,3,2.3169160068544614,0,0,0
63.75,12,2458,2,13.034569742119618,0,1,0
67.28,19,2804,2,7.354769245535565,0,1,0
96.5,13,1230,3,20.048188865130363,0,0,0
64.57,12,2486,1,14.160634255248226,0,0,0
62.21,19,2574,2,0.1423310262855102,0,0,0
23.94,18,91,3,13.459283979854364,0,0,0
155.65,11,1642,3,0.21732638299580032,0,1,0
92.43,8,1372,2,17.82671069551447,0,0,0
158.14,17,2186,0,0.5730489897303324,0,0,0
113.93,13,1400,2,4.003168038009619,0,0,0
106.23,12,1337,3,4.784850727914612,0,1,0
64.83,11,188,8,1.2108355142078082,0,1,0
30.26,14,2206,5,11.720171960903361,1,0,0
202.71,23,2411,4,0.736260782770163,0,0,0
86.81,10,2733,2,2.320197779558883,0,0,0
228.61,13,933,6,1.4428391705332335,0,1,0
35.05,14,933,0,2.68993899245949,0,1,0
12.39,7,2200,2,4.9348754460900555,0,0,0
53.66,6,973,5,8.445483076906696,1,0,0
79.18,9,1618,3,1.145174810783288,0,1,0
237.26,14,1276,3,3.8357920696338415,0,0,0
12.28,15,2593,6,5.821142037871256,1,1,0
175.35,9,400,2,5.339154302905313,0,0,0
133.71,14,226,3,6.833879503257777,0,1,0
35.4,13,2975,3,14.431226739088775,0,0,0
30.19,15,643,2,7.971609491679832,0,0,0
87.46,11,2506,2,20.388375429015024,0,0,0
44.97,16,268,2,10.416802859483063,0,0,0
50.91,8,66,3,26.937918598257937,0,0,0
90.21,14,275,6,9.2335425027628,0,0,0
85.64,9,308,5,9.820840870700906,0,0,0
67.35,9,292,0,20.466405444100214,0,0,0
106.68,12,352,2,14.835860667443415,0,0,0
108.92,18,432,4,6.6975160239709055,0,1,0
218.3,11,2598,3,2.089742565400859,1,0,0
161.4,3,2002,2,6.850215727408532,0,1,0
176.01,15,1833,3,21.86381928657557,0,0,0
41.38,9,674,6,23.39451036671406,0,0,0
56.73,17,1719,0,6.935605104241341,0,1,0
66.62,7,2862,6,12.435055293505659,0,1,0
111.95,15,2192,1,5.4885969574323195,0,0,0
1.34,14,2414,1,16.064918294398332,0,0,0
35.7,17,2410,3,4.2665593797508485,0,0,0
12.05,13,2550,2,7.6019721606071275,0,1,0
54.1,19,776,2,8.636337088213427,0,0,0
30.11,14,1349,4,5.424203065769177,0,0,0
30.44,9,599,3,1.8281668003054317,0,1,0
45.95,17,213,2,1.6259514429447615,0,1,0
140.7,12,1103,1,14.703590291428586,0,0,0
38.63,23,1546,3,1.9315456043238877,0,1,0
80.25,9,1028,5,4.915050166826324,0,0,0
43.02,17,1420,3,15.894075457458701,0,1,0
41.58,13,1449,1,5.475279591051352,0,0,0
140.54,15,2700,1,9.45661082237605,0,1,0
108.1,17,2828,4,0.35075112484022775,0,0,0
56.18,16,657,6,3.8878414633532055,0,1,0
89.47,0,2519,2,3.9235689772053632,0,1,0
43.82,15,2683,5,12.52473935067199,0,0,0
110.95,12,2895,2,10.289548935178995,0,0,0
81.37,9,1574,3,0.9343423346751569,0,1,0
42.44,14,851,2,3.525532596671182,0,0,0
15.69,7,845,3,3.2935349321890612,0,1,0
87.05,9,149,1,15.146492636311292,0,0,0
69.61,12,375,1,1.6419921202992005,0,1,0
149.15,15,2582,6,9.719215794385054,0,1,0
54.28,17,2384,3,3.690754111597739,0,1,0
138.86,14,475,1,11.855584612959849,0,1,0
65.34,16,140,3,4.4832905352351204,0,0,0
43.58,14,2711,0,1.4688318603408161,0,1,0
41.47,20,1368,2,6.6432693078351015,0,1,0
76.46,18,2177,2,7.594426090239992,0,0,0
24.61,12,1945,1,9.75877926463562,0,1,0
58.52,7,1830,4,8.751878395718581,0,0,0
50.28,7,2811,4,4.036441730650921,0,0,0
29.9,17,1941,4,10.587017883069143,0,0,0
95.92,12,1631,3,20.312778584500535,0,0,0
58.65,14,457,3,12.091875431426974,0,0,0
3.65,16,1060,0,0.585982184078012,0,0,0
8.35,18,189,4,5.971470716100333,0,0,0
44.55,20,2105,3,8.61960420696007,0,0,0
28.28,11,1319,5,5.1843345490075325,0,0,0
8.14,15,2986,9,4.404401459846149,0,0,0
80.63,17,1713,4,7.503587035798882,0,1,0
62.03,4,563,2,2.0816555568431285,0,1,0
116.35,12,384,1,0.32528541671660705,0,0,0
22.57,18,2919,2,1.396609492591264,0,0,0
85.11,10,1039,1,7.907684710615179,0,1,0
74.91,6,1205,5,0.9330697243699895,0,0,0
154.99,10,1673,3,17.59892511964709,0,0,0
7.68,11,2139,2,1.5509901825628751,0,1,0
87.46,16,1246,6,8.459593102383181,0,0,0
89.08,15,835,6,9.42438173249792,0,1,0
133.92,16,2303,2,8.373847345243506,0,1,0
7.34,15,1102,3,2.14098040951119,0,0,0
42.69,17,1262,3,5.072807986157639,0,1,0
62.51,8,1550,4,8.622114127732617,0,0,0
17.96,16,257,2,3.8555618637288998,0,1,0
55.56,8,2756,3,1.5111683018010504,0,1,0
13.76,17,1245,3,14.834499991942218,1,1,0
68.99,19,533,2,4.925123801202942,0,0,0
64.83,18,1892,3,5.2850715994706405,0,0,0
64.99,11,2911,4,5.816328668318073,0,0,0
27.26,12,1088,3,4.749229678728829,1,1,0
136.51,15,257,5,5.912896861519304,0,0,0
133.07,13,160,5,0.502036664308271,0,0,0
107.27,8,2432,3,9.77982924436089,0,1,0
188.94,13,2323,1,7.425419378421303,0,1,0
75.08,9,2978,3,14.63138192559455,0,1,0
124.66,13,1353,2,4.480100731518739,0,0,0
15.15,17,270,6,1.6363715382147523,0,0,0
116.75,6,1262,4,9.712448235502553,0,0,0
11.9,18,425,5,0.9175726390898653,0,1,0
51.66,18,1246,2,4.459446683591325,0,0,0
14.55,15,51,2,12.627787112384954,0,0,0
205.46,14,400,5,15.722693069844969,0,1,0
121.33,15,2793,2,1.5968655506418705,0,1,0
130.17,15,1335,5,0.5064061141988345,0,0,0
72.58,16,1316,2,5.9056079025873105,0,0,0
54.9,19,449,4,10.164985246057611,0,1,0
104.93,17,288,1,13.080509336308827,0,1,0
128.35,6,2848,3,4.288279433695235,0,0,0
85.27,13,647,4,6.937487122979336,0,1,0
19.26,16,754,2,8.448293318193464,0,1,0
49.16,13,1240,5,0.9994973084878307,0,0,0
118.57,20,308,3,0.6123271469790286,0,0,0
86.27,8,1644,2,6.820633695379042,0,0,0
22.0,12,682,4,0.31778890696154605,0,0,0
64.81,17,1031,4,12.862884102279722,0,0,0
110.24,17,2374,4,10.16221277113352,0,1,0
11.69,15,1997,3,9.169221129307932,0,0,0
76.77,7,2606,1,6.0517425192368615,0,0,0
177.81,16,1935,1,8.97783130074226,0,0,0
32.03,13,1503,2,2.537115654393502,1,0,0
26.8,15,1463,3,9.113024939648739,0,1,0
90.29,13,1873,6,17.351638049386953,0,0,0
101.8,9,2658,3,2.9915881819816974,0,0,0
8.65,14,418,2,7.240364373959485,0,1,0
31.87,16,971,3,2.6895100905623064,0,0,0
138.21,16,2795,3,6.567736747481179,0,1,0
80.76,16,1064,3,13.200368286428501,0,0,0
33.7,12,2912,0,20.144266816569,0,0,0
63.0,15,2498,0,15.677288119202352,0,0,0
21.98,18,1013,2,2.7582724894490105,0,0,0
8.9,14,1694,4,6.068280588587939,0,1,0
114.32,14,377,2,1.8222930073603019,0,1,0
27.15,11,1140,3,7.414451831608838,0,1,0
57.94,13,2122,3,13.87686551980875,0,0,0
8.74,14,1507,3,22.661191373504757,0,1,0
36.56,14,146,4,1.550255520294618,0,1,0
93.92,10,2812,0,4.873437338470319,0,1,0
84.61,11,1436,1,10.479409213362239,0,0,0
59.53,12,705,5,12.812032535412587,0,1,0
20.87,11,2522,2,13.917973985559804,0,1,0
51.94,9,459,4,9.887735066961264,0,1,0
14.91,14,2688,6,6.655794095379843,0,0,0
63.85,16,914,5,2.7022678241412574,0,0,0
20.61,13,2177,2,2.660531106879482,0,1,0
98.55,12,2161,0,3.898807492049828,0,0,0
51.38,12,1428,2,16.810657015486868,0,1,0
147.74,13,800,4,4.340293789341798,0,0,0
121.41,12,2087,7,11.76720442111904,0,0,0
95.5,14,2786,3,10.799430627569825,0,0,0
7.3,19,174,4,9.995968954519203,0,0,0
49.82,7,1412,3,8.099980245549911,0,1,0
7.52,11,1079,3,6.229466426905553,0,0,0
55.56,13,562,3,9.34483864784718,0,0,0
50.72,18,725,4,13.93172072228215,0,0,0
157.39,13,282,2,6.708489252179538,0,0,0
97.94,16,2155,5,8.30132154557172,0,0,0
76.85,10,353,5,11.135502688920827,0,1,0
111.37,20,355,1,0.9202673096148795,0,0,0
21.3,11,1363,6,13.37697168784931,0,0,0
20.41,15,1123,4,9.90093189307633,0,0,0
95.44,21,2673,4,7.075177840827756,0,0,0
114.34,11,1215,0,5.230785615436394,0,1,0
35.41,19,529,2,3.9251253639707535,0,1,0
144.46,14,91,6,12.21426625792316,0,0,0
64.4,10,1827,2,3.8185655082219174,0,0,0
74.64,15,2848,4,4.071361737503328,0,1,0
33.96,19,682,3,11.51016854493255,0,0,0
83.31,5,1571,0,4.438988803362191,0,1,0
62.53,17,542,2,0.4742056075015961,0,1,0
128.65,18,2320,2,3.123002869068359,0,1,0
67.87,10,2671,1,8.030177509239705,0,1,0
29.64,16,180,3,3.7570956274243885,0,0,0
104.97,20,1242,3,1.4430400251179556,0,1,0
60.82,17,2991,1,20.181064941882656,0,0,0
95.26,11,2054,2,1.0512695315365739,0,0,0
43.61,15,527,8,7.876741437468617,0,1,0
114.37,12,2332,4,9.362618062928423,0,1,0
17.12,6,1846,1,2.964871901002428,0,1,0
114.36,16,1156,1,6.678999290417266,0,0,0
60.8,15,1027,2,20.933445707621644,0,1,0
62.34,18,1063,2,6.683224677019078,0,1,0
70.25,4,2747,3,10.470060784162513,0,0,0
19.6,15,671,6,0.19360515993432692,0,0,0
96.32,18,2297,2,13.51367785907792,0,0,0
13.69,12,977,1,1.9751000793674427,0,1,0
6.71,10,1256,1,8.018875338941303,0,0,0
123.3,13,2290,2,9.023506762620425,0,1,0
14.72,7,2884,2,10.544212343907544,1,1,0
168.47,15,193,2,4.857672021516444,0,0,0
143.99,16,1456,2,7.094873420743436,0,1,0
309.4,15,347,3,7.421752109419161,0,1,0
65.48,10,1076,4,3.185719392138747,0,0,0
69.18,11,2678,2,6.949794722379642,0,1,0
16.56,10,38,2,10.989538366562012,0,0,0
19.7,4,750,7,14.41183643512256,0,0,0
125.83,7,1762,0,3.5518066302159017,0,1,0
90.38,16,2824,2,9.048291985536615,0,1,0
177.52,19,1993,1,13.123561827884345,0,0,0
94.75,13,1233,9,15.751517052296935,0,0,0
50.37,20,51,5,8.594876700548156,0,0,0
95.24,12,1827,1,2.73965561090832,0,1,0
3.54,15,1298,3,13.144379763044308,0,1,0
121.42,11,2040,0,2.9213058285953153,0,0,0
101.67,14,1503,0,11.715139264280516,0,0,0
102.32,15,1273,3,0.2588882604994769,0,0,0
86.85,22,107,3,9.23210520542466,0,0,0
89.42,10,1889,3,0.39454793993555626,0,0,0
42.27,12,2690,0,9.064926644307743,0,1,0
37.51,14,1525,1,10.906596318524159,0,1,0
165.33,15,1800,4,6.978885062450453,0,1,0
195.61,12,2685,4,0.43084384547217525,0,0,0
67.43,10,2283,3,0.2840518626812756,0,1,0
132.83,16,193,5,21.901876387296227,0,1,0
57.38,7,2855,4,17.426863488717984,0,0,0
66.63,15,1044,3,8.58616943489321,0,0,0
107.9,14,463,1,2.159118619328344,0,1,0
86.76,15,1444,2,5.164412252690026,0,0,0
32.16,17,57,3,3.7339492960056067,0,0,0
30.49,14,1654,0,8.790405870498773,0,0,0
95.9,19,1174,4,11.962650570834573,0,0,0
71.22,10,1568,5,11.862409756444809,0,1,0
154.58,11,2783,4,5.449728629487884,0,0,0
219.38,15,718,0,0.48106169368028784,0,0,0
159.46,13,1536,4,1.1550220523716668,0,1,0
68.87,10,2522,3,5.263088222669904,0,0,0
30.46,10,2085,1,2.7669908727454993,0,0,0
125.99,18,2363,3,13.354330612258874,0,0,0
81.18,18,972,3,3.309764685221664,0,0,0
68.5,18,1663,5,3.682079081245212,0,1,0
39.99,7,2218,1,5.857401566219709,0,0,0
140.06,12,2151,2,5.371274750031941,0,0,0
81.47,10,1381,4,2.213214235221457,0,0,0
140.43,8,1000,1,3.400036113083539,0,0,0
48.25,19,2880,2,1.406679362148615,0,0,0
172.8,12,139,2,11.080250269116782,0,1,0
190.49,17,1546,4,9.80795830454552,0,0,0
53.5,9,1690,3,11.116814797773806,0,1,0
69.68,12,705,6,8.226416363043061,0,1,0
166.14,6,166,6,4.958673033064136,0,1,0
36.4,10,223,5,8.541070319317598,0,1,0
132.51,8,1334,3,0.273379362714703,0,0,0
36.67,15,1957,6,18.516876550581625,0,1,0
266.21,13,1690,4,14.600401565645594,0,0,0
114.55,10,2709,5,4.418753371747535,0,1,0
109.56,15,1817,1,14.138084322379939,0,0,0
68.23,23,1285,3,10.364706606924694,0,0,0
98.15,14,2080,4,9.9268964957999,1,0,0
15.91,16,2917,7,9.538072704567261,0,0,0
226.12,15,1346,1,2.91995067607034,1,1,0
14.98,16,887,1,0.9895263731600465,0,0,0
47.7,14,2978,5,7.353079780006592,0,1,0
260.49,10,2998,2,13.28571576944799,0,1,0
48.76,18,2462,1,10.430253249744634,0,0,0
149.21,11,2603,3,20.135524499880507,0,0,0
60.7,6,712,0,3.3735268846363464,0,0,0
33.72,15,2098,5,14.131895179613828,0,0,0
112.65,15,295,2,15.551436789804747,0,0,0
84.85,19,2600,5,2.987484177438531,0,1,0
121.28,18,2598,2,2.6890923177173374,1,0,0
34.35,17,467,6,0.8848078912016639,0,0,0
42.25,12,464,4,9.3323196828211,0,1,0
49.49,18,2801,1,7.233530764721465,0,0,0
60.09,15,1474,2,0.9993998410155598,0,0,0
54.69,15,897,6,4.603103312587331,0,0,0
36.37,13,750,2,3.2937133707939283,0,1,0
136.35,15,524,3,8.948740728814947,0,1,0
41.75,13,797,2,4.5396874911115255,0,0,0
111.36,16,483,3,11.786669491780346,0,1,0
81.36,13,2285,1,5.849475502388235,0,0,0
10.53,17,514,3,10.046280793339026,0,0,0
496.77,4,188,15,208.72383090120664,1,1,1
122.08,15,1728,2,4.481505651485344,0,1,0
88.29,11,2708,6,1.7904072421372632,0,1,0
267.12,12,2204,2,0.4319342010671674,0,0,0
190.21,14,2367,3,6.21869080126205,0,1,0
182.22,9,2710,4,3.950620101839585,0,0,0
119.13,9,2240,4,11.455535954400432,0,0,0
10.04,10,676,0,10.410589749252557,1,1,0
62.43,13,112,1,12.408105389767318,0,1,0
179.6,17,2716,4,2.9089811995989665,0,0,0
57.31,17,402,2,1.3250014767798781,0,0,0
22.21,16,1240,4,2.3045932097710873,0,0,0
31.88,19,2379,1,1.1850997147046183,0,0,0
205.82,10,969,4,11.740794427094846,0,1,0
68.32,17,596,4,2.788672182091725,0,0,0
152.01,14,75,5,2.6275379814755295,0,0,0
116.99,3,154,3,3.0538020796937815,0,0,0
63.81,12,2092,2,0.4801021543807371,0,0,0
30.48,11,2235,1,14.510792874471653,0,0,0
39.74,10,2456,1,0.08923653088167516,0,1,0
118.92,14,378,2,17.713024028827707,0,0,0
132.92,14,675,3,6.06351820519053,0,0,0
36.63,17,474,1,6.849589356146723,0,0,0
144.28,17,1933,4,9.497378319550894,0,1,0
78.23,16,1129,4,12.33760559974326,0,0,0
23.92,16,2874,2,6.4336674082782705,0,0,0
77.94,11,2786,2,4.961671767687281,0,1,0
37.7,22,2389,1,2.263375369095596,0,1,0
52.57,9,2862,0,8.910222919903344,0,0,0
112.66,10,582,2,0.38996477232960736,0,0,0
33.62,16,612,3,0.5482338609137836,0,1,0
136.08,8,1584,3,7.062251204564161,0,0,0
130.05,10,2140,3,4.77353409849999,0,1,0
39.0,11,106,4,4.662574628297462,0,1,0
16.29,11,381,4,8.617127695339905,0,0,0
62.5,16,1011,1,5.333991640546685,0,0,0
74.63,12,200,2,2.7022561803790524,0,1,0
64.18,14,2499,3,0.6908903547669301,0,0,0
33.66,14,2963,3,10.51031641160228,0,1,0
68.56,18,2117,4,5.085471506944787,0,1,0
282.5,14,2870,1,7.584579952085399,0,1,0
77.51,12,2591,4,8.93062919889693,0,1,0
11.29,18,239,2,4.033146993930413,0,0,0
82.87,20,1107,1,7.464151834775798,0,0,0
32.27,19,1875,1,8.919224390014223,0,0,0
74.22,18,2841,4,5.0671958026251875,0,1,0
147.57,12,775,4,29.316442223881015,1,1,0
43.31,10,2010,1,15.175431276756726,0,0,0
109.51,14,332,2,14.257905263504174,0,0,0
37.84,16,733,6,3.412118871365624,0,1,0
1.47,11,364,1,15.06743372520915,0,0,0
17.11,18,183,3,0.8178591845494161,0,0,0
61.29,10,1168,5,5.250330166233998,0,1,0
55.46,12,2017,5,0.6788877157849766,0,1,0
208.98,19,884,9,11.791040989126309,0,0,0
92.1,14,2147,3,3.705052341133928,0,0,0
50.93,17,826,4,1.3922962568838306,0,1,0
58.3,21,1067,3,10.50989146004212,0,0,0
96.79,8,1411,3,8.205069092400144,0,0,0
33.36,7,2652,6,14.016785279170703,0,0,0
37.54,12,2535,3,5.868028464209022,0,1,0
147.03,16,2789,5,10.462635235884244,0,0,0
231.67,12,1282,2,1.6785901872860407,0,1,0
196.8,0,749,5,0.5960261508399256,0,1,0
58.28,18,1321,3,10.112241477418479,0,1,0
130.82,15,836,1,1.6420731240895616,0,1,0
27.14,9,2528,0,0.29321761725519835,0,1,0
61.05,17,2143,1,9.054918845548695,0,1,0
4.03,19,2232,5,3.535999257099773,0,0,0
7.42,20,495,3,25.12518842235709,0,1,0
96.33,19,1573,5,2.910550278428135,0,0,0
10.79,23,2099,6,8.402648415621993,1,0,0
162.8,14,340,2,2.8987416951918723,0,1,0
92.38,19,2220,4,4.688169313329451,0,0,0
69.13,16,38,1,1.6107742490707002,0,1,0
103.75,16,308,0,9.05234249182424,0,0,0
51.38,19,2202,1,15.176919720417162,0,0,0
113.71,11,1455,1,7.71244293095226,0,0,0
44.89,12,1611,6,3.656481407726124,0,1,0
30.45,15,2289,4,21.97101960955917,0,0,0
25.56,2,2548,3,8.410547084496582,0,1,0
91.25,5,1946,4,9.7088957110203,0,0,0
39.8,20,781,4,0.14650991444018668,0,1,0
67.79,6,552,6,9.324668584630782,0,0,0
71.36,8,471,6,3.772327324440871,0,0,0
112.88,10,1129,6,11.06535572375562,0,0,0
201.39,17,2368,2,2.267742044944929,0,0,0
21.24,11,2987,4,5.5075495022894865,0,0,0
42.5,13,1149,2,4.640974989340274,0,0,0
107.59,18,569,7,16.697413449802493,0,1,0
182.33,15,657,2,6.040115800007882,0,0,0
35.4,11,321,1,12.122761405123597,0,0,0
158.09,14,1218,0,4.663097176032688,0,1,0
116.47,15,634,2,6.658058732568124,0,0,0
61.52,17,1335,2,1.145688488992033,0,1,0
71.51,15,2085,2,2.4794642089945835,0,1,0
34.97,21,2220,3,10.517731471531008,0,1,0
33.45,16,2597,4,1.2557467826370639,0,0,0
143.47,19,87,7,7.580157925992092,0,0,0
180.68,18,2215,0,1.6643519956230999,0,0,0
9.82,13,754,2,1.1182288408456955,0,0,0
74.26,17,96,3,4.554976989922386,0,0,0
150.99,20,1958,2,12.205247499079757,0,0,0
130.76,17,2501,6,7.6766358965734165,0,0,0
74.19,14,1747,2,9.457646193897684,0,0,0
92.72,19,2045,3,4.5608623239382435,0,1,0
44.93,16,1813,3,4.812011952552341,0,1,0
11.29,7,91,2,0.7361367110674042,0,1,0
16.72,9,2040,1,8.665982355842312,0,0,0
44.5,8,957,3,0.500185970364905,0,0,0
152.76,18,2715,2,1.0004445729469276,0,0,0
29.57,15,1316,1,11.682241376397045,1,0,0
266.94,17,1610,1,5.66387607128952,0,0,0
54.23,7,1297,6,1.735184461630868,0,0,0
13.73,15,2103,5,6.137807417466734,0,0,0
42.54,9,781,1,3.8980714589597536,0,0,0
114.03,15,69,3,2.2443779861962083,0,0,0
95.69,8,207,4,5.754873513626544,0,1,0
68.44,11,1857,2,10.693265152612849,0,0,0
132.33,17,2553,3,1.4982543584997137,0,1,0
97.36,17,2332,2,6.696715848942208,0,0,0
58.01,10,1346,2,3.537647519354067,0,0,0
164.46,9,1879,3,2.149246111537469,0,0,0
63.53,7,1679,2,12.422151896764046,0,0,0
56.16,13,1702,3,13.596305582154047,0,0,0
63.21,14,291,2,0.23096386645804845,1,0,0
16.45,16,2119,1,4.936840507250996,0,0,0
41.13,14,395,2,14.39830139986299,0,1,0
149.25,14,1830,4,8.146389054202148,0,1,0
110.94,11,660,1,5.939189953723976,0,1,0
184.06,15,2415,3,5.85969283888884,0,0,0
100.58,9,876,3,8.4893055764333,0,0,0
61.22,17,1396,2,3.1103128098282973,0,1,0
42.34,8,652,4,6.370080291819543,0,0,0
7.55,18,2331,1,18.78926549161619,0,1,0
27.71,14,1393,6,8.65196430187839,0,1,0
68.0,16,1038,4,2.535485737218782,0,0,0
79.0,10,53,4,10.378989017682013,0,0,0
133.68,12,956,3,11.093751946238303,0,0,0
74.31,23,2883,4,2.08054117766835,0,0,0
44.21,10,581,1,10.186046863104067,0,1,0
39.62,10,989,5,1.6479325767552142,0,0,0
36.53,17,199,3,13.776910220232304,1,1,0
35.58,13,1896,3,5.17924593859971,0,0,0
49.58,12,1015,2,9.968337550329018,0,1,0
87.47,13,2706,1,2.637883561432329,0,1,0
154.5,19,134,5,1.2845078177756308,0,0,0
81.43,10,636,3,0.8061294545117432,1,1,0
123.75,17,621,2,10.097109985059678,0,0,0
35.37,15,553,2,13.99612466724967,0,1,0
24.51,13,464,6,19.888419874561574,0,0,0
106.99,10,1636,2,4.036213948003976,0,1,0
164.12,11,939,3,12.355006292488712,0,0,0
109.47,12,512,4,1.6530519289902665,1,0,0
52.21,15,1676,2,10.091242721373558,0,1,0
40.71,6,1129,2,9.825121724647975,0,1,0
37.0,11,438,1,1.2521911776179264,1,1,0
81.05,11,149,4,1.4798201713255401,0,0,0
26.74,18,1071,1,2.666766774097595,0,0,0
69.61,9,2867,5,17.505667903306783,1,0,0
25.22,18,183,1,5.304769300186788,0,1,0
24.5,18,757,5,11.39801697255066,0,0,0
10.54,13,2483,3,16.707309632201067,0,1,0
184.19,19,251,1,5.7784295627992615,0,0,0
36.13,13,1093,8,2.1642456888699986,0,1,0
128.77,17,404,3,5.390427233152044,0,0,0
64.9,9,57,5,4.209763775652195,0,0,0
142.94,15,982,3,7.640191740273769,0,0,0
38.72,15,495,2,13.155397192315592,0,0,0
14.99,10,1453,2,10.963483516247086,0,1,0
38.21,12,949,1,12.772021851236637,0,1,0
73.23,15,844,0,8.19486729241818,0,1,0
69.72,15,2174,4,13.204564389460003,0,1,0
40.4,11,2903,2,17.192046154028443,0,0,0
751.24,0,134,10,446.79077663493933,0,1,1
62.46,16,884,2,5.501178972634045,0,1,0
49.88,19,134,4,2.3691013130436596,0,0,0
112.63,14,1476,1,1.9234385550140707,0,1,0
184.23,16,2635,1,0.22442786638544998,0,0,0
174.42,13,1506,3,7.353463465252588,0,1,0
66.88,16,1706,5,6.589169337032654,0,1,0
75.99,8,1236,1,8.18218497353879,0,0,0
23.75,18,1241,7,20.74330397128947,0,0,0
75.53,10,783,3,1.2689090431401109,0,1,0
74.8,16,1459,4,2.2492878075269873,0,0,0
51.31,13,2384,3,7.432673441173428,0,1,0
32.78,18,1873,1,6.79864803338105,0,1,0
17.42,12,1402,1,6.070039990558823,0,1,0
54.91,14,1903,4,13.813302439913514,0,0,0
51.95,16,2336,5,32.22453464433129,1,1,0
126.6,16,2425,3,18.839287505228118,0,0,0
6.68,13,2499,5,11.26010070885673,0,0,0
15.9,16,398,3,5.928719796182512,0,0,0
41.61,7,2588,4,4.5178763961384245,0,0,0
93.24,17,424,1,3.90787791068238,0,0,0
63.78,11,431,2,3.07777274784174,0,0,0
94.35,14,1410,4,24.31137507794055,0,0,0
88.36,10,2566,2,10.192409124015509,0,1,0
39.22,11,2423,5,15.587901704858814,0,1,0
14.0,13,1296,4,12.053380513225989,0,0,0
58.05,15,987,3,0.30301632378957155,0,0,0
43.18,18,2362,2,8.053202305035109,0,1,0
7.53,19,2194,2,5.889967068713553,0,0,0
27.32,14,2859,4,10.129739824760255,1,0,0
163.73,15,1702,2,0.5320858949599989,0,0,0
58.26,10,2378,1,18.476621201698077,0,0,0
181.37,13,2264,5,6.507713157302819,0,0,0
110.17,7,2004,4,0.4969408276657452,0,1,0
492.73,3,366,13,615.1958558845106,0,1,1
64.12,12,670,3,4.963189729124519,0,1,0
62.57,2,776,3,7.670381726152165,0,0,0
320.24,15,1701,1,3.6705799494515787,0,0,0
306.23,14,129,5,4.771167371402775,0,0,0
43.69,22,1695,3,10.98528388494541,0,1,0
98.93,14,1410,0,12.220967800885944,0,0,0
47.22,14,2072,4,9.50327375473374,0,0,0
60.97,12,2388,2,4.054604485648767,0,0,0
134.59,12,2947,4,7.924750728074328,0,1,0
11.01,11,2450,2,8.219449604374308,0,0,0
64.17,8,892,3,13.02539417387952,0,0,0
88.46,10,551,3,4.8424373079383844,0,0,0
21.2,17,494,1,19.055911403649066,0,0,0
43.75,9,1338,7,4.611562979614778,0,0,0
37.75,14,2365,4,22.644357733535642,0,0,0
44.6,8,1522,5,10.925572235885301,0,1,0
63.43,21,2232,1,9.143135752233935,0,1,0
287.81,4,222,4,575.7146012916114,1,1,1
90.38,8,312,2,10.077115727019814,0,0,0
75.81,10,1873,0,4.350931255162447,1,1,0
203.39,15,429,3,9.269557998641904,0,0,0
154.55,11,2566,0,8.879082406685157,0,0,0
31.41,10,448,2,15.29273823100735,0,1,0
102.57,18,2269,5,4.81958006166627,0,0,0
121.11,10,568,4,15.284929088893717,0,0,0
38.86,20,2725,5,3.1902801189112484,0,0,0
49.89,16,2182,6,6.615596059052283,0,1,0
13.68,14,2688,3,12.038836193102188,0,1,0
13.0,14,97,1,20.398128548689396,0,1,0
14.65,16,209,2,10.006223865363271,0,0,0
53.18,14,1652,2,0.5373583830638387,1,1,0
104.06,15,2346,3,4.080050141898612,0,1,0
63.56,21,2673,0,5.702392205730325,0,1,0
25.79,19,2705,2,23.102160963779117,0,0,0
196.51,20,813,0,3.5549060969572004,1,0,0
23.79,11,587,0,4.899030209672921,0,1,0
51.25,17,2828,7,12.280487606347027,0,0,0
146.65,14,1896,3,3.4197090462829127,0,0,0
204.79,19,2899,5,17.241007109024427,0,1,0
68.72,20,1585,1,3.9442529795976995,0,1,0
31.81,7,2372,3,16.526569002460388,0,1,0
51.66,7,775,0,10.369469609777331,0,0,0
172.53,23,1386,1,17.339069302938988,0,1,0
295.15,5,209,8,539.3180207281507,1,1,1
46.61,13,2446,0,5.469375625745807,0,1,0
63.89,17,1081,2,8.262534475403346,0,0,0
71.49,16,2762,1,12.995518159027204,0,0,0
222.19,17,1842,1,6.281154300768306,0,0,0
118.73,12,682,4,6.350222133269202,1,1,0
23.97,13,1068,5,8.200753244935708,0,0,0
100.75,11,2152,3,8.200943232461023,0,1,0
96.24,8,2935,8,11.167613462234218,0,1,0
77.46,5,2975,1,5.786706315873336,0,0,0
107.63,13,327,2,8.481329869024224,0,0,0
87.37,10,2230,4,17.452817104639283,0,1,0
29.38,22,849,1,2.4352043211602967,0,0,0
96.86,14,2602,1,8.976371053534203,0,1,0
17.27,9,2618,2,6.868860346879571,0,0,0
119.26,7,1243,0,14.083573924079081,0,1,0
116.39,12,41,1,7.875088614151745,0,0,0
238.99,10,1427,3,2.255106405290726,0,1,0
42.23,17,2440,1,11.339329433021994,0,1,0
96.34,18,1382,4,8.089570930653684,0,1,0
40.96,15,877,4,1.1627214046285914,0,1,0
28.66,17,485,6,2.466749959573115,0,0,0
171.45,14,2026,0,2.5384988682297562,0,0,0
97.43,18,1744,1,8.375810839066036,0,0,0
40.62,11,2663,2,10.194795653247947,0,1,0
52.45,8,1177,4,4.192189667221335,0,0,0
23.83,11,768,1,4.129044102413598,0,0,0
147.76,15,551,4,11.310995569566629,0,0,0
70.87,15,739,3,0.4750059381748848,0,1,0
64.62,15,912,2,0.2613135994901645,0,1,0
89.48,15,1211,7,4.624617011770269,0,0,0
15.55,10,2000,4,11.861309243341498,0,1,0
22.59,9,2494,7,11.764319584717052,0,1,0
3.69,11,1220,3,5.015127232060069,0,0,0
32.91,10,2481,4,9.581438131920102,0,0,0
57.43,6,2675,1,7.622697425222631,0,0,0
5.32,13,2609,2,7.16742399531749,0,0,0
46.81,16,427,1,12.098533787851508,0,1,0
65.95,17,1902,4,16.05374179633605,0,0,0
91.22,18,1851,5,3.5965547029683247,0,0,0
18.73,14,189,2,9.226109645920133,0,1,0
65.31,9,2585,6,6.074138679146447,0,0,0
13.52,19,1127,6,4.559214516652471,0,1,0
24.27,6,1231,5,10.808129609938051,0,0,0
362.81,8,832,5,8.861805096961575,0,1,0
60.99,17,215,3,13.141879258464842,0,1,0
238.76,4,2467,3,1.2965567271460747,0,0,0
108.81,15,2785,1,24.787182522798588,0,0,0
44.74,16,2776,7,4.088374182945641,0,0,0
15.9,17,1668,2,10.381009961174449,0,1,0
229.21,18,1965,7,6.31368627498167,0,1,0
47.21,13,2124,4,2.3353945369131868,0,0,0
16.02,16,787,4,15.890623322862982,0,1,0
50.77,18,389,5,19.533868071606896,0,0,0
113.01,16,1222,1,20.576868882576427,0,0,0
53.86,11,245,3,8.559439930917694,0,0,0
140.99,11,2642,2,2.368256123365225,0,0,0
70.64,9,562,2,8.681309313082782,0,0,0
29.37,14,321,3,12.868844127619514,0,1,0
124.24,11,1466,7,4.520538255894049,0,0,0
135.25,19,2160,1,1.3132379236453504,0,0,0
214.63,10,2177,7,14.450434861348542,0,0,0
80.2,15,277,3,7.67264475408151,0,1,0
48.68,18,1450,3,16.997922493489366,0,0,0
32.53,19,125,4,4.997229241720491,0,1,0
29.47,8,1900,4,0.3806898391741793,0,0,0
78.42,13,1247,3,12.425497544358478,0,0,0
72.69,22,1849,2,1.2835989610909642,0,1,0
142.14,14,44,3,4.470488686777599,0,1,0
104.8,15,379,6,0.9011292460156497,0,0,0
323.7,11,2930,2,11.662676118063285,0,1,0
57.37,16,1312,3,0.373348447440244,0,0,0
58.21,19,1326,3,8.67373103708379,0,0,0
65.93,19,610,1,2.7555983190312276,0,0,0
52.1,9,2618,2,4.977490518525697,0,1,0
92.53,16,1548,3,0.5902342596101535,0,1,0
40.22,15,2753,2,3.763741002589729,0,1,0
31.1,11,1675,4,11.126649058183943,0,1,0
76.58,12,2770,3,11.098447510116987,0,0,0
67.73,6,2323,5,0.5067863717010708,0,0,0
401.73,4,209,9,382.1761261137769,1,1,1
73.28,12,568,2,7.516083601124674,0,0,0
28.45,5,180,2,9.791321797169964,0,1,0
134.73,12,1591,4,2.9705572727955842,0,0,0
273.35,0,114,9,891.258801057774,1,0,1
84.78,13,2597,3,8.019885203391746,0,0,0
120.6,17,2067,3,7.728447680945579,0,0,0
179.92,7,2333,1,11.315194043098465,0,0,0
121.3,10,1505,0,0.7480118313641384,0,0,0
44.36,9,1815,1,7.396336326979728,0,0,0
36.7,14,2937,3,5.839796844024471,0,0,0
45.35,8,472,4,6.709491409003594,0,0,0
64.58,9,2930,1,2.057516884350844,1,1,0
174.35,5,168,16,459.71019236083225,0,1,1
141.39,14,123,4,3.992391815422561,0,1,0
109.4,12,1590,3,8.347583841649916,1,0,0
38.32,6,566,4,7.236048096803559,0,1,0
51.55,14,1302,2,14.542383374280043,0,0,0
35.3,7,1878,2,0.7205843857023844,0,0,0
71.56,16,1100,2,7.077325090768697,0,0,0
107.02,12,2790,1,10.71730589251533,0,0,0
61.53,6,2707,4,3.739200998177086,0,0,0
20.53,12,2942,3,13.624599746272445,0,0,0
112.06,15,2170,4,4.969124397025946,0,0,0
66.11,17,379,6,15.478973945107857,0,0,0
29.01,13,1033,1,4.498396650515093,0,0,0
110.6,14,1287,2,14.765285625366282,0,0,0
93.33,10,1811,3,5.368160130123483,0,0,0
49.82,10,804,3,17.913665355923637,0,1,0
128.76,12,1614,6,4.767939434760373,0,0,0
14.7,16,1715,1,3.395506675460115,0,1,0
123.76,20,412,3,8.698741247568265,0,1,0
73.18,11,1089,0,8.226508474755072,0,1,0
110.0,14,707,1,12.45356564354267,0,1,0
45.46,15,694,3,5.7624775649909665,0,0,0
37.36,22,1337,1,4.818717329504246,0,0,0
46.96,8,1534,2,3.194141057731322,0,1,0
78.23,23,1244,5,6.203572011642447,0,1,0
39.59,17,1260,1,7.9945909596468265,0,1,0
44.1,17,114,4,3.9817734603991743,1,1,0
185.29,9,511,6,6.551982012731088,0,1,0
32.16,15,2317,2,11.349222987048757,0,0,0
77.32,16,578,1,20.60901393938663,0,0,0
248.57,19,2291,1,6.249545275575898,0,1,0
46.25,11,2284,3,6.897748718344567,0,1,0
108.82,23,138,2,7.259033717269605,0,0,0
20.86,21,2169,4,3.87173028084593,0,1,0
142.24,10,668,4,1.2996886681906332,0,1,0
197.03,21,1545,2,10.583821579973275,0,0,0
371.4,11,1299,1,10.507366937565877,0,0,0
96.85,13,1394,3,8.544342772364327,0,1,0
78.87,17,2626,1,5.885071656701964,0,1,0
114.18,6,726,4,5.4576681978219685,0,1,0
121.08,10,2891,3,2.639600601881024,0,0,0
485.53,0,360,13,901.2464332747943,1,1,1
36.95,10,2265,3,13.90899961244032,0,0,0
4.82,15,1000,1,5.237649815838338,0,0,0
18.53,17,1699,4,8.313113423474366,0,0,0
172.23,19,331,2,8.32745797168267,0,0,0
17.2,22,2962,3,10.949113270933713,0,1,0
145.04,15,1634,3,17.442332949898766,0,0,0
97.03,13,2096,3,0.48855265532241177,0,0,0
71.14,18,2811,3,26.22361500574372,0,0,0
45.27,9,491,3,1.5819049553786866,0,0,0
52.35,19,250,1,12.34233925069028,0,0,0
78.29,15,1858,2,15.542212570806056,0,0,0
43.74,17,657,2,2.523156132654642,0,0,0
86.3,15,2526,5,8.335601363093676,1,1,0
384.97,1,68,8,122.72145676491783,1,1,1
66.63,5,2258,2,15.960512074343008,0,0,0
31.34,18,539,3,4.245185554656604,0,0,0
137.13,13,2831,3,3.1369095688386706,0,0,0
120.27,11,1864,1,0.34739333172277664,0,0,0
21.02,23,1009,0,19.575299009958226,0,1,0
148.67,17,447,3,9.920755939902254,0,0,0
133.62,12,2292,4,4.088722554114473,0,0,0
20.41,20,32,2,13.972521868040255,0,0,0
77.75,13,2244,8,0.9736455837740081,0,0,0
75.96,14,2294,3,18.16651297487038,0,1,0
97.83,13,1658,2,14.932409664755346,0,0,0
21.35,20,2111,0,4.653218682642794,0,1,0
17.21,13,413,5,16.043419398847107,0,1,0
18.8,15,891,4,4.246535968922473,0,1,0
111.47,14,933,5,20.24894853157,0,1,0
34.43,7,591,2,14.026332457261852,0,0,0
16.71,17,2847,1,1.264302099742237,0,0,0
62.23,13,1214,6,4.217623033772124,0,0,0
56.14,12,2841,6,10.788088934013235,0,0,0
90.11,17,2708,5,5.226043860510304,0,0,0
153.63,15,2655,1,3.5656301336731344,0,0,0
140.84,16,1136,2,10.187241715765058,0,1,0
29.4,16,2208,5,0.002928653418630134,0,0,0
50.0,14,1838,5,23.5754815366218,0,0,0
86.0,15,1215,2,7.444386973261979,0,0,0
114.14,9,2575,2,9.646710920727006,0,0,0
19.21,9,1731,3,16.926253820823327,0,1,0
178.4,11,2520,4,13.143359514282345,0,0,0
137.44,12,231,5,0.0009272808077422923,0,0,0
220.57,12,39,4,5.2959573223795315,0,0,0
239.03,19,1469,4,3.7405977629324267,0,0,0
25.75,11,2241,7,4.147899643393369,0,1,0
52.31,10,210,0,1.7827409802686933,0,0,0
215.56,15,1717,4,5.967716291398325,0,0,0
54.14,11,209,2,1.097972074405984,0,0,0
80.48,15,946,6,1.3300230911385333,0,1,0
114.95,19,260,2,2.5905874928215016,0,0,0
37.38,16,116,3,7.295456627826511,0,0,0
35.66,11,875,1,8.588565862693322,0,0,0
49.3,11,2071,4,10.096604695644759,0,0,0
124.69,11,1196,1,8.539735389628664,0,0,0
56.46,20,1167,4,14.959780293998932,0,0,0
256.79,14,2499,3,4.826400289499592,0,0,0
28.09,17,2336,7,5.615745300291288,0,0,0
52.17,15,2603,2,10.438846673191119,0,1,0
68.84,8,2130,3,3.3375058615185003,0,1,0
128.95,11,1595,7,11.78865517771211,0,0,0
39.43,16,2626,4,9.11505780495956,0,0,0
79.37,14,1199,3,12.5376236555581,0,1,0
76.38,15,2898,1,2.0172915455229616,0,0,0
123.5,14,1495,3,2.28963293936848,0,0,0
263.94,16,2415,6,8.89087282781303,0,0,0
74.58,16,2953,3,1.016505213189645,0,0,0
8.0,11,2733,4,0.5103410697313233,0,1,0
19.94,21,1181,4,4.619358649189898,1,1,0
58.68,15,2875,5,9.225219259830759,0,0,0
38.72,17,2930,4,5.20559284806837,0,1,0
85.13,10,785,6,10.656608050526257,0,0,0
173.1,14,552,2,9.963193010907197,0,0,0
85.88,13,1097,5,3.274288437515029,0,1,0
43.55,9,98,4,7.392768477060738,0,1,0
47.6,14,2348,0,9.997136467039306,0,0,0
65.64,17,1303,1,0.20212411888039394,0,0,0
110.74,19,2765,3,5.410087757181133,0,1,0
49.95,14,495,6,8.805171198673406,0,0,0
31.76,12,1396,6,5.317924109701278,0,1,0
85.12,15,2843,1,9.447118381272427,0,0,0
182.15,14,1791,5,6.664388260139459,0,1,0
42.02,10,2018,1,13.103997474787995,0,0,0
142.72,13,2467,4,19.195644027047795,0,1,0
54.02,9,2098,2,13.738671775769935,0,1,0
129.8,10,2611,1,10.384480031152364,0,1,0
29.66,15,529,3,3.839058214119567,0,0,0
49.91,13,2496,1,11.076824709617359,0,0,0
160.23,10,1907,3,13.239937953027571,0,1,0
129.05,16,318,1,9.764773817165553,0,1,0
113.78,23,1934,5,1.435140604114331,0,1,0
124.35,18,2683,4,3.838968922958314,0,1,0
198.16,8,130,6,1.7667661792118516,0,0,0
91.53,18,2861,3,8.352822563850566,0,0,0
84.01,11,732,6,4.5238404273717014,0,0,0
47.75,11,352,6,10.868506887730979,0,0,0
43.34,20,90,3,17.226994414140343,0,0,0
83.55,20,1206,5,16.118738417108112,0,0,0
54.04,10,2030,4,3.49232913751136,0,1,0
150.62,11,223,3,3.4889865133339324,0,0,0
97.21,14,596,2,5.195294892234278,0,1,0
118.63,18,527,1,2.8246966555615503,0,0,0
151.79,14,673,1,8.612026458555286,0,0,0
50.65,15,2832,4,10.09238552832238,0,0,0
99.94,8,2095,3,7.576177513024467,0,0,0
195.47,1,184,12,950.8032748488175,1,1,1
148.81,18,609,2,10.945329391185247,0,0,0
224.64,14,2001,3,8.368727497199941,0,0,0
104.14,9,2516,3,12.308809633111693,0,0,0
73.14,20,1982,6,0.9133698295409705,0,0,0
136.74,12,2882,6,9.013733524555352,0,0,0
62.03,14,2981,0,5.983431194894278,0,0,0
97.34,8,890,3,5.8774688381175455,0,0,0
89.11,10,675,4,11.443412813025098,0,1,0
51.13,13,2779,5,0.7169707792659832,0,1,0
42.79,12,514,5,9.4553504798659,0,0,0
60.63,17,2081,3,8.9007078229625,0,0,0
137.62,13,2625,3,10.503438333609347,0,1,0
55.72,13,1341,4,2.0835912374221146,0,0,0
52.27,8,2418,6,11.906284290884532,0,1,0
140.06,13,1223,4,9.5788835050426,0,0,0
18.77,19,1793,2,4.2331395368090305,0,1,0
66.55,14,2824,4,19.388301667470323,0,1,0
89.83,19,1016,2,1.4755231074364357,0,1,0
150.16,11,1774,2,12.945628309284967,0,0,0
47.58,10,1224,1,17.612451636222254,0,1,0
50.12,15,216,3,2.0405059049109546,0,1,0
114.53,1,344,2,4.418789415809294,0,1,0
27.54,15,295,3,9.321132630577688,0,0,0
38.38,16,1802,1,18.81672923793893,0,0,0
146.64,12,1539,2,16.760145955688863,0,1,0
104.01,18,260,4,5.840077857064661,0,1,0
106.31,14,887,5,8.815164373531589,0,0,0
9.38,17,2675,4,1.7345571195874427,0,0,0
125.09,19,2146,1,9.214278060627592,0,0,0
98.47,15,1733,4,5.478290621984856,0,1,0
45.7,12,2522,3,2.5185107892117093,0,0,0
29.41,9,1517,0,2.81921370349015,0,1,0
231.71,14,2482,4,0.4285362477911061,0,1,0
85.66,10,1295,5,8.766507869684963,0,0,0
75.03,14,808,2,10.160647962890572,0,0,0
36.89,23,2238,4,7.067083623061922,0,0,0
25.65,13,1938,3,11.478315251657719,0,1,0
22.36,21,2534,1,5.744800710689243,0,0,0
249.91,13,533,2,1.6749416803125907,0,0,0
111.78,14,1826,2,6.905124114198427,0,0,0
69.01,23,1628,3,4.517385519481623,0,0,0
71.61,5,1498,4,4.6553510806605,0,1,0
15.19,13,1265,5,7.674181939524855,0,1,0
113.99,19,1774,2,3.0261860043811737,0,0,0
119.97,14,71,3,6.366709955221682,0,0,0
34.01,10,2149,4,10.015912887114293,0,1,0
15.3,13,2724,1,2.6669116862328326,1,1,0
93.26,8,2674,1,5.0561958761931445,0,1,0
55.29,19,1900,5,2.453637302019393,0,0,0
40.8,10,1699,3,15.016933811283065,0,0,0
166.56,9,2358,6,0.859345343893672,0,0,0
24.26,18,969,0,8.487468890401646,0,0,0
145.44,11,2257,4,11.711492819772992,0,0,0
39.36,12,1077,2,8.5172731550608,0,0,0
48.04,15,983,4,7.1783847679686055,0,1,0
20.98,14,515,1,9.440858674656187,0,1,0
195.53,10,1425,3,8.613807388014028,0,1,0
72.34,10,1315,4,3.73538065226261,0,0,0
17.37,16,196,3,2.100541172709744,0,0,0
136.25,11,1471,7,3.7238331210381324,0,1,0
261.63,0,72,4,485.8867962875338,0,1,1
36.24,13,2533,6,1.5374736352124772,0,1,0
37.64,19,1543,3,9.482121717530173,0,0,0
21.69,14,654,9,7.102332519614813,0,0,0
86.61,17,37,3,11.361719547931127,0,0,0
141.63,10,395,3,4.988656448927541,0,0,0
30.92,18,1763,1,8.559657761616267,0,0,0
135.28,14,1078,2,6.332067702870258,0,1,0
116.71,18,475,4,14.226887676583262,0,1,0
229.35,14,1196,2,3.864442549998198,0,0,0
106.39,20,2283,5,16.808098954798066,0,1,0
17.6,17,2024,3,17.8480342597365,0,1,0
33.7,12,1101,2,3.8286394348951047,0,0,0
34.79,12,415,3,2.5977504362278667,0,1,0
49.09,8,610,0,1.651281706333167,0,1,0
44.04,14,2309,2,0.49314704044199154,0,1,0
126.59,16,861,3,11.252794979903644,0,0,0
11.63,14,896,4,21.74384402228997,0,0,0
116.28,15,1477,3,12.155465045684547,0,1,0
53.96,6,600,2,4.607259167489811,0,0,0
51.63,12,1089,3,7.745133811300189,0,0,0
30.44,12,639,4,12.50165637712516,0,1,0
71.56,13,2985,1,18.55865109661326,0,0,0
71.71,12,1348,1,5.765147996467204,0,0,0
34.43,17,450,4,11.169622066273512,0,1,0
205.49,12,2113,2,5.794089216538534,0,1,0
77.93,19,2390,1,5.300775686927222,0,1,0
183.4,5,381,8,253.26670637561617,1,0,1
24.47,14,2310,2,12.2177741456236,0,1,0
115.06,11,963,4,5.34307969264937,0,0,0
67.3,7,1163,2,6.608907636572586,1,0,0
52.32,12,1513,6,4.806395323468296,0,1,0
121.99,22,1016,2,4.651422222936884,1,0,0
111.74,13,2644,3,11.037129025928454,0,0,0
74.34,16,1704,2,2.6565920497791335,0,0,0
118.77,8,320,1,10.11590674616804,0,0,0
56.31,19,2408,0,15.793256977855652,0,0,0
35.01,11,2253,3,19.201146949109933,0,1,0
43.87,13,1597,2,1.3461098759497752,0,0,0
66.04,4,583,1,5.069776878472991,0,1,0
77.62,20,856,5,9.095164283423706,0,1,0
89.51,19,411,4,10.332745267888075,0,0,0
96.72,7,2652,1,0.3347911190281643,0,1,0
42.85,5,1966,2,7.129690182547709,0,0,0
157.36,16,407,0,8.248828610492925,0,1,0
45.91,17,1823,7,7.432215884685851,0,0,0
105.81,12,408,2,8.592952371584845,0,0,0
30.57,18,526,2,1.6031437614740418,0,1,0
76.67,15,1154,5,7.618229888206524,0,0,0
70.77,10,2392,1,8.902135395678155,0,1,0
31.79,9,2699,4,0.024288763213839992,0,0,0
2.58,15,401,0,4.842389824961837,0,1,0
104.28,13,1869,1,0.4729917455374233,0,0,0
32.58,3,857,4,25.637698660142004,0,1,0
16.63,20,459,4,0.9459923077525207,0,1,0
105.96,9,740,5,12.672759762212596,0,1,0
19.51,10,2957,6,2.9748134648113815,0,1,0
90.14,20,1375,4,14.697524347754342,0,0,0
74.24,17,2741,3,5.37377891078553,0,1,0
156.48,9,2119,4,9.83815870858963,0,1,0
199.94,16,275,3,6.448389702645895,0,0,0
45.01,11,1893,8,0.21272244898813142,0,1,0
87.03,10,314,3,5.4191370513233865,0,0,0
113.37,9,514,2,0.4237163362269598,0,1,0
314.8,14,533,2,6.495791070905311,0,0,0
163.77,10,1756,2,10.092640943695983,0,1,0
125.84,12,1058,1,2.6986594248130626,0,0,0
152.74,17,2291,1,10.986936471856724,0,1,0
86.32,16,1905,1,1.6785246493788222,0,0,0
79.76,21,1727,4,15.848088165560302,0,0,0
113.9,20,2159,1,4.713436034053083,0,1,0
241.53,12,2359,4,4.932912276482875,0,1,0
44.64,18,44,4,7.405674646652665,0,1,0
48.79,6,1997,2,4.687829703363574,0,0,0
29.9,14,1745,4,17.28001787689643,0,1,0
60.68,13,162,6,0.13094489073489068,0,1,0
97.72,10,2267,6,5.407185244791002,0,1,0
33.08,14,2734,6,7.272474982890326,0,0,0
1058.05,2,333,15,416.3690756876297,1,1,1
109.35,15,2673,7,4.720059650813612,0,0,0
65.98,12,618,5,1.193315772303896,0,0,0
126.04,4,567,1,4.536299200054305,0,1,0
77.91,14,1833,2,1.35903589996787,0,0,0
286.99,15,128,5,0.7764083987161401,0,1,0
73.93,18,1963,3,16.080545691496614,0,1,0
27.29,16,330,2,11.636314546229283,0,0,0
10.67,9,425,3,10.814707331354338,0,0,0
81.79,14,1895,4,5.33936845374202,0,0,0
63.15,19,2724,3,1.5400137750993794,0,0,0
55.89,17,688,8,6.975151250524924,0,1,0
29.31,17,1366,5,23.51733339511891,0,0,0
44.56,11,569,3,2.6027562575285774,0,1,0
30.56,17,756,5,3.8249781934308107,0,0,0
71.09,19,1902,1,3.5498748634691246,0,1,0
56.65,15,911,1,8.76705815876436,0,1,0
10.8,10,79,3,6.839069055568537,0,1,0
94.35,9,2778,5,3.387720037500314,0,1,0
78.99,7,2507,3,9.718256421273615,1,1,0
45.33,16,90,0,7.496093727625063,0,1,0
24.26,12,2729,1,13.1587897608058,0,0,0
51.33,15,2207,1,0.948661917429038,0,0,0
104.7,12,925,8,9.399679588327725,0,1,0
65.6,13,1568,3,1.0792051886909255,0,0,0
41.01,14,506,2,5.6934491796529425,0,0,0
13.34,12,2844,2,1.975721177599009,0,0,0
104.86,14,2240,6,1.184147428260001,0,0,0
27.62,12,1517,1,2.9921740358259337,1,1,0
64.91,18,1725,1,17.89267698366291,0,0,0
140.19,11,1906,2,4.7018983012081,0,1,0
188.61,12,1424,2,4.863087837221576,0,1,0
87.02,12,2504,2,2.555842780093136,0,0,0
101.04,13,228,6,1.3807241693362675,0,0,0
157.17,16,1151,5,5.473320660041649,0,1,0
33.6,16,2438,6,15.719545633447936,0,0,0
202.28,12,2808,4,0.42450057853705925,0,0,0
40.18,11,2450,6,0.8811308246610405,0,0,0
125.08,18,620,2,4.866768844135001,0,1,0
81.62,15,2456,1,5.225119355364621,0,0,0
161.2,13,1690,1,6.694121122208063,0,0,0
45.89,20,42,3,4.745775122237969,0,0,0
160.15,11,662,3,13.532254531783154,0,1,0
60.45,8,806,2,1.5853934635182565,0,1,0
14.36,15,235,3,3.8430689009213963,0,1,0
117.63,6,515,4,9.060704808100812,0,0,0
215.85,17,1911,0,7.75326157104729,0,0,0
61.18,6,663,1,0.31709234402829,0,0,0
76.76,13,1212,2,4.860385700545239,0,0,0
59.36,20,69,1,11.475144622252149,0,1,0
24.42,17,2232,2,9.281977110845624,0,0,0
39.5,12,1958,2,24.17446080741447,0,1,0
20.09,13,723,4,0.19920745870560275,0,1,0
122.35,10,513,0,6.674220801989666,0,0,0
206.43,10,989,3,1.1335355991844347,0,1,0
110.56,11,2838,4,6.406331665531971,0,0,0
63.38,19,1467,3,16.05161033613293,0,0,0
107.84,17,1487,4,2.503030295316678,0,1,0
83.59,16,662,5,4.309928940874921,0,0,0
150.35,12,2792,1,17.809176953422842,0,0,0
23.58,11,2678,4,0.6084328639081882,0,0,0
37.97,10,1721,4,12.623229696551448,0,1,0
77.25,14,620,2,0.7514545316754306,0,0,0
65.17,8,822,0,7.718935646215389,0,1,0
82.78,15,362,2,9.63605271031641,0,0,0
19.08,18,2698,0,16.60598890646632,0,0,0
73.35,12,208,3,2.7646199164702807,0,1,0
58.45,19,1103,3,7.642172483514351,0,0,0
42.69,5,2766,3,5.364216150713528,0,0,0
32.46,21,1849,3,8.4809806370643,0,1,0
26.99,7,2879,4,0.4037587461666714,0,0,0
92.82,8,2207,1,13.443594982971304,0,1,0
131.31,18,2439,1,11.197631697531982,0,0,0
57.14,17,510,3,15.476566308864685,0,0,0
18.63,6,2176,3,15.18698199174001,0,0,0
34.1,14,618,8,1.7205944276702154,0,1,0
118.6,11,2001,4,6.22490031404689,0,0,0
42.7,18,2241,4,1.6194949589982146,0,0,0
56.67,12,510,2,1.2401760977685998,0,1,0
106.82,11,87,3,12.11157717978526,0,1,0
330.14,7,1720,1,9.363432171001856,0,0,0
36.93,10,156,4,12.640787934454888,0,1,0
44.26,14,1755,2,12.988770404693115,0,0,0
244.28,16,1319,2,7.156284222806036,0,0,0
127.57,20,2755,2,6.834607800793685,0,0,0
19.53,17,1209,4,1.9513778811580202,0,1,0
142.2,5,2457,0,7.84287393565295,0,1,0
17.18,18,312,1,2.333090224099379,0,0,0
29.07,16,2028,3,3.381339342893836,0,0,0
250.12,16,2480,2,2.4678099314406374,0,1,0
121.56,17,2693,6,8.13193320615607,0,0,0
75.19,18,1339,1,23.595591409666373,0,0,0
96.54,8,79,6,2.4028025260486396,0,0,0
40.15,19,2862,6,2.8658080221931277,0,0,0
55.6,13,1920,2,8.246524544720357,1,0,0
51.23,23,2328,2,3.270254710800778,0,1,0
59.81,23,409,3,0.30946928544848973,0,1,0
19.8,15,1609,6,2.2210703262697336,0,0,0
47.79,17,299,5,2.8210655860992238,0,0,0
41.56,14,1088,3,5.7368917318095916,0,0,0
121.25,11,470,4,10.532245236645867,0,0,0
122.95,17,1520,7,8.526424499324287,0,1,0
164.46,17,1712,2,3.9743091818468823,0,0,0
81.22,5,1229,3,8.462004459721527,0,0,0
55.5,9,2120,6,23.932540967088823,0,1,0
90.43,14,188,3,1.3707371766224554,0,0,0
19.64,17,1911,5,3.0366713425318963,0,1,0
107.21,18,853,3,16.193271718408987,0,0,0
15.6,8,1907,1,12.329817293462714,0,1,0
68.77,10,808,2,7.504945388339541,0,0,0
52.56,18,1927,4,1.8985758164009194,0,0,0
43.23,19,170,4,22.043950617610943,0,0,0
230.28,17,2907,4,6.748659022660766,0,0,0
27.36,10,856,2,6.804054319371636,0,0,0
89.05,14,932,3,7.503091195882827,0,0,0
151.34,13,741,4,4.0142333146298235,0,1,0
230.98,14,1519,2,13.339648774436265,0,0,0
86.09,18,932,3,8.372840217761988,0,0,0
165.21,6,1720,4,1.1055309217605638,0,1,0
35.31,15,1089,3,9.47580284640123,0,0,0
28.24,18,991,2,0.9881374280888915,0,0,0
33.29,18,903,4,7.778288739459976,0,0,0
57.54,9,2967,4,15.062472708362229,0,1,0
28.38,17,2790,2,7.253687701840574,0,0,0
12.91,8,1866,2,0.8773805250314508,0,0,0
128.17,9,2993,4,9.105481335642986,0,1,0
55.7,6,905,2,6.886049721727524,0,1,0
294.33,14,1142,1,8.945944060217212,0,1,0
198.68,11,2513,0,10.480183654274889,0,1,0
14.48,19,372,4,7.603661299712028,0,0,0
37.96,17,341,1,1.7973012036102878,0,0,0
154.5,18,87,1,6.459353963892681,1,0,0
57.33,10,2832,2,1.847134080777899,0,0,0
33.0,14,263,6,12.439208006555376,0,0,0
51.18,23,1278,1,11.15422997840821,0,1,0
58.98,19,2071,2,7.9811393839494915,0,0,0
246.33,13,1656,2,2.002245001494427,0,1,0
108.15,18,1259,3,9.872538256630126,0,0,0
85.44,13,1911,2,0.8107714463482605,0,1,0
130.98,13,661,2,12.145951339368018,0,0,0
33.85,13,508,3,6.607445431833709,0,0,0
67.47,18,1480,4,10.001707086713463,0,0,0
25.31,8,1758,6,3.2162088254910426,1,1,0
43.88,11,884,4,5.837991456250564,0,0,0
30.78,10,1218,2,7.912630709563642,0,0,0
164.02,23,259,3,10.259671122576545,0,1,0
23.2,12,2106,1,1.0416648789897351,0,1,0
89.83,5,2235,1,1.7524919011495594,0,1,0
43.12,20,1091,2,14.009484887644252,0,1,0
73.03,19,1630,5,17.766505630539413,0,1,0
54.77,21,1363,1,7.461049735514592,0,1,0
6.27,13,926,4,5.663175132355224,0,1,0
102.87,14,156,4,7.0802489093445065,0,0,0
74.05,11,171,3,4.6049387983850565,0,1,0
334.16,16,1846,3,11.373503246955359,0,1,0
139.94,19,1546,4,2.2088545273425875,0,1,0
43.02,12,2562,3,15.634027319085916,0,0,0
64.18,13,1459,3,9.942267941373528,0,0,0
46.47,13,1347,5,5.378776524796289,0,0,0
62.33,12,2898,4,0.35440640896536646,0,0,0
36.43,19,685,2,2.083553914137509,0,1,0
119.1,16,1031,4,5.534621762064242,0,1,0
183.73,4,173,9,520.6888776562957,1,1,1
69.05,14,2069,6,3.5951767340917584,0,0,0
77.02,8,1937,1,13.533340592057389,0,0,0
47.82,9,967,3,7.6527551255152595,0,0,0
4.64,17,1257,2,0.32599939575420755,0,1,0
39.19,12,560,1,8.374381320057402,0,0,0
64.93,23,2328,3,12.27142329060728,0,1,0
39.93,17,2985,3,9.957874623203292,1,0,0
169.85,12,94,2,10.30944674651894,0,1,0
100.16,17,2392,5,2.8902723574847404,0,0,0
128.59,18,306,3,3.1915870868734615,0,1,0
60.91,12,1085,3,0.10474794904638962,0,1,0
103.74,13,1075,2,8.31930395710221,0,0,0
15.38,18,1019,0,4.418502371058393,0,0,0
33.06,8,1468,5,7.921458301500234,0,0,0
22.77,18,2160,3,14.777269910800316,0,1,0
162.25,14,1951,2,15.901411710549654,0,0,0
124.32,10,2060,4,12.554159101473264,0,1,0
74.76,14,1429,0,2.115511882980676,0,0,0
74.69,14,1516,1,7.493795504875047,0,0,0
175.95,16,396,3,6.114080869773776,0,0,0
270.41,20,1446,5,1.0759877251446994,0,0,0
1.95,15,2259,4,7.932052671365529,0,1,0
74.89,12,242,2,4.239433451750502,0,1,0
79.38,9,2984,3,0.48483662849551656,0,0,0
151.14,10,591,1,13.120906075301239,0,0,0
24.49,9,1708,4,0.5063211152858766,0,0,0
84.16,9,2805,5,6.059791743774509,0,0,0
66.37,13,2445,4,8.960812390667641,0,0,0
60.53,17,2612,4,25.514176940734846,0,0,0
27.67,15,1129,2,6.2704840198096115,0,1,0
54.76,15,1695,6,11.172433042577158,0,1,0
19.44,18,1811,2,4.741759473564756,0,1,0
24.81,16,2645,4,10.673908733444655,0,0,0
74.48,16,970,0,6.820857410905183,0,0,0
19.12,15,737,2,0.7747621396930722,1,1,0
167.08,17,804,5,15.63153782695059,0,0,0
58.31,17,2163,1,6.928474818922314,0,1,0
49.86,9,1301,2,4.147897929088685,0,1,0
289.45,16,2001,3,0.8126332109306231,0,0,0
93.77,11,1111,3,4.368900244702086,0,1,0
133.64,13,1126,2,4.852048965885579,0,0,0
65.02,23,2857,2,7.410094323265691,0,1,0
78.11,16,2400,3,0.47014430476289526,0,0,0
60.12,11,1614,2,6.44973247466514,0,1,0
71.19,12,110,6,11.46792683563891,0,0,0
170.79,23,297,5,7.716868365335223,0,0,0
128.48,12,470,2,8.755301359635821,0,1,0
55.78,14,1495,2,12.368489895792202,1,1,0
54.83,17,2555,8,2.023752101478588,0,0,0
6.97,12,1096,4,7.251799509374467,0,0,0
108.33,11,620,4,23.818682009491624,0,0,0
291.45,12,792,2,0.48047822229070025,1,0,0
144.17,11,2075,4,0.5537565428012581,0,1,0
169.53,12,116,1,0.7090393312933303,0,1,0
12.44,12,598,3,7.4876917559338825,0,1,0
147.73,18,2704,6,5.2163673010019025,0,0,0
30.08,17,1275,3,13.26445599145338,0,0,0
70.66,10,1983,1,9.629787170342276,0,1,0
119.53,10,2182,5,9.734481186457959,0,0,0
27.18,13,343,2,9.695508650314956,0,0,0
216.86,19,702,0,12.634658043417723,0,1,0
57.63,12,1594,1,4.089476588857307,0,1,0
45.89,8,59,3,13.51577044875424,0,1,0
62.78,14,536,1,11.919173477680484,0,1,0
41.64,11,1139,5,3.655975769562936,0,0,0
40.46,9,1442,3,0.8361875277875956,0,0,0
24.06,22,1218,4,5.39823377773092,0,1,0
19.26,21,1964,2,4.858012915118548,0,0,0
36.92,19,870,2,5.051769739200222,0,0,0
156.25,13,585,1,5.195835590034094,0,0,0
18.23,10,2662,5,3.054798398382669,0,1,0
115.55,15,2825,0,8.83231913942687,1,1,0
51.48,15,1134,2,2.774406240558309,0,1,0
121.66,10,2933,1,23.554697262171207,0,0,0
34.46,18,957,4,10.224920579082923,0,0,0
182.29,18,776,5,13.620521515708251,0,0,0
36.09,14,935,5,18.512723532178835,0,0,0
16.79,12,828,2,9.429385548927275,0,1,0
169.67,11,1440,4,4.7408718134572885,0,0,0
270.71,9,2309,4,5.433896443536222,0,0,0
69.73,15,2363,3,4.4107216681959365,0,1,0
21.31,1,2577,3,11.773554212026974,0,0,0
122.34,12,1942,5,2.824704090740021,0,0,0
44.92,9,857,1,11.356553964169825,0,0,0
55.69,12,33,2,14.382506702798189,1,1,0
67.56,14,463,4,4.8114370487545415,0,0,0
46.64,15,2692,2,4.109990364997419,0,1,0
33.31,15,2419,4,1.4942305622150198,0,0,0
59.97,12,655,3,2.322459584527726,0,1,0
36.01,20,209,3,0.40527136984693524,0,1,0
12.56,12,2980,3,2.542535677222161,0,0,0
136.78,13,1915,5,1.8934142137354293,0,1,0
87.71,19,2938,6,7.833029217939427,0,1,0
69.8,17,369,6,4.939730720217978,0,0,0
97.08,21,2745,3,0.20832472239668043,0,0,0
124.75,16,582,4,5.78950411677035,0,1,0
116.24,12,2266,1,2.3678281554502174,0,1,0
48.84,11,2541,3,8.820752039538093,0,0,0
43.4,9,105,2,2.4435203000480783,0,0,0
71.21,14,483,6,7.380991328710579,0,0,0
89.73,13,2555,4,1.3708076642496096,0,1,0
36.99,17,367,7,14.328707265685406,0,1,0
53.47,8,1644,5,2.601200277760745,0,1,0
164.84,13,287,1,1.9650695223497552,0,1,0
99.42,10,2010,2,1.5976942469493136,0,0,0
173.61,21,2627,6,4.56697176167233,0,0,0
141.87,11,359,3,2.2408243386368056,0,0,0
186.69,15,1731,5,10.609808642787625,0,1,0
107.16,10,2084,3,2.482177354393717,0,1,0
97.75,17,1110,8,12.348768411313282,0,1,0
76.13,10,2423,3,0.8219141182264176,0,0,0
29.91,7,1486,5,11.991125336116557,0,1,0
120.81,17,445,4,2.825883432369728,0,0,0
121.85,20,1664,4,12.049113347889627,0,1,0
146.88,7,2659,1,13.353897387459016,0,0,0
78.14,15,2449,3,3.681472720648032,0,0,0
29.96,9,1891,2,12.781335177795036,0,0,0
39.83,10,2801,3,23.344796912482575,0,0,0
61.74,10,2452,1,0.804285270241377,0,0,0
10.1,19,2015,6,23.85955558494846,0,0,0
19.44,13,2205,3,1.1441636264519097,0,0,0
135.46,21,2953,2,6.236285801686002,0,0,0
143.42,8,1356,6,1.525525337675722,0,0,0
54.23,8,2324,6,0.35295890075425973,0,0,0
101.52,2,65,8,12.775496113533109,0,1,1
27.52,10,242,2,2.197416837521909,0,1,0
96.6,10,2607,0,19.078680704772744,0,1,0
64.78,9,2382,4,4.5224991753192025,0,1,0
41.27,13,2408,4,8.223106675309749,0,0,0
99.4,11,529,3,8.62840875216431,0,1,0
27.58,21,1660,4,16.031467478927482,0,1,0
54.73,16,2201,2,2.147595748436624,0,0,0
109.61,20,2625,4,0.736042360378927,0,0,0
125.6,16,2042,2,2.9061804426633966,0,0,0
63.3,17,2687,4,8.603670909184647,0,1,0
142.3,13,814,4,2.166007214158971,0,1,0
81.14,8,2540,7,3.2998013076425217,0,0,0
187.78,7,2205,6,2.5716033328720878,0,1,0
122.57,11,2685,5,0.37089730340483484,0,1,0
172.39,17,802,6,10.480247836495135,0,1,0
45.19,14,1691,3,0.9408450293372468,0,1,0
40.05,11,1054,5,7.110427804218871,0,1,0
59.73,15,847,4,4.034902569347707,0,0,0
142.35,13,217,2,16.67625275150976,0,0,0
26.97,11,1169,3,19.614048197830336,0,0,0
41.81,16,2517,2,2.496540272077346,0,0,0
45.95,15,185,2,5.903048560267287,0,1,0
103.13,20,2135,1,8.629139264309106,0,0,0
69.98,16,2203,2,4.742161592674591,0,0,0
23.47,18,1841,0,6.854724768188971,0,0,0
67.71,20,2352,3,12.587618444842839,1,1,0
26.78,21,2957,2,2.472240361933677,0,0,0
2.75,12,2064,2,3.7991294560136115,0,1,0
29.61,19,522,3,5.373499717149668,0,0,0
231.57,16,298,1,7.93767639250821,0,1,0
13.87,23,634,1,0.8985176081261601,0,0,0
113.89,14,1670,2,0.6392014115053337,0,0,0
19.52,12,104,7,6.805727282612686,0,1,0
149.25,18,397,2,12.86750985247502,0,1,0
174.82,12,395,3,11.816279721685273,0,1,0
58.96,10,2902,2,1.9699406522086562,0,0,0
15.55,14,726,4,14.52195476368755,0,1,0
113.32,11,1016,6,12.896090306790764,0,1,0
207.46,19,2599,3,0.6636158156078116,0,1,0
50.14,11,1866,0,0.9289813630926824,0,0,0
144.21,17,1532,4,0.52411004553732,0,1,0
14.26,11,1096,3,1.1056398560982093,0,0,0
71.2,7,30,0,8.259300319112521,0,0,0
60.25,11,2182,5,4.735561914078444,0,0,0
249.9,13,2365,2,14.002755946921813,0,0,0
116.1,9,969,0,11.062451122663088,0,0,0
109.46,10,569,5,23.60460266876814,0,0,0
173.99,11,2879,3,15.49505098354736,0,0,0
108.6,9,1749,3,10.82762840327806,0,0,0
167.92,15,2086,2,4.402610720156863,0,0,0
51.63,14,2089,5,5.112946332843839,0,0,0
140.41,11,1278,1,19.19675292727956,0,0,0
96.89,9,2172,2,7.0190375038375254,0,0,0
34.14,18,1998,4,2.2694249959115,0,0,0
37.51,5,1946,1,11.168635757784262,0,0,0
160.01,12,2695,0,7.198113973519387,0,0,0
27.14,13,742,2,8.709633036973724,0,0,0
35.89,12,1870,2,2.014602144001275,0,0,0
155.72,11,2710,1,3.0631505147726017,0,1,0
21.11,17,2541,3,12.937575703626749,0,0,0
115.4,18,1208,4,22.104257203299344,0,0,0
216.45,14,1591,1,10.811087525614475,0,0,0
22.52,9,1537,1,10.553476107465752,0,1,0
42.25,17,721,2,7.554977107017692,0,0,0
106.71,9,1685,2,9.054169025799695,0,0,0
42.79,19,2549,1,6.042143355275934,0,1,0
51.36,21,925,1,7.771240710639589,0,0,0
112.04,9,2977,2,6.516071849555937,0,1,0
106.5,13,1255,3,24.408310961412077,0,1,0
176.46,2,351,8,364.21850117009853,1,1,1
59.53,11,2017,2,3.436842614788227,0,0,0
437.52,3,154,8,526.2986019786009,1,1,1
94.42,13,283,5,2.0872382878828604,0,1,0
51.77,20,519,3,0.42437906409225423,0,0,0
5.11,10,1671,5,4.6903694100333855,0,0,0
89.57,20,226,3,4.466114059186149,0,0,0
9.55,14,2221,3,3.0644886647010843,0,0,0
107.51,15,514,3,4.92555768912918,0,1,0
28.59,12,2161,4,7.082376513544108,0,1,0
75.73,11,2680,0,5.017371550561289,0,0,0
220.48,13,1268,2,6.106779852527442,0,0,0
41.28,14,542,0,9.169568993431966,0,1,0
34.44,17,2976,5,13.616070514163752,0,0,0
103.08,14,1924,2,7.922626454933608,0,1,0
93.65,13,1278,5,10.902456191314249,0,0,0
167.25,13,2811,5,8.471685060156391,0,0,0
128.99,18,547,4,14.791260942078084,0,0,0
76.54,12,512,4,13.176073386967744,0,0,0
114.52,15,195,4,1.332495706418793,0,1,0
43.6,13,2236,0,11.539665987420271,0,0,0
20.36,16,105,2,2.4710396204982885,0,1,0
42.12,12,1207,4,20.269702914818936,0,0,0
142.68,11,2087,2,15.66186809050717,0,0,0
73.59,11,784,1,6.057923814329291,0,1,0
126.06,18,1242,4,1.2262512829446948,0,0,0
94.7,14,381,4,6.55270178356995,0,0,0
74.94,16,2675,3,3.7711120531130775,0,0,0
1177.32,2,84,10,694.2957219572245,1,0,1
50.2,21,2557,3,17.07552631588622,0,1,0
7.5,14,1995,3,1.577054869917844,0,0,0
119.22,16,1981,4,2.6259908603664597,0,0,0
122.39,19,2454,0,4.180164403416699,0,0,0
67.75,20,60,3,19.555635264079935,0,0,0
64.28,15,2371,3,1.1942343640888633,0,0,0
132.44,11,1492,4,6.7233828403365266,0,1,0
51.19,16,705,2,16.087848736966183,0,1,0
54.45,11,2102,3,15.595950351046708,0,1,0
30.14,19,1006,7,20.30162730829795,0,0,0
107.41,13,987,7,25.25510420058449,1,0,0
67.81,15,1992,3,3.701805780624536,1,1,0
188.96,12,95,5,9.024330338282912,0,1,0
61.79,14,2178,4,7.26129152079255,0,0,0
70.8,20,1661,1,8.644867244599789,0,0,0
129.14,11,1809,1,14.20043835861345,0,0,0
109.97,15,1548,0,24.837881693074518,0,0,0
928.17,1,347,7,944.1425676337439,1,1,1
26.74,8,1338,2,1.6077857155640283,1,0,0
51.06,18,2473,3,2.336437788920338,0,0,0
48.35,15,1218,3,7.021305709374764,0,0,0
42.57,10,1652,5,20.12827786205319,0,0,0
220.69,16,939,2,15.783870300368001,0,0,0
35.13,15,2321,1,8.249118432224382,0,1,0
49.83,8,210,2,0.7561536636641328,0,0,0
69.47,16,1446,0,5.8708824006541604,0,0,0
87.37,15,458,7,1.724785261414155,0,0,0
34.97,15,1455,3,4.889512193960725,0,1,0
22.99,13,1693,4,8.597793844306874,0,1,0
31.94,9,1603,3,8.662273795746998,0,1,0
91.45,13,450,3,0.5098680136993412,0,1,0
66.38,13,906,0,11.314927602809707,0,0,0
81.56,8,2346,3,8.679742087880328,0,0,0
19.29,17,2367,4,13.166839307589635,0,0,0
215.01,7,2733,2,3.265843584576217,0,0,0
175.28,2,125,9,753.3099966437585,1,0,1
78.78,15,575,0,10.177528282766424,0,0,0
36.05,11,1178,0,8.907367887022943,0,0,0
84.03,14,156,5,10.645975304110822,0,0,0
82.91,14,2648,1,18.653089457574698,0,0,0
32.7,14,600,2,7.494669405515886,0,1,0
94.48,12,2217,5,5.9245660321894,1,1,0
62.77,14,2663,4,18.70148247510715,0,1,0
72.47,7,2085,5,3.5524065712004393,0,0,0
57.83,12,785,0,9.032051664624964,0,1,0
60.97,11,2917,1,10.7877812780676,0,1,0
233.41,9,1773,1,27.03870010674474,0,0,0
4.82,11,2609,6,8.6273280883538,0,0,0
30.99,20,2011,2,14.228124416172626,0,1,0
15.96,11,2071,2,4.296850104425309,0,0,0
157.13,8,106,6,6.9710866691224425,0,0,0
209.05,19,437,2,4.149933603329439,0,1,0
36.95,13,514,1,24.15017590251206,0,1,0
137.76,17,1047,2,9.7253939638789,0,0,0
51.99,13,2182,5,2.1066092081763967,0,0,0
74.8,16,1367,4,1.2555296880116087,0,0,0
147.79,10,2154,3,0.6019188617326137,0,0,0
34.87,18,2381,4,1.5408243549589224,0,0,0
51.07,13,2097,3,1.273387903123238,0,1,0
99.39,6,118,10,1.4427500997844307,0,0,0
130.73,18,2137,4,1.75252543445787,0,1,0
140.84,13,35,4,1.158312977189111,0,0,0
46.82,2,327,16,466.9874508001244,1,0,1
381.26,0,166,11,318.52689303306107,1,1,1
39.42,13,1595,3,7.501961425435022,0,0,0
74.25,12,2097,3,9.195958466861608,0,0,0
275.8,14,2270,2,0.8689837300417187,0,0,0
99.06,16,1139,4,0.7642369037584178,0,1,0
61.96,11,1118,4,18.407965797158006,0,1,0
44.93,20,1024,5,5.928838144474463,0,0,0
240.93,16,1778,4,5.004187373540899,0,0,0
17.83,15,2510,4,2.7943854628328184,0,0,0
24.97,10,944,3,3.194098004352707,0,0,0
107.48,15,1006,6,2.732645446813204,0,0,0
66.45,9,1548,4,16.181304057454277,0,0,0
45.77,14,1289,2,9.34148838872658,0,1,0
39.1,10,896,3,11.678736868880033,0,1,0
53.46,17,661,2,3.435229178807475,0,0,0
44.85,19,603,4,0.4731326060483143,0,0,0
49.3,15,1898,5,10.670999346395263,0,0,0
67.32,16,691,7,3.354261093479508,0,1,0
7.79,22,1380,1,2.9574544610283766,1,0,0
24.21,14,2223,2,16.235566825543003,0,0,0
23.9,9,363,8,4.017730561568531,0,1,0
91.17,16,2914,2,0.3168553379023731,0,0,0
34.86,11,2403,2,0.061522325502203046,0,1,0
67.47,10,608,3,9.71586991422547,0,1,0
163.25,10,1881,4,13.374025679855574,0,1,0
75.91,16,169,5,3.9425330168775954,0,1,0
42.42,15,1720,2,9.700252754025508,0,0,0
89.06,11,573,3,11.067376115799286,0,1,0
51.0,11,501,3,12.967567410148407,0,0,0
74.82,13,1713,8,0.8163207214909809,0,0,0
19.3,17,1515,6,13.74460151722255,0,0,0
97.72,23,1254,2,11.622134789016208,0,1,0
152.94,16,1757,2,0.5617596587488674,0,1,0
46.07,22,2938,2,9.641297048244802,0,1,0
60.32,15,281,3,12.093615300326544,0,0,0
66.59,10,1798,4,16.819955616309738,0,0,0
146.77,16,2433,4,17.95466580473324,0,0,0
28.6,12,2201,2,8.627167180160749,0,1,0
243.11,12,139,2,5.721783117942978,0,0,0
134.14,8,1310,6,11.343109629914178,0,0,0
19.84,18,2192,4,10.46624678797673,0,0,0
45.17,10,1189,8,2.3399456424659033,0,1,0
60.61,16,2138,4,5.648814112864002,0,1,0
148.98,15,2675,3,3.5982426122070006,0,0,0
89.97,10,410,0,17.812995334164402,0,1,0
113.46,11,1578,1,4.739268417798689,1,1,0
280.14,5,303,7,9.869207625330546,1,0,1
39.22,11,1182,1,2.618832712759366,0,1,0
105.37,19,2490,4,12.414476714933558,1,0,0
53.48,13,437,4,4.074746427914757,0,0,0
42.82,13,1821,4,7.075814521812182,0,1,0
30.81,16,900,5,0.13207163360026275,0,0,0
25.61,11,232,3,7.117821244167919,0,0,0
342.73,1,63,8,265.11877089916976,1,1,1
16.95,12,1963,1,19.125207345256023,0,1,0
74.26,13,553,4,10.845582026391288,0,1,0
100.25,10,2873,2,1.0403127946534223,0,1,0
129.34,12,627,3,6.284238321588308,0,1,0
47.29,11,613,5,9.509947323002194,0,0,0
27.5,14,2675,4,16.378874962319323,0,0,0
36.11,14,1711,6,8.60158872933241,0,1,0
110.23,9,2988,4,27.643946213011475,0,0,0
33.08,13,2476,1,2.1051036061775124,0,0,0
108.63,8,2763,2,15.028161608398591,0,0,0
66.4,8,770,4,3.0872372162219737,0,0,0
38.22,12,384,3,9.254582373175117,0,1,0
42.41,12,2766,6,13.096334078251619,0,1,0
44.1,14,2220,5,9.116237677202896,0,0,0
35.25,10,869,5,1.326222047894321,0,0,0
33.75,12,863,2,6.988358282515779,0,0,0
75.75,13,2030,4,2.6337254485692965,0,0,0
42.01,16,1673,2,8.47922781719172,0,0,0
117.88,7,1702,2,1.7055239292908873,0,0,0
61.21,19,1885,7,7.412918433101453,0,1,0
31.66,12,2628,3,5.997418693775945,0,1,0
65.91,19,519,1,12.834188566505233,0,0,0
17.37,14,1650,4,0.016397167772183252,0,1,0
96.19,18,1452,4,5.351294308438092,0,1,0
189.65,10,2713,3,5.066899319469266,0,1,0
113.11,14,368,4,9.55138826769686,0,1,0
25.12,14,686,2,9.936349751602844,0,0,0
87.63,11,1262,2,1.3854656649103205,0,1,0
123.64,8,2472,2,18.131451903203374,0,0,0
23.3,10,437,2,8.394987375458339,0,1,0
71.67,15,1012,8,5.183169510393002,0,1,0
179.11,4,2857,1,0.051136795147964875,0,1,0
67.07,19,74,1,6.2984725010748095,0,0,0
14.96,13,694,6,12.663124641805947,0,0,0
37.26,13,1887,3,10.954848535986033,0,0,0
128.37,16,1364,3,14.391747230061524,0,0,0
45.07,10,463,5,15.216393206939808,0,1,0
119.74,11,821,1,13.610993436735892,0,0,0
195.08,14,2468,0,6.093150366038397,0,0,0
34.84,11,1542,4,16.140206715013,0,1,0
121.93,13,865,6,0.7547246380490114,0,1,0
25.04,22,78,2,7.698727268302296,0,1,0
35.21,17,476,3,7.478890255051477,0,1,0
34.9,16,2323,3,1.8492874521103655,0,1,0
76.74,13,2427,2,5.438889745531321,0,0,0
44.08,13,1418,4,16.304048292286556,0,1,0
28.52,17,226,3,3.460678828886074,0,0,0
71.29,10,1216,1,22.769330441479102,0,1,0
86.51,15,1395,2,9.675800694824996,0,0,0
40.24,7,2867,3,2.0309357508609973,0,0,0
91.8,14,518,3,4.71810821912146,0,1,0
57.71,16,947,6,14.433549219464194,0,1,0
121.64,20,869,5,6.182460784557491,0,1,0
14.97,22,2710,4,4.518089860164222,0,0,0
55.12,19,530,1,18.00543863504518,0,0,0
116.07,16,1968,7,12.657101723526196,0,1,0
45.52,12,2675,3,5.241507390737661,0,0,0
136.47,6,2492,1,8.505414792587555,0,0,0
86.55,12,2006,2,0.2695106447544484,0,1,0
30.77,6,2142,2,0.27645308360864274,0,0,0
18.68,13,784,2,0.48264144503592554,1,0,0
132.06,13,2051,3,6.145074682452497,0,0,0
37.24,14,1890,6,3.48290851417445,0,0,0
82.18,6,500,4,2.6999490409467906,0,1,0
56.99,15,1646,2,1.11703289259676,0,0,0
46.0,16,2765,2,16.17822122734178,0,0,0
104.06,16,764,4,3.700995749662784,0,1,0
114.05,20,2036,1,7.500709356552292,0,1,0
123.66,12,2041,2,10.334712692104464,0,1,0
85.72,16,2375,2,16.31090236207482,0,0,0
132.37,15,836,3,1.5873822702403055,0,0,0
185.81,10,878,4,12.151909763148808,0,0,0
57.52,13,1756,4,6.923745371631815,0,0,0
153.19,15,946,4,17.377210435559796,0,0,0
28.13,8,427,5,0.9119136644147501,0,1,0
181.76,15,2250,5,3.3049924850183565,0,0,0
79.72,13,2604,4,5.759954627019638,0,1,0
34.97,13,484,7,0.5739349611291926,0,1,0
40.91,13,528,1,0.5360081694607368,0,1,0
386.95,6,771,1,8.260507473841043,0,0,0
27.06,17,558,0,0.8735571289528306,0,1,0
134.28,22,1243,1,5.167072913814632,0,0,0
187.72,15,353,4,8.223249290344889,0,1,0
24.82,15,591,6,0.640655215644963,0,0,0
156.82,15,2802,4,5.65177203457496,0,1,0
33.92,11,2931,2,3.455456246731192,0,1,0
90.25,15,2249,3,12.757599387496452,0,0,0
120.4,12,2587,3,5.326775778307464,0,0,0
121.27,17,286,4,6.195863032248396,1,0,0
105.93,17,952,1,7.721187217987305,0,0,0
104.29,13,1966,3,2.7047887155684993,0,1,0
18.5,14,2751,2,3.947535364964331,0,0,0
8.76,20,1835,0,0.048401575246201034,0,0,0
104.76,17,2509,2,13.498941293232603,0,0,0
48.91,14,900,3,7.794744251149114,0,0,0
38.05,9,2392,4,0.7807399196271678,1,1,0
288.96,3,85,9,18.856539993374042,1,0,1
15.23,11,2581,1,18.89640614303572,0,1,0
154.78,14,215,4,1.6508897316859619,0,0,0
36.19,12,1478,2,8.946793571682065,0,0,0
58.83,17,656,3,16.325458829185997,0,1,0
21.55,9,2483,4,10.473968323578932,0,0,0
52.46,18,2045,0,0.2039353582341752,0,1,0
101.19,12,1774,3,2.7495974246466974,0,1,0
43.58,19,2349,1,3.063420399099968,0,1,0
84.03,12,2529,3,2.0291994127814066,0,0,0
152.02,17,2470,2,19.177868376977052,0,1,0
27.13,13,563,2,11.345889466957672,0,0,0
62.59,10,2393,2,5.683682071692834,0,1,0
179.96,10,754,0,24.515853505336022,0,0,0
165.3,11,247,4,3.274701526289399,0,0,0
44.15,13,1129,1,10.815006850065954,0,1,0
14.23,23,739,4,0.8222600933630018,0,1,0
44.48,7,1427,4,4.1843758025810915,0,1,0
134.19,18,2963,1,11.32003411436824,0,0,0
6.84,17,1156,3,4.084522874632395,0,1,0
100.98,5,113,3,2.404130903240295,0,0,0
94.16,12,1845,4,11.011262601024193,0,0,0
46.17,15,2972,3,1.2926460037246894,1,0,0
32.43,9,1017,4,6.196990773536054,0,0,0
44.22,4,2417,5,2.856617329013502,0,1,0
28.37,10,2724,2,5.15339002694501,0,0,0
40.19,11,1249,4,12.239490938858866,0,1,0
95.66,14,1315,5,11.40878779390901,0,0,0
15.66,15,689,8,3.0564440786877816,0,1,0
54.64,7,2720,5,1.326590255358255,0,0,0
38.48,8,2579,5,9.257876851428676,0,0,0
16.73,9,1995,6,14.310047064697464,0,1,0
90.07,11,474,2,2.034614284948504,0,1,0
84.78,9,736,4,0.37241930684191793,0,0,0
13.68,17,1479,2,7.669468603473094,0,1,0
36.87,13,2412,1,5.931485722250884,0,0,0
73.4,11,732,6,2.46370212287807,0,0,0
52.37,15,2228,2,3.169528425274649,0,1,0
53.03,14,36,6,9.245149333471524,0,1,0
9.52,11,644,7,1.8262001721864438,0,0,0
49.77,9,209,3,5.840217707268658,1,0,0
195.79,18,1300,3,8.597588266715139,0,1,0
145.37,19,2031,5,12.1031807163471,1,0,0
72.0,18,948,4,6.966564145985391,0,1,0
37.2,12,2040,2,6.325220481511215,0,0,0
98.52,18,144,2,6.719819674976124,0,0,0
10.9,10,120,5,5.187179447910196,0,1,0
58.97,14,776,1,0.07272177155731274,0,1,0
13.14,11,2229,2,4.318816805496583,0,1,0
114.92,15,938,3,7.193513294717172,0,0,0
30.54,11,2635,3,6.805325844481718,0,1,0
173.95,14,1636,5,0.20511617704053808,0,0,0
64.39,8,808,3,5.631250894438892,0,0,0
25.7,15,2435,3,4.854696493159813,0,0,0
6.08,10,115,4,16.298242502621452,0,0,0
60.31,17,883,2,10.262649734663674,0,1,0
108.04,13,324,3,3.450552411241582,0,1,0
96.72,9,2810,4,4.977371309523633,0,0,0
19.89,6,1520,3,0.6521614092512262,0,0,0
24.37,17,1511,2,10.694450072632904,0,0,0
95.88,10,2475,3,21.21229692683178,0,0,0
64.88,15,581,2,9.240122993204313,0,0,0
66.44,17,285,4,3.87370845284219,0,1,0
214.86,8,507,5,2.419509227545117,0,0,0
59.2,23,1818,3,0.5387697526468003,0,0,0
107.79,11,2197,1,6.193357447082596,0,0,0
42.21,11,130,4,7.37536027332599,0,1,0
60.17,16,910,5,12.285805660638918,0,1,0
95.61,14,2997,5,10.042884585034447,0,0,0
7.77,19,2658,2,1.954928187037484,0,0,0
34.4,11,2133,4,19.73726753125892,0,1,0
77.78,10,2252,1,14.820150483427467,0,0,0
18.26,14,163,2,5.022315042837848,0,1,0
168.81,15,2547,2,10.77245442395343,0,0,0
138.67,10,312,1,9.390004690526276,0,0,0
56.78,21,2974,4,4.2220803875860025,0,1,0
26.31,15,2565,2,4.457070628050912,0,0,0
50.01,18,1954,3,3.8361358168070634,1,0,0
100.79,11,1216,2,3.5107496431448997,0,0,0
586.29,5,120,6,444.490903958865,1,1,1
108.49,7,605,6,26.93421636599173,0,0,0
98.79,20,2264,3,8.290089047045564,0,1,0
19.9,13,2782,1,4.455044849590089,0,1,0
48.61,9,1572,4,12.661427344416134,0,0,0
50.99,14,2890,4,6.569359496095866,0,1,0
112.53,16,1320,3,9.359263845494835,0,1,0
31.04,10,1448,4,17.58157247639263,0,0,0
10.63,11,123,5,7.650013338364569,0,0,0
49.11,12,1964,2,22.45610285121732,0,0,0
21.89,13,1542,3,5.48865782511102,0,0,0
62.54,11,396,3,6.952836496253494,0,0,0
97.09,11,2586,2,17.07869121211565,0,0,0
14.7,7,1208,5,7.74504216909025,0,0,0
167.11,11,1471,1,4.8413055626131705,0,0,0
49.93,11,483,0,3.733572494269697,0,1,0
129.34,18,179,6,2.4886632551098513,0,1,0
77.28,17,2907,2,8.86361927882978,0,0,0
5.67,14,2810,5,1.6546683591048588,0,1,0
165.09,19,2064,4,17.76786730990157,0,0,0
21.2,13,1314,1,13.014938839799196,0,1,0
29.05,16,1967,5,10.448810029552341,0,0,0
37.18,13,404,2,19.772629416213523,0,0,0
424.52,4,361,10,839.9238458865298,0,1,1
47.69,9,1343,3,4.896946693761037,0,0,0
28.26,11,1517,3,7.719058228040035,0,0,0
40.64,10,470,1,3.4732770756487223,0,1,0
8.13,10,409,7,6.006792579061836,0,0,0
7.79,11,1047,4,12.655213759968134,0,0,0
98.5,7,1987,5,5.388048033074358,0,0,0
32.81,19,2146,5,0.4705780856950952,0,1,0
67.87,16,2379,2,20.888053624137704,0,1,0
394.51,20,901,5,0.6501750435449374,0,0,0
50.75,8,2002,2,8.755084602410516,0,1,0
37.88,5,1581,6,6.29752186865297,0,0,0
127.73,23,1441,3,6.929941675350779,0,1,0
40.27,7,1008,2,2.1275030258635956,0,1,0
43.03,11,911,2,5.456702927508469,0,1,0
89.28,10,804,1,2.486561185646049,0,0,0
58.84,2,1834,2,12.304131518120348,0,0,0
17.29,10,1347,1,2.4678695953183505,0,1,0
65.02,15,796,2,7.999126284656054,0,0,0
57.37,14,436,3,15.575555807391684,0,0,0
107.65,16,1325,1,17.868765669218057,0,0,0
85.21,12,2861,4,13.961163871446674,0,0,0
67.76,15,1097,3,5.278336694083594,0,0,0
130.46,10,682,1,0.2988407700004192,0,1,0
104.62,13,455,5,2.0531342643974435,0,0,0
46.14,10,2571,1,11.23355994757524,0,0,0
41.46,17,1555,7,3.0656462144122054,1,1,0
43.42,16,537,3,17.341245708381905,0,0,0
146.02,10,2025,2,10.757454501176193,0,0,0
20.62,22,563,3,1.2078647751929115,0,0,0
49.54,12,424,5,11.792917028172226,0,1,0
179.68,15,2777,3,10.834390865980865,0,0,0
82.68,9,405,3,1.0465435915323997,0,0,0
132.7,14,1698,1,8.439013114259346,0,0,0
88.55,5,628,2,12.695638801719813,0,1,0
80.56,12,1657,2,0.9956993366951856,0,0,0
97.02,17,617,5,6.711572985293179,0,1,0
92.51,16,706,3,1.843935311951257,0,0,0
35.78,13,1701,1,9.730688216355068,0,0,0
45.93,14,1390,2,10.472243446643317,0,0,0
24.16,21,2212,2,0.6831364396878685,0,1,0
99.45,14,1847,3,8.97558569553162,0,0,0
62.82,17,1418,1,4.71382425723083,0,1,0
9.81,14,2600,3,1.6581550527289908,0,0,0
87.54,9,2187,3,13.160531718441518,0,0,0
41.14,8,1518,2,3.8277048029149956,0,1,0
187.39,14,2257,5,11.20489363973837,0,0,0
157.83,13,1601,4,11.24949665316728,0,0,0
57.52,16,2494,1,12.964862081073916,0,1,0
51.13,16,1296,5,5.858538871372975,0,0,0
25.6,13,2602,1,5.540498331219112,0,1,0
80.11,12,745,3,12.445260916081512,0,0,0
197.68,22,1775,2,10.619392325207325,0,0,0
104.61,12,301,4,8.985064295314348,0,0,0
44.58,13,449,7,2.4752943564396954,1,0,0
140.89,13,1940,1,0.8686949941714204,0,0,0
93.62,6,641,5,10.741444666121907,0,1,0
75.82,14,2863,1,11.989402941875664,0,0,0
54.62,16,1006,5,1.5737910936211277,0,0,0
17.08,10,2078,4,12.966005246698305,1,1,0
243.28,18,2739,1,13.481266179243654,0,1,0
52.06,15,878,1,14.358128721160814,0,0,0
101.5,13,1060,2,4.737658041078424,0,1,0
44.36,8,1704,4,5.258526284248273,0,1,0
62.04,8,125,0,20.228087538871094,0,1,0
109.54,14,2317,3,5.568057574366202,0,1,0
31.05,9,1911,3,7.209346973243485,0,0,0
175.3,15,229,2,4.985128599299777,0,0,0
143.08,13,683,3,7.655121095339016,1,1,0
187.42,5,2949,5,8.346245470027945,1,0,0
108.28,9,2953,3,1.5638004152402196,0,0,0
58.94,11,1046,3,23.239422235321186,0,0,0
47.7,15,1621,3,2.2543554602188065,0,1,0
22.84,13,1429,5,5.511564654170208,0,1,0
70.43,9,382,3,1.1872975490178685,0,0,0
94.95,10,785,6,21.358119339344142,0,1,0
28.09,2,2754,2,3.929059114435586,0,0,0
90.84,7,1906,3,20.697433082806995,0,0,0
122.25,15,336,2,9.223227922831207,1,1,0
192.52,7,1969,8,9.716861706030409,0,0,0
52.05,18,2552,1,4.032774837134784,0,1,0
38.13,13,813,3,6.066503724281711,0,0,0
57.65,9,1161,2,7.967804267683839,0,1,0
30.53,12,633,4,0.3870191406420318,0,0,0
63.91,17,1617,2,3.38635578200546,0,0,0
43.33,15,2396,4,1.467729106452384,1,1,0
99.06,11,368,2,2.3389948215580816,0,0,0
41.34,9,2843,1,8.073873974190828,0,0,0
40.39,16,1073,3,2.782159905158517,0,0,0
20.84,19,835,3,9.752745236469885,0,0,0
84.77,14,1949,6,8.559824012408516,0,0,0
161.82,17,615,4,5.778310151612717,0,0,0
89.04,23,2086,3,3.3656879652611122,0,0,0
14.14,16,1071,1,4.401020607436706,0,0,0
150.9,18,1913,5,12.497591315643117,0,1,0
49.53,8,2187,4,12.276329714434342,0,0,0
33.34,7,565,4,13.454165091001558,0,1,0
73.38,15,877,3,0.015409367217217529,0,0,0
72.83,12,1510,1,9.871274895921147,0,0,0
50.76,19,2554,3,3.11549595931331,0,0,0
46.41,16,1175,5,4.850219303596742,0,1,0
109.62,16,2225,7,0.8165267490709418,0,1,0
155.51,13,453,4,7.428220325712579,0,0,0
309.19,13,1648,4,0.07000877375767711,0,0,0
43.22,15,1183,6,10.499759981446033,0,0,0
184.76,20,2545,3,1.0785255327819576,0,1,0
69.11,13,2137,3,2.3522104559706127,0,1,0
110.7,9,2712,3,17.562093637358192,0,0,0
85.35,17,2847,3,14.19420317589486,0,0,0
104.21,15,2500,4,3.4576131392761953,0,0,0
113.83,10,1373,4,12.889768115636862,0,0,0
21.16,23,2008,1,4.13961820740349,0,1,0
31.87,18,2000,2,5.129040764177567,0,0,0
57.53,13,2858,4,11.264923704488165,0,1,0
54.27,19,2116,7,14.540524631347607,0,0,0
28.58,23,2822,3,8.605147647924877,0,0,0
42.66,15,2197,10,17.449616363768342,0,0,0
67.98,14,1557,3,14.229668544681218,0,0,0
77.22,14,2238,1,10.370478545641209,0,0,0
68.15,18,1828,3,0.7006078194540493,0,1,0
68.72,15,2814,4,10.004360702689949,0,0,0
54.29,9,2090,9,3.5420263483106034,0,0,0
31.51,11,645,1,12.570601219042672,1,0,0
103.92,16,1138,2,2.085739394262498,0,0,0
70.01,22,2185,2,7.6031924920417495,0,1,0
65.5,13,2019,4,17.68433657560214,0,1,0
112.95,9,1787,3,13.294163015048621,0,0,0
19.2,6,203,1,3.1794534815584634,0,0,0
37.95,13,889,4,3.1854397406701827,0,0,0
12.77,10,2043,3,20.88719377959788,0,1,0
36.41,20,1927,1,6.502214192109355,0,0,0
395.98,2,25,12,308.87540402994847,0,1,1
149.86,14,2462,5,6.935070423315706,0,1,0
59.33,21,426,1,17.21728995886839,0,1,0
43.9,18,2491,5,5.40202406292129,0,0,0
28.57,9,2694,4,2.0105697451166864,0,0,0
74.34,14,1698,3,3.4461529501082353,0,0,0
64.61,17,2065,5,2.3830755102543977,0,0,0
100.43,11,2599,5,15.277055433689664,1,0,0
149.49,20,1763,1,0.595672233286467,0,1,0
75.01,16,1877,0,8.392560913433877,0,1,0
50.25,12,2399,3,3.398626621621962,1,0,0
51.42,11,686,5,3.6758294803811187,0,1,0
74.43,16,1837,2,13.612178294335433,0,0,0
60.1,9,1391,4,22.24513192075135,0,0,0
30.69,11,1644,2,4.113770191508489,0,0,0
109.3,7,380,4,9.456278389678962,0,0,0
81.01,16,2733,2,1.7244508455361975,0,0,0
82.63,17,1795,1,3.453550224874718,0,0,0
156.74,8,1130,1,6.671899940230533,0,0,0
23.21,12,687,0,20.120536602781133,0,1,0
59.12,13,2190,3,5.414744288445371,0,0,0
68.42,12,1268,1,2.0557120119779446,0,0,0
139.03,15,387,5,16.55017472208931,0,1,0
8.11,16,2867,2,0.9925566165066408,0,1,0
46.3,7,2112,3,7.281879941651867,0,0,0
83.83,7,797,8,4.04275366704603,0,0,0
95.05,15,2892,2,6.178136171661081,0,0,0
179.51,12,2889,3,3.556925713754236,0,0,0
178.34,11,951,1,12.78589753836522,0,0,0
294.98,11,1722,1,1.4689428697049918,0,0,0
32.74,17,946,2,1.194438625507189,0,0,0
104.46,7,1075,0,11.148519933479234,0,0,0
119.7,7,1298,4,0.03007368686400902,0,0,0
60.05,23,1372,2,10.586619675451686,0,1,0
74.35,17,2826,6,8.524995280465099,0,0,0
51.39,15,199,3,5.131987596625496,0,1,0
150.71,14,324,5,14.978893854967232,0,0,0
94.1,17,152,0,7.824986904705037,0,1,0
224.44,1,14,8,255.30345403050444,1,1,1
91.89,14,277,2,1.6152333966104928,0,0,0
58.47,13,456,3,13.649997803271802,0,0,0
193.98,17,1671,0,10.540591008173202,0,0,0
135.89,9,892,2,2.497466024821012,0,1,0
79.52,9,2479,4,5.683464318592508,0,0,0
154.08,6,886,3,2.9663732800893703,0,0,0
17.2,12,1054,6,11.797513977226496,0,1,0
40.09,15,1521,4,7.918751030317814,0,1,0
65.43,7,1126,3,23.46053844442318,0,1,0
109.59,20,2733,2,2.911858520525413,0,0,0
16.05,17,1510,6,0.6989561320579556,0,0,0
165.65,18,93,4,14.362432756749149,0,1,0
220.88,14,1839,2,5.597945135684543,0,0,0
57.66,11,2426,3,11.71826147512363,0,0,0
187.05,13,2536,3,21.592294703103025,0,1,0
186.86,9,1661,3,12.098983190711037,0,0,0
56.09,12,96,1,5.403570197918878,0,0,0
67.58,15,2344,3,0.8764862360795682,0,0,0
119.73,10,1732,2,9.335658170192122,0,1,0
3.21,14,1281,3,10.034498637235814,0,1,0
115.99,12,1606,2,0.3411205252094307,0,1,0
48.55,11,1224,3,4.809578473547256,0,1,0
299.65,19,1738,2,4.362286016757751,0,1,0
188.34,10,2891,2,2.46651870250879,0,0,0
65.55,11,2499,4,8.555191517841614,0,0,0
59.73,13,1441,2,6.315436543759834,0,1,0
92.7,20,1456,1,1.4272131445018608,0,1,0
1.66,15,2361,1,6.4417537505346765,0,0,0
158.58,8,2176,2,11.214303391011603,0,0,0
106.67,19,2424,2,0.4788771050351359,1,1,0
124.81,10,2235,2,7.469391207099833,0,1,0
71.54,13,2512,3,9.35983502188513,0,0,0
193.39,14,2832,2,2.139155132413181,0,1,0
61.44,17,2041,3,4.977411933945509,0,0,0
188.45,19,1823,2,5.570273790680796,0,0,0
112.73,10,863,1,18.716102722239985,0,1,0
121.79,5,1255,2,0.9463520828101029,0,0,0
28.69,11,2673,5,14.748006986949385,0,0,0
91.47,9,1847,1,7.640619846370753,0,0,0
104.54,13,951,1,0.11908387086905758,1,0,0
48.13,19,2808,2,3.405708402937041,0,0,0
106.22,16,2761,2,2.5966235641963227,0,0,0
20.91,8,642,3,3.174518526272232,0,0,0
71.57,14,1955,4,7.524521033627389,0,1,0
66.61,10,1725,4,4.67794168616182,0,0,0
77.21,17,1115,3,8.985802630863509,0,1,0
66.71,13,1431,3,4.739812141202438,0,1,0
21.49,12,1779,0,6.964522171917496,0,0,0
136.66,18,2546,3,3.1504115089683102,0,0,0
42.23,12,2803,1,13.975912580472382,0,0,0
135.01,13,2003,3,3.212353959468487,0,1,0
127.53,13,2138,3,2.637254640302587,0,0,0
23.1,12,1170,3,2.853821418026739,0,1,0
79.13,6,1056,2,1.1695147680167706,0,1,0
153.13,14,169,2,5.525773982582847,0,1,0
81.68,15,2608,1,2.3018488796575545,0,0,0
31.04,14,2748,6,11.492255364272278,0,1,0
44.61,11,1277,2,13.256714091864172,0,0,0
7.55,16,2625,7,6.186112080101909,0,1,0
41.77,11,201,2,7.695920371433688,0,1,0
32.95,10,989,3,7.035982333772287,0,0,0
138.42,18,2677,4,1.0010986941059183,1,0,0
54.4,8,2346,5,18.41651240226118,0,1,0
130.08,18,2360,1,1.3946224684612654,0,1,0
136.12,11,892,4,4.727291041483769,0,0,0
60.58,16,2785,5,5.646697358307836,0,0,0
154.59,16,2281,3,1.8435269557807512,0,0,0
89.08,17,1816,4,1.0136350431257366,1,1,0
43.4,14,1788,2,2.987999909678721,0,0,0
37.54,11,174,3,14.08172520275012,0,1,0
74.57,11,1170,4,7.040440587305118,0,0,0
127.86,11,895,2,11.043525365672853,0,1,0
53.64,5,2213,1,0.3812333330729807,0,0,0
121.14,9,701,2,1.8841391017172358,0,0,0
58.53,11,2347,4,9.98813520467607,0,1,0
30.71,16,1559,2,8.085035043627318,0,0,0
46.82,11,2327,2,13.808789613685473,0,0,0
60.91,12,2646,5,9.574690626205246,0,1,0
31.66,10,41,2,5.145027028557368,0,0,0
80.34,10,1052,3,2.0513022338145834,0,1,0
157.95,10,576,3,0.46743076202790945,0,1,0
123.83,17,357,5,15.875859932194576,0,0,0
75.03,15,1932,6,6.5709133638448485,0,1,0
326.01,15,636,3,2.29220539001836,0,1,0
188.91,17,2545,1,4.115935414581957,0,0,0
11.11,15,895,1,11.586784688430395,0,1,0
184.3,16,2069,5,5.176958710199213,0,1,0
56.61,14,2823,4,1.7889445262570094,0,0,0
64.99,12,1852,2,3.738073483312366,0,1,0
93.26,16,2121,2,9.90917612359351,0,0,0
117.52,17,1252,4,15.134822582095504,0,0,0
37.27,9,1701,3,4.819073047952295,0,1,0
204.88,8,2453,4,12.652715833769214,0,0,0
152.92,22,2331,3,9.94632456508262,0,0,0
114.21,14,91,4,4.532071481445107,0,1,0
100.92,17,1248,5,2.324936747679808,0,1,0
67.41,17,430,3,8.093038011658019,0,0,0
106.63,16,686,4,4.71460815644185,0,0,0
28.72,14,686,4,3.5293247087483213,0,0,0
30.24,10,2729,7,8.419356423637065,0,0,0
104.76,15,1337,6,1.3991937455177097,0,1,0
47.76,19,942,4,6.349436683559011,0,0,0
44.67,9,2949,4,7.115247019242611,0,1,0
23.08,18,127,4,0.10351891478189401,0,0,0
46.3,15,2719,0,4.929273762205177,0,1,0
137.19,15,468,1,9.280107661888415,0,1,0
91.48,8,295,1,7.194234956845374,0,0,0
82.24,14,900,3,7.204467032109228,0,0,0
49.73,16,1022,0,7.287416323860801,0,1,0
67.52,15,219,1,11.35045470606325,0,0,0
9.88,13,1682,2,7.833154341291905,0,0,0
374.08,4,50,2,181.73260080745095,0,0,1
39.04,11,1797,4,4.60213039534258,1,1,0
61.01,14,2294,2,11.705076046387237,0,0,0
33.16,5,2301,4,14.72437549245656,0,0,0
21.39,11,652,4,9.55325537493473,0,0,0
143.34,14,2871,2,1.056706775031787,0,0,0
9.13,17,2851,1,8.81421998037895,0,0,0
135.88,7,1204,2,8.744335236419511,0,1,0
31.56,13,2927,0,3.9637223653997995,0,0,0
153.65,8,2529,1,4.238957616262981,0,0,0
11.02,14,1263,6,3.4574989553606175,1,0,0
32.15,11,473,3,15.184728067911196,0,0,0
32.67,10,1522,6,5.535730487049153,0,1,0
127.49,9,185,3,6.578847832575989,0,0,0
41.29,17,2763,6,2.2096211533763706,0,0,0
49.64,23,139,2,0.35126670526663784,0,1,0
49.06,11,2872,2,0.38775041752659956,0,1,0
55.66,15,1165,5,1.187918534824005,0,0,0
13.96,13,221,2,10.763648784846474,0,1,0
81.94,10,1707,2,1.799807081590635,0,0,0
141.83,15,2072,3,1.0563973648444032,0,1,0
32.99,13,845,6,0.9686507946850416,0,0,0
84.36,21,369,7,14.251650056766545,0,0,0
44.51,19,134,3,8.026546437520196,0,0,0
115.99,16,2459,4,12.494494337122754,0,0,0
142.35,15,926,1,18.05158636815794,0,0,0
67.4,7,1231,1,5.042184385864523,0,1,0
84.91,17,134,4,1.2564677471928745,0,0,0
99.7,9,1298,3,12.351796622385223,0,1,0
88.02,11,1831,4,4.469503441863999,0,0,0
62.89,10,782,2,0.6915083824384283,0,0,0
72.68,11,2221,1,1.9250576131212553,0,1,0
136.22,10,149,5,15.004753825620519,0,0,0
84.82,12,1726,5,1.4298197546583267,0,1,0
118.04,11,2624,4,0.5065486710434568,0,0,0
132.72,20,83,0,2.5834716748839703,0,0,0
95.93,10,504,3,1.4481710436142943,1,1,0
102.84,13,1801,3,5.4325607880955,0,1,0
110.02,10,1595,5,11.434487022941173,0,1,0
10.39,15,2603,1,1.2886315462454392,0,0,0
67.72,13,999,2,12.736520460425812,0,0,0
29.85,10,2456,1,7.990086623945308,0,0,0
125.1,18,2680,2,1.6439727428115107,0,1,0
41.1,13,355,5,8.43657758005999,0,1,0
169.25,12,2957,3,6.906428401574525,0,1,0
60.99,17,491,2,17.220275291122643,0,1,0
43.86,15,1051,3,7.766463688689456,1,1,0
42.09,14,805,6,6.899036951599796,0,0,0
16.46,7,2213,3,14.626560394541903,0,0,0
58.44,11,700,4,14.033648335058864,0,1,0
49.68,21,1735,3,0.5778843694034945,0,1,0
56.44,14,2754,2,6.128511168194813,0,0,0
40.8,9,514,1,3.1882966906869683,0,0,0
72.03,10,2895,2,8.50310657382676,0,0,0
81.1,8,386,3,0.7022373340259707,0,1,0
150.4,14,1916,0,12.493889949496838,0,0,0
89.08,18,452,2,3.66535193582318,0,1,0
154.27,17,824,0,0.5276084338613254,0,1,0
89.53,15,639,4,5.647614989479509,0,1,0
35.14,11,1903,2,8.411849736199205,0,0,0
167.55,15,974,4,6.083610391741487,0,1,0
30.84,10,371,5,13.000728000523395,0,0,0
169.7,13,1898,2,14.938666263625965,0,1,0
156.17,18,441,4,6.2793580849316335,0,0,0
161.19,22,2551,5,10.275196035600992,0,1,0
38.55,15,2971,3,3.9218139543832518,0,0,0
50.43,21,2636,3,8.687654216342516,0,0,0
114.58,11,105,4,0.9083719464670548,0,1,0
231.02,15,1488,2,9.856877637190276,0,0,0
38.75,19,1190,3,7.002394751768893,0,0,0
47.79,19,291,1,3.289591956017706,0,1,0
15.76,18,618,3,0.3297804528108115,0,0,0
54.67,10,2422,3,8.177242501370062,0,0,0
7.24,6,936,3,3.235322463520048,1,0,0
60.24,17,1917,3,6.148490343775814,0,1,0
40.67,12,680,3,23.403001209132476,0,1,0
122.05,12,2198,0,18.586839931103086,0,1,0
931.48,2,187,7,335.60518811178656,1,1,1
150.7,23,1861,3,2.010479971884072,0,0,0
53.0,19,1443,1,8.859088157387369,0,0,0
71.43,10,2335,1,11.56920884487122,0,1,0
29.19,16,1456,1,12.968540847383178,1,0,0
55.86,9,408,7,0.5568163939567068,0,0,0
25.7,18,2735,2,1.1265389116629247,0,1,0
28.21,11,1956,1,0.24124997377318103,0,0,0
66.56,18,30,1,8.231673074691592,0,1,0
4.35,15,1935,3,4.436718818739148,0,0,0
32.75,10,2525,2,8.116053334366192,0,0,0
93.52,18,2280,4,9.101621658472737,0,1,0
114.76,13,1250,6,10.449997999486733,0,0,0
3.94,15,1760,2,16.206251401650057,0,1,0
113.53,17,1628,1,8.501121877481866,0,0,0
41.64,16,729,3,7.172022116540253,1,1,0
87.47,20,1497,2,12.39243549010774,0,0,0
28.93,10,865,1,11.19467977385659,0,0,0
94.69,13,2792,3,15.690552234868083,0,0,0
16.59,13,316,3,4.337406640295088,0,0,0
73.38,15,2835,3,7.370907139392278,0,0,0
92.53,9,861,5,3.887803016438852,0,1,0
166.0,10,1878,2,5.055529862991229,0,1,0
92.31,13,2936,1,8.024017909042186,0,0,0
96.22,3,1671,4,10.117638096119288,0,1,0
56.85,13,425,2,4.905449935658501,0,1,0
222.12,13,1920,2,2.556331905371362,1,0,0
155.37,15,51,2,2.909624741741977,0,1,0
53.2,22,1523,4,6.0894508368125955,0,1,0
230.48,15,828,2,9.815994414532998,0,1,0
33.61,15,2536,3,5.761244144350183,0,1,0
44.25,18,2969,2,14.992050138572466,0,0,0
79.02,11,2579,2,2.045919583902527,0,0,0
37.5,23,2287,4,6.7149482572012875,0,0,0
40.75,13,1182,4,12.507254546455734,0,1,0
77.54,10,2345,2,1.4512757341305074,0,1,0
18.62,14,2015,5,16.157667039083456,1,0,0
62.2,16,1194,2,14.490788382226533,0,0,0
102.26,7,770,2,1.1225852956098947,0,0,0
132.29,14,2986,0,16.059562433339334,0,0,0
54.56,14,1888,2,0.7865028130199363,0,1,0
83.73,21,2220,6,13.862247611556093,0,0,0
38.34,11,1445,0,4.091468295883873,0,0,0
86.4,12,2632,5,1.8612001488245826,0,1,0
122.22,13,2645,5,0.42635362286952727,0,0,0
88.36,15,2865,2,13.83331849722386,0,0,0
32.07,12,2632,1,19.07715765596224,0,0,0
56.78,10,2093,3,17.962141786721652,0,1,0
201.59,15,2752,4,3.3303297328325563,0,0,0
68.3,12,1970,1,15.578926663893943,0,0,0
74.59,17,202,1,4.627898147581897,0,0,0
95.54,14,1311,4,16.758066662495587,0,0,0
95.95,11,134,0,19.423304184706133,0,0,0
106.82,22,1707,3,10.905431107372886,0,0,0
91.68,13,2984,4,3.6545680611281233,0,0,0
110.63,20,1356,2,5.350433259354503,1,0,0
85.13,17,1858,3,10.632085605403212,0,0,0
80.41,18,2603,3,3.7309453546550415,1,1,0
16.22,6,2302,3,2.943139849414381,0,1,0
312.46,22,1254,3,5.729568927726388,0,0,0
74.51,21,933,3,4.88858826821399,0,0,0
98.46,3,1089,3,2.9833750101689898,0,0,0
30.2,17,1547,4,6.588954749167984,0,1,0
39.11,17,1475,5,1.2966863684678085,0,0,0
61.2,12,1239,1,3.0139873878333496,0,1,0
222.1,16,1769,4,19.303026239969398,0,0,0
513.56,1,184,12,275.37577774986164,1,0,1
39.98,18,878,2,8.68200544258218,0,0,0
36.11,15,1091,2,7.811671065630485,0,0,0
185.36,14,2354,2,0.48481024056299393,0,0,0
49.21,18,969,2,15.442804543554743,0,1,0
91.02,13,976,3,7.564468964012501,0,0,0
126.81,14,2678,4,2.2338552807688283,0,0,0
16.59,18,1898,3,9.371662537731215,0,0,0
60.18,11,2742,2,4.82028875777459,0,1,0
40.84,9,2501,1,4.499130172993167,0,1,0
8.88,14,1234,4,6.841037032554224,0,0,0
81.57,16,229,2,7.735467934744934,0,0,0
97.75,11,2639,3,5.474759701038875,0,0,0
24.11,14,2667,4,1.8029050648995302,0,0,0
94.59,13,1119,3,6.579363974772735,0,1,0
50.5,11,629,2,2.2606262526614973,0,1,0
82.1,22,1366,2,9.07950509400995,0,0,0
93.43,11,1097,2,9.875671132106312,0,0,0
73.95,9,2500,2,12.240447940979127,0,0,0
64.27,8,1925,4,8.335706218701084,0,1,0
10.91,14,2547,2,7.607831249138318,0,0,0
15.26,7,292,2,4.871034154556747,0,1,0
73.16,12,331,2,7.274664473590116,0,0,0
163.15,10,1925,2,0.570511874714672,0,0,0
118.14,6,303,6,8.16997821711306,0,0,0
16.89,11,1924,3,14.517414926571078,0,1,0
62.17,8,1946,2,7.878430143507027,0,0,0
168.35,10,1784,4,2.809490816121228,0,0,0
105.01,12,833,5,4.667560706039481,0,0,0
64.06,15,2049,2,6.657118196128779,0,1,0
127.81,11,61,5,18.41909802133734,0,0,0
53.96,8,790,2,17.344114864924922,1,1,0
70.46,15,896,5,7.00343541024426,0,1,0
112.61,6,951,5,7.015889727635294,0,1,0
60.3,13,2887,2,7.376489383580115,0,0,0
187.18,9,1760,4,5.045236393061781,0,0,0
63.82,11,1697,0,8.038501155614865,0,1,0
34.16,7,2520,1,3.331986526785764,0,0,0
213.85,13,553,2,10.058915687207659,0,0,0
113.57,12,2765,8,3.843754918277022,0,0,0
46.7,8,2520,2,13.889943904277558,0,0,0
34.36,19,2634,3,14.28333507849598,0,1,0
115.6,5,1922,0,19.253300774327258,0,1,0
165.92,4,1025,3,2.2349131893769147,0,0,0
69.59,7,1383,6,5.079784226717736,0,1,0
105.51,19,1839,4,10.678615515972954,0,0,0
114.88,11,2766,4,19.873611916691168,0,0,0
102.42,8,2086,4,1.242142252969277,0,0,0
35.24,8,346,4,3.9921926568919877,0,0,0
74.49,17,956,4,11.246310652463897,0,1,0
89.5,9,1371,1,1.017608918631689,0,0,0
14.96,10,1367,3,7.9542632517421215,0,1,0
231.74,10,452,3,7.300404235281656,0,0,0
254.06,9,1013,0,16.010381711324058,0,1,0
32.54,11,610,2,0.5854666957811308,0,0,0
23.89,10,1586,3,17.243110822397,0,0,0
137.08,13,376,1,5.842439136326734,0,0,0
159.01,7,277,5,5.780592329327949,0,0,0
25.89,17,2313,6,3.3777484720189226,0,1,0
25.92,9,2917,2,25.587735880292975,0,0,0
18.86,20,2117,0,0.17692299371033648,0,0,0
8.31,20,2790,5,3.9085351728761033,0,0,0
74.86,18,1834,1,10.568219459599252,0,0,0
43.12,9,2963,6,6.06684339086094,0,0,0
55.17,17,825,1,3.264944636943218,0,1,0
234.23,12,723,3,2.0702675362331746,0,1,0
13.57,14,2689,6,4.573498799916662,0,0,0
58.21,18,1368,2,11.442709067773045,0,0,0
72.14,13,2946,3,10.206405551911327,0,0,0
6.34,11,2496,5,0.04191316885524188,0,1,0
193.9,15,2160,3,7.897121524081575,0,0,0
66.9,13,2726,1,1.6153617753041516,0,1,0
73.82,16,1287,6,5.179877748382945,0,0,0
41.08,13,906,5,6.875672423996621,0,1,0
15.77,17,487,2,2.812658396118175,0,0,0
149.99,13,1102,0,7.466801072547565,0,1,0
35.84,9,1439,1,10.709601197768325,0,1,0
67.54,12,2822,2,2.6977853143370902,0,1,0
109.43,10,2247,2,10.169673443582093,0,0,0
94.25,14,884,1,2.466600923789158,0,1,0
162.0,13,1286,4,2.531319642900141,0,1,0
77.83,7,110,4,14.985150679383773,0,1,0
25.66,15,241,3,7.042290916112602,0,0,0
30.35,9,1039,5,0.3237544512624968,0,1,0
48.68,16,961,4,17.32003360591607,0,0,0
69.73,10,1796,3,12.12684695999275,0,0,0
133.3,23,2096,1,18.539659141226018,0,1,0
19.51,18,2897,5,6.857586128750825,0,0,0
57.31,19,2735,4,1.985317284185769,1,0,0
107.88,13,2735,1,17.243138951478226,0,0,0
215.55,21,965,4,7.30568352432846,0,0,0
319.49,2,279,11,254.44352331644785,1,1,1
146.55,13,1983,2,1.9474085152910705,1,1,0
150.65,13,2387,4,13.068701936811937,0,0,0
100.82,17,689,1,3.5105865325904544,1,1,0
143.95,11,162,3,3.6552178984913883,0,1,0
53.92,12,73,4,1.3774113382505595,0,0,0
139.32,9,2922,3,11.090083752570166,0,0,0
73.16,18,1138,3,0.9952707935374718,0,0,0
40.79,13,2812,1,2.6379807760802447,0,1,0
69.34,18,2021,2,8.376852993303226,0,1,0
93.05,13,2328,4,1.4760976123806682,0,0,0
56.66,8,1431,1,1.4240544832691349,0,0,0
113.85,22,898,5,5.005037534547754,0,0,0
47.41,17,1020,4,3.3952833198133003,0,0,0
91.45,15,188,5,3.7927068015497944,0,0,0
75.16,10,48,2,4.083085075286428,0,0,0
217.77,8,747,3,0.4561235270030357,0,1,0
125.96,16,471,1,6.874408992511958,0,0,0
94.88,17,96,5,31.861773804116275,0,0,0
111.34,8,2738,2,7.799688594853539,0,1,0
89.94,10,707,6,26.170946638389417,0,0,0
62.79,11,2605,3,2.8098193353522234,0,1,0
192.56,12,1725,1,6.653609184940267,0,0,0
237.88,12,2985,4,14.343163517970751,0,1,0
68.32,16,879,4,4.316971342861338,0,0,0
59.93,9,1667,1,3.540003486438678,0,1,0
6.99,23,1148,4,8.64181157023032,0,0,0
85.37,8,2396,0,21.551669935619895,1,1,0
109.19,10,289,4,3.7519313099148137,0,1,0
71.9,15,1276,1,4.465790637116532,0,1,0
71.58,12,1300,2,6.572929182488639,0,1,0
24.51,15,929,2,12.64959657465242,0,0,0
33.61,15,1381,4,17.585499390085534,0,0,0
50.3,19,2959,2,5.435105867374855,0,1,0
52.1,3,1983,5,5.237531594619883,0,1,0
93.01,19,1979,3,4.65644028364263,0,0,0
84.02,13,1092,5,8.934487547314163,0,0,0
9.17,17,2550,3,10.793669873964273,0,0,0
36.02,12,715,2,4.729967314606913,0,0,0
11.11,10,2635,2,13.807423044589642,0,1,0
30.48,8,875,3,10.24066064586701,0,0,0
44.16,10,653,4,1.402689467867329,0,1,0
105.85,13,1440,4,6.3025136979554635,0,0,0
89.72,15,2020,4,10.163145942474392,0,1,0
52.67,19,345,3,6.315747298586321,0,0,0
52.45,6,2331,2,9.619468373743823,0,1,0
27.74,14,2523,1,9.447131280145229,0,0,0
25.39,14,103,2,1.1083635505603056,0,0,0
158.84,16,2493,5,8.664836078572007,0,0,0
9.83,16,1994,1,11.276628032972148,0,0,0
61.93,18,54,2,14.594957936849683,1,1,0
16.46,14,1793,4,7.405273293013989,0,0,0
314.24,9,1918,2,5.602672551549987,0,0,0
69.55,7,408,3,0.35652331334047993,0,1,0
27.59,18,2036,6,9.425552640150018,0,0,0
51.21,12,1659,1,4.975335350944839,0,0,0
45.01,19,551,1,4.049509554296103,0,0,0
61.08,16,1814,2,30.14767563728883,0,0,0
188.32,18,218,3,1.8566571415464628,1,0,0
26.68,13,2807,3,18.475655642182357,0,0,0
142.58,11,821,3,6.961539706920206,0,1,0
40.76,13,1598,1,5.114850671759592,0,0,0
67.69,17,1601,4,2.15041256147115,0,1,0
175.54,21,266,3,10.613520958700674,0,1,0
19.11,12,929,2,4.98827187210162,0,1,0
64.41,17,2413,2,2.2320114107408946,0,0,0
217.2,14,1397,4,3.7561476640750486,0,1,0
92.94,5,1228,2,7.516106281989393,0,1,0
166.67,18,1371,1,3.8421230792688212,0,0,0
69.78,11,1655,1,7.238271215516233,0,1,0
152.59,17,2419,2,2.9504707502732863,0,1,0
49.91,21,2761,4,5.080645132900797,0,0,0
13.98,20,2143,4,12.580424607624726,0,0,0
76.46,11,1707,3,18.605702621656697,0,1,0
73.88,18,2165,3,16.493651045248384,0,0,0
96.41,11,2551,0,2.2237197469404046,0,1,0
27.31,18,2300,4,6.837105448285085,0,0,0
137.93,19,826,4,4.411193337101433,0,0,0
77.12,13,1042,7,12.97716672766716,0,1,0
16.64,14,1282,1,6.7336412361512,0,0,0
19.39,12,2040,1,3.9616634245844713,0,0,0
46.7,7,2642,4,1.6944648927111698,0,0,0
214.35,10,1646,6,12.26201706308326,0,0,0
159.16,12,1450,6,6.021292899483056,0,1,0
19.77,8,2979,4,17.00356521382891,0,0,0
146.69,7,2453,3,1.435679532488976,0,0,0
57.63,12,2232,2,22.857540130987545,0,0,0
201.19,8,1338,2,5.19353827348633,0,1,0
117.98,14,193,2,0.20812026271375128,0,0,0
179.8,17,2794,1,3.2239593461789697,0,0,0
64.75,17,705,1,16.29837360445557,0,0,0
385.25,3,393,9,273.2913593289581,1,1,1
15.27,17,79,2,0.495039777663175,0,1,0
20.56,11,645,5,4.2772271853163994,0,0,0
93.14,13,414,2,5.603886326691873,0,1,0
126.72,18,248,0,17.741171989217953,0,1,0
5.85,10,1140,2,2.8585503472509455,0,1,0
159.97,15,362,5,1.9034093121738307,0,0,0
44.6,16,2623,6,16.397063088111548,0,1,0
52.05,14,1617,3,8.516335746294946,0,0,0
39.92,17,2010,4,10.31496032176061,0,0,0
98.85,7,2751,3,1.028957484711655,0,1,0
149.52,6,2518,0,8.46751975873406,0,1,0
30.09,17,1901,3,1.5844534398757033,0,0,0
156.01,8,1805,4,5.040153305795172,0,0,0
19.96,11,2339,1,9.47395933693625,0,0,0
6.84,15,2024,4,3.5123171335640846,0,1,0
143.67,11,2108,4,18.522069221006937,0,1,0
35.85,10,1352,0,0.50885055801161,0,0,0
52.86,15,2933,0,9.327504695205466,0,1,0
37.82,11,1852,2,0.11182550692227267,0,1,0
93.09,15,151,2,14.719986160171585,0,0,0
10.8,14,2673,5,11.433696488502623,0,0,0
12.18,7,2854,1,14.382394957592279,0,0,0
54.97,10,593,4,11.03881035105816,0,0,0
83.09,16,2742,6,10.66247472019958,0,0,0
143.62,13,1155,2,8.024596554995917,0,0,0
33.59,15,360,7,5.794594980321077,0,1,0
98.19,14,1234,2,10.237930004211428,0,1,0
65.81,14,419,6,19.612867226950378,0,1,0
184.5,10,1875,6,0.5809703437895157,0,0,0
142.71,10,2976,1,2.109983112601934,0,1,0
214.83,11,2004,3,4.967498779004554,0,0,0
89.57,9,897,1,8.226388898695046,0,1,0
32.95,16,143,6,2.60757360936093,0,0,0
300.4,3,11,5,604.2943702793717,1,1,1
87.41,11,2967,6,17.48079527458484,0,0,0
116.26,10,725,4,23.68195639240227,0,1,0
58.34,18,2816,2,1.7982945121068412,0,1,0
92.29,18,1760,3,2.739576833614637,0,0,0
116.02,16,2129,1,1.4801496002913117,0,0,0
48.0,9,1104,6,12.004111301208766,0,0,0
160.79,13,2063,4,3.864729542425561,0,0,0
27.94,14,2069,3,0.9984893529596421,0,1,0
55.68,14,1303,2,15.017273868753895,0,1,0
36.47,13,2267,5,1.820535532297869,0,1,0
88.62,7,265,6,1.9381415122841368,0,1,0
44.83,3,310,5,0.8549371295723578,0,0,0
80.65,11,2522,2,4.66351506845207,0,1,0
96.33,16,2412,3,0.13460550810809568,0,0,0
128.67,16,747,4,3.5342000745668036,0,0,0
6.54,18,1677,1,20.11843574416821,0,1,0
18.7,10,2250,3,6.178009790246902,0,1,0
9.78,9,1482,5,13.519873737852468,0,1,0
80.08,17,1100,3,5.2700389749869245,0,0,0
101.14,11,242,2,4.553444589966058,0,0,0
41.47,18,1063,3,0.6565458590945443,0,0,0
81.43,12,1169,3,8.69862316813844,0,0,0
133.44,20,1397,2,2.3738047048729554,0,1,0
72.36,7,2009,4,11.1631322253842,0,1,0
152.7,16,1094,7,8.499797480316602,0,0,0
31.18,17,2606,1,13.126294085822149,0,1,0
3.74,12,2760,3,18.837275899749592,1,1,0
13.23,20,532,4,10.603150904145446,1,0,0
40.41,8,1382,3,17.67356268550212,0,1,0
17.86,9,547,1,1.3686208541884106,0,0,0
45.51,10,1017,2,7.7537410304268555,0,0,0
12.49,14,2044,3,0.7756484414255169,0,1,0
244.27,15,1280,4,13.71287230712683,0,0,0
32.35,12,2858,6,14.583671920082534,0,1,0
73.58,23,458,1,22.04332603209935,0,0,0
40.45,9,1591,3,8.413452952901025,0,0,0
28.67,17,2208,0,12.234526136788949,0,0,0
244.45,15,2772,6,4.05736024827676,0,0,0
846.45,3,52,9,337.33027707664627,0,1,1
115.11,10,238,3,9.782432293807098,0,0,0
10.56,15,1680,3,3.531890685766591,0,1,0
53.02,14,2085,1,6.740555181426941,0,1,0
51.38,17,1198,4,6.058814106327542,1,0,0
83.3,13,2021,2,11.458033466363752,0,0,0
116.61,17,1384,0,5.155235367382429,0,0,0
126.28,11,2936,5,4.6627101671107045,0,1,0
106.97,13,251,0,3.392760130047633,0,0,0
53.09,17,1528,2,8.41070599736369,0,1,0
55.27,17,465,6,0.45873460065452054,0,1,0
27.26,21,938,2,18.53101110678709,0,0,0
41.33,18,424,4,8.427290495762996,0,0,0
127.17,8,2391,3,18.73059954567491,0,1,0
63.16,14,1580,5,8.655857601636304,0,0,0
34.48,17,1518,4,9.20341596794966,0,1,0
22.63,6,324,6,4.550313225212259,0,1,0
47.35,19,1870,3,0.6144624094025453,0,1,0
109.73,16,167,1,3.3659288417678495,0,1,0
117.98,14,1308,3,10.353637348623138,0,1,0
49.8,6,1203,4,0.06449062116172488,0,0,0
26.89,12,579,4,5.188968614826658,0,0,0
142.17,10,1305,3,1.3375143751632343,0,1,0
20.07,16,801,3,24.101288889530228,0,1,0
16.8,20,646,1,8.644824956529531,0,0,0
38.26,19,1394,3,25.438901655935947,0,1,0
15.53,11,2997,3,20.372362278234505,0,1,0
105.63,9,2257,2,12.221398425034433,0,1,0
83.62,15,1615,4,4.943597795122205,0,0,0
88.84,13,932,5,9.277639347926137,0,0,0
24.5,11,2933,4,12.814415668398714,0,0,0
11.13,19,1043,2,4.011996467993949,0,0,0
31.68,10,395,3,1.66509451773033,0,0,0
57.61,19,1655,2,9.381813193626348,0,1,0
139.55,10,1763,3,1.0057134436100967,0,0,0
36.11,15,2954,1,6.80630358960712,0,0,0
223.35,9,51,4,6.410479319388987,0,1,0
126.81,17,873,4,9.590627488159775,0,0,0
145.95,14,1453,1,6.253934920384635,0,0,0
121.55,13,2730,3,2.5867581504794357,0,1,0
56.6,11,2332,3,12.083148883825803,0,1,0
224.0,23,809,2,0.8727827252226223,0,1,0
146.34,19,293,2,4.742621682788562,0,0,0
526.39,1,348,9,267.18093479935584,0,0,1
67.78,11,57,3,1.5055113762669654,0,0,0
81.47,12,1807,4,5.9076693786099295,0,0,0
45.43,13,57,4,13.480841380965577,0,1,0
26.5,23,318,3,1.1248377510153422,0,1,0
6.75,16,50,6,14.13939403578228,0,1,0
58.25,17,864,2,1.019735383497848,0,0,0
12.35,10,330,0,4.489941198393317,0,0,0
14.63,13,2450,8,8.23511425280684,0,0,0
30.42,18,588,6,5.686533851740673,0,1,0
14.91,15,1082,3,8.308776090238263,0,0,0
225.44,14,1276,6,2.5791413995824977,0,1,0
20.85,13,1385,1,14.022893775856323,0,0,0
152.04,14,2094,0,0.3837519983225661,0,0,0
129.11,15,2853,1,3.4921554238771213,0,0,0
73.21,13,467,4,4.121585800388291,0,0,0
40.98,10,1903,6,0.8594170799438938,0,0,0
84.8,14,136,7,10.124029352197734,0,1,0
67.87,19,1348,5,18.787697302380394,0,0,0
67.02,12,2879,3,0.13437964212570197,0,0,0
26.59,16,2392,5,4.188964213703413,0,0,0
48.47,15,794,5,8.508795190159551,0,1,0
32.49,18,1435,2,0.6335287682851254,0,0,0
279.01,15,1775,3,3.869890875536064,0,0,0
59.58,6,1214,1,3.0335747516755713,0,0,0
67.9,18,775,1,9.57000693607351,0,1,0
39.79,9,2620,4,15.917153283397504,0,0,0
4.69,17,214,0,1.1541026733516095,0,0,0
149.03,10,2107,1,6.177129086037564,0,0,0
87.99,13,2650,2,2.7123746306375964,0,0,0
21.14,13,752,5,11.115368066365177,0,0,0
40.02,17,903,1,18.697671180977903,0,1,0
18.55,14,2577,4,17.860726818833317,0,1,0
28.02,12,611,2,16.50655720806349,0,0,0
96.37,11,1285,1,20.39917720849879,0,0,0
88.39,14,1259,4,8.445322432593871,0,1,0
324.44,1,252,11,175.9714702445319,1,1,1
38.33,18,2197,3,6.4757741322224724,1,1,0
26.32,12,459,4,3.5871569027406185,0,1,0
27.14,11,1853,2,12.37703769613511,0,1,0
75.85,16,922,2,0.2099066388859514,0,0,0
109.99,12,2759,3,5.880742776871498,0,1,0
40.61,18,1006,0,17.74814478213806,0,0,0
74.26,10,2416,2,0.4523991509094385,1,0,0
90.75,14,1241,1,4.246598302919384,0,1,0
62.58,12,1620,1,0.9952477180634585,0,0,0
9.83,10,2963,2,1.0081409271353063,0,0,0
52.63,13,2343,1,11.108878874464567,0,0,0
45.98,12,1003,6,3.835358134036713,0,1,0
99.09,12,488,4,4.123795318750378,0,0,0
61.92,5,651,1,0.13676184850602002,0,0,0
127.52,15,1284,4,16.433824047766073,0,0,0
97.55,11,2146,3,17.867644549771825,0,1,0
82.43,14,2122,2,3.6461158325008913,0,1,0
111.88,14,119,3,6.521245086511277,0,0,0
46.73,16,2778,2,15.581412459399035,0,0,0
21.48,13,399,5,3.267954350967626,0,0,0
153.21,7,2404,4,9.427340938985138,0,1,0
182.24,11,2384,4,6.251245581426925,0,0,0
128.84,9,475,1,13.263087249456865,0,0,0
18.66,19,1703,4,9.111624837075805,0,0,0
174.45,12,1545,5,8.060769555173538,0,1,0
84.18,9,2050,2,6.114604647575298,0,0,0
20.79,15,1203,5,3.0104931423900485,0,1,0
59.07,14,1634,2,4.951324059158281,0,0,0
167.27,13,785,2,4.451446842235928,0,1,0
38.1,2,911,2,16.34261869483837,1,1,0
106.6,13,1517,2,5.739784172384157,0,0,0
7.71,4,2838,3,18.16149497958343,0,0,0
25.24,18,1854,1,7.072364044874549,0,0,0
76.5,8,186,1,7.304044297236278,0,1,0
36.85,17,1867,0,6.504231425095002,0,1,0
54.02,14,1227,2,7.79810249651898,0,0,0
595.26,0,367,8,472.4706756521896,1,1,1
36.1,7,107,1,3.588039926944621,0,1,0
95.43,13,1622,6,2.6782258820147327,0,0,0
54.84,13,987,2,2.951922855082422,0,1,0
249.86,14,667,4,9.508403691212,0,0,0
46.01,15,1969,3,7.003089480194923,0,1,0
43.43,18,2649,4,0.3792349964674493,0,0,0
43.08,12,2566,3,12.175928948837523,0,0,0
109.57,17,2517,3,6.145802707642153,0,0,0
40.21,23,2420,4,7.289097830349417,0,1,0
77.19,8,1033,5,5.102724868620827,0,0,0
164.96,13,1218,0,0.28832214962747127,0,0,0
100.36,5,734,4,10.821475980498517,0,0,0
44.7,16,438,3,3.030507140709018,0,0,0
92.44,10,2555,2,0.6677667549607449,0,0,0
96.13,14,2698,6,15.681786079139604,0,0,0
32.99,17,2744,4,3.5411908088144437,0,0,0
22.72,16,393,3,12.64401315607822,0,1,0
117.23,16,808,4,15.44549610038178,0,1,0
107.14,12,616,2,8.925118482608047,0,0,0
68.21,5,2604,2,13.048709387498103,0,0,0
105.63,14,1193,2,9.723600225165514,0,1,0
93.49,9,1726,1,1.50666237032102,0,0,0
24.37,16,268,5,6.9673354847981575,0,1,0
106.22,12,873,1,2.534468196940988,0,0,0
62.84,0,167,11,353.7325880739636,0,1,1
138.07,16,2605,6,18.821532816360772,0,1,0
184.86,14,2015,1,0.9086563186629615,0,1,0
52.63,17,191,3,4.094002608287716,0,0,0
18.75,18,2200,4,13.667999817524954,0,0,0
38.55,17,2786,1,12.014602314038378,0,0,0
112.81,14,593,2,8.332768804887962,1,0,0
129.22,16,2766,2,6.453965641203689,0,1,0
28.86,11,2702,4,15.474719403304864,0,1,0
53.54,5,269,1,8.631880588868462,0,1,0
82.48,14,2615,5,0.4343751772940747,0,1,0
123.01,17,2920,1,8.0503187233736,0,0,0
38.34,14,1470,2,14.997889378099865,1,0,0
117.18,18,582,5,11.06400677059895,0,1,0
26.04,18,1285,2,6.878886582945803,0,0,0
60.16,13,1318,4,15.095087275340056,0,1,0
65.88,15,1776,2,1.2988728281750328,0,0,0
40.2,15,270,2,16.79918120922299,0,0,0
49.04,19,2915,2,0.2687430085399427,0,0,0
530.95,5,96,7,284.3809035004111,1,1,1
257.85,16,496,1,11.196114021065966,0,0,0
28.94,12,2552,2,9.767734020269554,0,1,0
34.36,14,910,4,5.093723602629419,0,0,0
48.32,12,301,3,8.879639366742754,0,1,0
165.21,10,249,3,20.61157284864713,0,0,0
68.34,8,1909,3,4.030935808123017,0,0,0
51.75,14,648,5,0.09834121481592106,0,0,0
42.12,15,249,4,2.3275132508484973,0,1,0
31.96,11,2561,1,2.5065223669760854,0,1,0
115.41,20,2008,4,5.862293153273129,0,1,0
110.24,10,2154,3,1.5895864301699998,0,0,0
126.67,20,446,3,17.269496104347304,0,1,0
82.14,13,618,6,9.512464515444387,0,0,0
156.48,12,527,3,2.4823351001114933,0,0,0
13.27,15,1528,4,9.23260017594724,1,0,0
141.15,12,2256,4,2.3001125609527224,0,0,0
18.04,11,2720,4,2.3169248302935506,0,1,0
47.51,18,2140,4,1.3142972014694685,0,1,0
58.68,12,1328,5,3.775246970160329,0,1,0
142.78,14,508,1,1.2570316834292186,0,1,0
25.38,16,2390,2,6.403089349529957,0,1,0
66.55,18,1135,2,2.5465246797676064,0,1,0
53.27,16,442,4,7.184580982969892,0,1,0
13.56,20,2609,5,2.6280225414302176,0,1,0
67.11,18,503,3,0.6467862388376968,0,0,0
46.52,14,721,0,15.403559041117804,0,0,0
122.4,15,509,1,2.78890788491133,1,0,0
110.84,6,2257,4,13.830067173507747,0,0,0
81.52,17,217,3,3.0616492609190544,0,1,0
85.86,21,61,3,7.2589966815115385,0,0,0
86.32,20,885,4,4.882417788709962,0,0,0
233.18,14,1329,8,21.767326533157807,0,1,0
49.23,15,2728,6,8.189457071770262,0,1,0
274.7,12,1273,2,5.136769541222372,0,1,0
27.48,16,2052,3,1.4591793211015425,0,1,0
52.17,17,1386,2,7.390449809867701,0,0,0
164.54,11,1866,4,8.918684053368857,0,0,0
196.25,13,2867,3,9.469254320159138,0,0,0
176.07,13,1207,0,0.7498241065498483,0,0,0
32.43,20,1399,4,14.3657638475421,0,0,0
184.81,10,1997,3,3.840380435894181,0,1,0
22.51,19,1577,4,2.2316668669310813,0,0,0
64.31,9,1781,1,12.809787812335879,0,0,0
62.64,3,1872,1,10.345322630160915,0,0,0
143.52,12,658,6,11.850539380933345,0,0,0
15.93,17,140,1,2.8384318603964256,0,1,0
52.46,11,1551,5,5.049819423608946,0,0,0
41.49,18,2619,2,0.29196615756385036,0,0,0
113.79,18,2722,3,13.465686167795868,0,1,0
682.93,5,58,10,576.583356025495,1,1,1
17.24,10,797,3,6.480539834006014,0,0,0
10.3,10,841,6,17.542120445202023,0,0,0
49.48,11,139,1,8.003049019147277,0,1,0
49.97,13,1764,5,20.267606471236313,0,1,0
92.81,9,1278,1,20.329647661310872,0,0,0
5.83,16,2535,1,7.696722481228987,0,1,0
42.25,11,2221,2,3.1711665297592395,0,0,0
18.18,13,2275,2,4.728669572511373,0,1,0
52.03,6,2617,4,1.6420208691851927,0,0,0
29.77,18,1045,0,11.77885770780803,0,0,0
57.7,10,2595,4,11.631226308371772,0,0,0
119.12,10,765,2,12.618799147104838,0,1,0
67.0,12,2572,0,3.528659255490732,0,0,0
41.91,8,1391,1,0.43666403764472683,0,1,0
48.76,23,101,3,6.263453277846425,0,1,0
61.23,3,2605,1,11.489643295135002,0,0,0
418.3,0,51,5,553.109194791473,0,1,1
94.26,15,1476,8,9.884311852723961,1,1,0
31.12,11,535,3,3.7126566418161655,0,1,0
28.79,11,1121,3,17.480940226323256,0,0,0
235.19,5,547,2,9.939613221439519,0,0,0
91.14,13,803,3,13.675437965573614,0,0,0
45.7,19,522,3,18.143555904971414,0,1,0
68.42,15,1813,3,9.712552508752164,0,1,0
47.09,6,333,2,18.570477554689703,0,0,0
99.49,13,1993,2,12.362543187635715,0,0,0
54.71,18,1515,2,6.672511337854394,0,0,0
258.28,15,828,5,11.849832351331845,0,0,0
113.79,18,1920,5,0.4512350736476174,0,1,0
118.16,15,2586,1,24.32629476906032,0,0,0
91.08,10,2491,1,8.77492052807431,0,0,0
23.1,17,88,2,13.865294150620137,0,0,0
31.04,14,1748,2,11.000657377836147,0,0,0
23.9,12,568,4,9.996402243436783,0,1,0
143.88,11,1500,5,5.348138759762433,0,1,0
66.17,12,1745,3,9.055052349976382,0,0,0
76.78,14,116,1,6.24598503816035,1,0,0
106.97,11,2782,0,5.058931639704815,0,0,0
40.43,18,859,5,4.676599634319435,0,1,0
26.32,8,373,4,11.085184696654222,0,0,0
73.97,7,2741,0,9.309117282460157,0,1,0
52.24,12,1539,5,19.195557932279428,0,1,0
54.42,19,1193,5,13.673532366038515,0,0,0
38.3,18,451,4,10.02700257387723,0,0,0
44.13,17,1425,2,1.6975237154550613,0,0,0
68.2,16,447,2,9.925647470632079,0,1,0
223.1,9,1817,3,7.576681846340287,0,0,0
15.28,16,584,1,3.999612658039955,0,0,0
91.28,16,2162,7,0.3495534879978619,0,1,0
69.12,19,71,1,0.1774562234982504,0,0,0
215.77,17,1276,3,19.147499555506887,0,0,0
143.31,18,285,2,2.7818190336281887,0,1,0
184.55,11,2385,4,16.356939106399558,0,0,0
33.35,6,2288,5,3.9919982091101063,0,0,0
38.33,11,1057,4,3.4593382821692025,0,0,0
35.48,14,2050,6,3.8023956387489704,0,0,0
49.14,19,2937,6,3.591363884326545,0,1,0
141.83,14,439,0,4.716970401152752,0,0,0
79.92,7,2794,2,2.9039365894788247,0,0,0
241.96,21,2935,3,1.3733760177985728,0,0,0
139.75,14,1587,5,12.009456817291579,0,0,0
114.11,14,682,3,2.25540750017847,0,0,0
77.01,8,1408,1,2.556391623998479,0,0,0
34.88,15,2058,7,1.050768958380334,0,1,0
44.79,12,2278,1,6.974025305206877,0,0,0
127.87,13,2988,2,1.1987100095385603,0,1,0
59.13,11,413,3,6.957469405574251,0,0,0
29.96,14,1509,0,10.603505905763427,0,0,0
98.88,21,1493,4,24.548427951328502,0,0,0
92.18,17,686,5,0.5047795120993648,0,0,0
39.92,14,1453,1,5.871926462279793,0,0,0
116.38,19,2315,4,4.754083628048399,1,0,0
59.47,12,2741,2,4.09241083170122,0,1,0
119.43,9,2303,0,3.459852473828148,0,0,0
23.21,7,2984,5,6.498815628846405,0,0,0
144.07,12,2901,2,11.273928898506135,0,0,0
92.26,15,2410,2,6.140183782849206,0,0,0
207.8,9,1916,4,7.4558880038640245,0,0,0
147.91,15,695,2,1.9227992988779556,1,0,0
147.73,17,621,5,22.745969130701727,0,0,0
90.84,18,836,4,3.707067269665929,0,0,0
83.82,12,1370,3,15.336382945794645,0,1,0
414.32,0,154,13,68.10805047622614,1,1,1
174.27,14,2657,5,1.5384566440863692,0,1,0
204.62,11,635,2,15.905928305788262,0,0,0
141.86,19,480,3,7.1633724300828305,0,1,0
55.83,17,1042,0,11.732155978456358,0,0,0
21.32,11,2903,1,0.0830529134193041,0,0,0
134.41,10,347,3,7.200053927133324,0,0,0
43.98,17,2380,6,1.8153471129989391,0,0,0
71.64,12,556,5,2.09316067403629,0,1,0
117.84,17,2261,1,5.051091999476523,0,0,0
99.14,21,1758,10,4.043933169212036,0,1,0
103.2,23,2294,4,0.41024032281474465,0,1,0
80.04,15,1640,4,9.017157064475208,0,0,0
137.47,14,1519,0,6.350115596073946,0,0,0
96.44,18,1416,3,12.386493940111727,0,0,0
28.26,20,1632,1,4.134225677146505,0,1,0
105.16,11,2391,2,12.8043791138747,0,0,0
132.1,14,2997,4,0.01988796382265967,0,1,0
576.0,5,182,17,687.711584847258,1,1,1
22.91,6,270,1,2.013494602546785,0,0,0
45.73,8,189,1,13.442315554157297,0,1,0
25.8,6,2921,3,6.4813167467350965,0,1,0
52.65,10,447,3,14.967167483898958,0,1,0
653.32,1,294,12,98.37181889534537,0,1,1
89.62,15,1365,1,3.950107668628137,0,0,0
132.79,13,2406,4,5.8857417842757505,1,1,0
122.59,8,1952,3,12.178958333496094,0,0,0
137.01,10,2339,7,7.850133229232513,0,0,0
31.41,12,2677,6,6.316577389804602,1,1,0
96.7,5,2111,1,0.3118680897739612,1,1,0
137.39,16,456,2,8.879490826084822,0,0,0
57.6,16,1627,5,5.702377550185822,0,0,0
75.75,11,2343,6,9.069231613904961,0,1,0
37.14,12,1190,1,7.065644924848587,0,0,0
30.63,15,2167,4,3.425970131587624,0,0,0
21.54,16,658,2,10.811578853815654,0,1,0
25.78,8,1482,3,7.6715398024104875,0,0,0
78.69,12,923,5,4.670316125573049,0,1,0
83.65,10,1936,6,7.620929069551284,0,0,0
91.32,10,2027,3,7.922527092771142,0,0,0
20.11,12,435,3,12.46596723572409,0,0,0
85.0,5,2704,4,2.1966861438635834,0,1,0
50.56,9,1451,2,9.821193004633535,0,0,0
49.27,16,665,3,12.690727554675863,0,0,0
89.74,13,1869,1,4.05731605784514,0,1,0
59.36,12,1798,3,0.4984453021458215,0,0,0
119.61,15,2983,2,14.212723201428714,0,1,0
103.9,4,444,2,4.297607207949708,0,0,0
9.34,12,2070,3,3.8233332422642725,0,0,0
26.39,21,2476,1,1.3220660514112308,0,0,0
8.75,6,1901,2,0.12341961637984511,0,0,0
134.2,22,2787,4,9.197174990093004,0,1,0
48.86,2,549,5,3.36548989875838,0,0,0
136.73,9,571,1,5.741383459255089,0,1,0
54.24,16,2484,3,15.150553955234638,0,0,0
44.89,18,1631,4,18.345358655673706,0,0,0
64.83,19,1969,6,14.921077431432824,0,0,0
153.65,14,2451,5,12.728452603157361,0,1,0
22.58,17,415,3,16.740632255757014,0,0,0
14.99,14,1566,4,7.124026759238587,0,0,0
19.14,20,1324,2,1.4733874392779192,0,1,0
126.94,16,2588,3,15.35370396247464,0,1,0
80.36,11,1151,2,1.1649530561838852,0,1,0
43.67,8,402,4,16.805491133751204,0,1,0
48.63,10,2553,5,19.784376380203128,0,1,0
70.28,15,2656,4,5.021006808266792,0,1,0
102.92,14,2390,7,0.8615577384803972,0,1,0
21.93,16,1037,2,20.54045716624931,0,0,0
69.98,9,1418,2,1.6837318940741577,0,0,0
70.11,17,1907,3,4.579968988002719,0,0,0
62.21,13,1423,2,20.212796834146772,0,0,0
114.11,12,2725,4,8.517646945946916,0,0,0
129.75,10,983,5,0.1404752971218386,0,1,0
27.02,13,2906,3,10.05101737781079,0,1,0
42.39,15,2018,3,10.201659816098768,1,1,0
35.42,11,1787,3,5.159017306734108,0,0,0
51.93,14,277,4,9.091686913501436,0,0,0
103.16,16,2894,1,8.05100137105688,0,0,0
56.14,13,2895,2,1.2903346168382397,1,0,0
81.61,8,2745,4,1.8361833578245053,0,0,0
207.07,14,1585,6,6.577220330980849,0,0,0
108.86,9,2800,4,16.986266464775618,0,1,0
73.62,8,672,2,10.618785427247653,0,0,0
74.77,11,383,3,10.231235145826735,0,1,0
79.62,11,401,3,1.0471621036328171,0,1,0
46.87,10,1806,3,9.262999562175642,0,1,0
33.85,15,1392,2,2.7619204099219736,0,0,0
93.36,7,2615,3,19.824105841893406,0,0,0
185.41,19,1921,3,4.873907481494646,0,0,0
123.82,11,2855,4,12.937716137855046,0,0,0
138.18,18,2453,1,4.40986193492745,0,1,0
24.95,11,1188,4,2.543954885975247,0,1,0
64.66,17,2823,1,17.51000830081737,0,0,0
156.28,6,31,2,7.376414196081575,0,0,0
75.84,10,942,3,2.7996105867606627,0,1,0
41.43,12,1218,2,6.675640280183906,0,1,0
86.02,17,1596,3,6.363236822902229,0,1,0
115.52,16,569,2,10.745771013445395,0,0,0
62.96,14,676,1,4.483039611336798,0,0,0
23.03,4,799,3,6.18366994862264,1,0,0
167.27,16,2107,2,5.097570043966092,0,1,0
56.75,19,606,5,15.184850224379593,0,0,0
246.1,10,2894,2,13.343299085412688,0,0,0
6.59,11,2188,5,18.193746249644818,0,0,0
62.91,14,1224,2,15.13702645195712,0,0,0
141.52,7,1365,2,3.7988173030426715,0,0,0
108.53,17,2941,5,5.381772576330503,0,0,0
27.33,14,2034,5,18.761951264563315,0,0,0
69.53,9,281,4,16.05935025979599,0,0,0
148.27,17,1789,3,4.077540836778716,0,1,0
64.91,19,2082,1,9.68919366412801,0,0,0
186.26,11,2435,3,8.121030121730938,0,0,0
208.5,9,742,3,13.023920645856036,0,0,0
84.25,14,1388,6,6.723420478147409,0,0,0
34.27,15,2503,3,12.806910239481502,0,1,0
27.37,14,916,1,2.0864254828346844,0,0,0
64.6,15,208,1,1.46604402034465,0,1,0
9.46,19,2043,3,9.90535253234709,0,0,0
54.82,12,1934,0,1.974888723950615,0,0,0
77.85,14,2205,5,4.558784447624607,0,1,0
106.22,12,1053,1,16.36289836699809,0,0,0
98.24,17,684,3,10.012296232638391,0,1,0
275.06,18,2632,3,6.92344632924011,0,0,0
86.62,5,2536,2,10.594272890713906,0,0,0
116.99,10,447,1,24.040376815146125,0,1,0
207.95,16,2395,1,6.021919023706079,0,1,0
58.17,10,1873,2,9.318925985344473,1,0,0
101.02,16,311,6,5.627532801437161,0,1,0
19.51,10,2035,1,0.8685029723206057,0,0,0
183.54,4,233,13,352.0749624146175,1,1,1
74.69,17,2399,2,1.054261423025352,0,1,0
42.54,0,2625,1,3.0456692493441966,0,0,0
201.86,13,1595,4,14.274744248558836,0,1,0
39.93,15,1394,2,5.921652799099618,1,0,0
31.39,9,787,2,2.944962065073276,0,1,0
37.34,11,1960,2,11.957842620999855,0,0,0
272.25,11,1715,3,4.005775131505338,0,0,0
74.93,23,45,4,0.8704433717996514,0,1,0
43.97,19,1739,5,2.8220368168942667,0,1,0
79.81,14,1241,3,7.359305224370724,0,1,0
22.84,17,1258,0,14.266373220728372,0,1,0
121.83,10,1763,1,0.08351311699693031,0,1,0
6.8,5,2814,6,2.5981581335705943,0,0,0
137.05,18,82,3,0.41623655611869204,0,1,0
17.22,11,1572,2,8.437082373984758,0,0,0
26.02,8,2297,2,4.288397607411748,0,1,0
45.36,10,252,8,5.879116338545527,0,1,0
23.13,19,543,2,13.549236609588686,0,1,0
95.05,19,1769,2,11.004809932379931,0,0,0
169.4,19,1910,4,7.469152161362409,0,0,0
49.41,19,1933,2,4.994287402791144,0,0,0
40.53,8,2660,3,6.7070613771596825,0,0,0
41.32,18,1247,3,2.945946716112384,0,0,0
36.47,17,1025,5,4.53435928547017,0,1,0
13.95,18,64,2,2.861145180909105,0,1,0
54.24,13,656,1,12.400969586409467,0,1,0
33.42,15,992,3,13.055323820667516,0,1,0
52.88,17,2540,2,7.052593722247752,0,0,0
31.22,11,1898,1,2.1510505864545104,0,1,0
60.24,12,1058,3,10.447440029482427,0,0,0
46.67,19,1131,1,4.229499186622938,0,0,0
41.76,10,1825,5,14.518882958148051,0,1,0
245.19,11,153,4,3.7026009044540134,0,1,0
77.58,20,1360,1,11.585191988086496,0,0,0
36.57,15,2941,3,4.210009545810923,0,1,0
29.53,13,2808,4,9.696559991269343,0,0,0
52.04,12,1367,1,24.047928041566788,0,1,0
28.1,18,1056,2,2.0195317670226336,0,0,0
112.12,16,1745,3,10.375681599845425,0,0,0
67.22,13,402,4,0.4089471891746914,0,1,0
104.33,16,423,3,8.973913628444516,0,0,0
52.87,10,1860,6,7.523589064234122,0,0,0
36.03,15,2578,5,1.7117326792180325,0,0,0
96.49,18,2817,3,0.7890539277702233,0,0,0
128.7,14,1918,4,7.531014752754864,0,0,0
90.92,17,727,2,2.651204078765593,0,0,0
52.88,11,1849,3,9.068357214235675,0,0,0
72.16,11,2004,2,11.252187250049207,0,0,0
241.07,10,60,4,4.088053568259936,0,0,0
47.92,14,1344,5,5.795372112333487,0,1,0
162.61,8,1130,2,6.16464085874167,0,1,0
39.32,16,2754,3,7.259164370619762,0,1,0
117.1,16,710,3,8.926526091318497,0,0,0
29.85,14,1239,1,8.098112920701398,0,1,0
18.18,14,2419,2,18.693388080576867,0,1,0
74.02,17,852,4,9.345477965117471,0,1,0
128.47,16,2096,2,5.9336898145874075,0,0,0
44.38,14,435,2,1.80668134176854,1,0,0
35.71,14,1839,3,0.43005331648617595,0,1,0
67.53,9,772,2,11.235388150787252,0,0,0
133.64,18,604,4,17.152965096747202,1,1,0
118.52,6,1456,1,6.805843896679399,0,1,0
52.1,20,1074,2,4.30843116583835,0,0,0
15.01,3,1013,4,3.0616680599298007,1,0,0
34.73,16,295,1,4.1281907200810135,0,1,0
142.1,17,2156,3,10.930408527667595,0,0,0
57.92,13,2462,7,18.411510562298332,0,1,0
19.27,8,1754,2,5.32737617209703,0,0,0
52.52,16,2161,2,3.198692487011252,0,0,0
20.05,9,2841,8,12.222639336783315,0,0,0
80.82,14,2725,4,16.50615392672479,1,1,0
81.96,11,364,4,1.909028389230106,0,0,0
107.76,11,2000,3,3.473412326109549,0,1,0
68.82,10,2766,0,4.978092909481595,0,0,0
60.95,20,222,1,0.7325480391717658,0,1,0
91.46,9,2019,1,3.498762223406991,0,0,0
32.89,8,2434,6,21.80647400200875,0,0,0
137.23,16,351,3,11.647177810944495,0,1,0
109.87,13,245,3,17.281455283317367,0,0,0
136.64,14,1971,3,3.70907399927156,0,1,0
38.44,13,2739,3,27.14358935802282,0,1,0
14.97,16,619,1,7.076376073378505,0,0,0
119.75,12,1733,4,4.228518964868787,1,1,0
51.77,14,180,1,9.327737994963291,0,0,0
69.61,13,2206,2,6.010087561158588,0,1,0
164.44,18,767,4,26.24118284674616,0,1,0
45.02,22,1832,2,10.741662996448884,0,0,0
25.68,18,1855,3,5.921341821485627,0,0,0
62.21,8,331,4,0.5126443505351723,0,1,0
53.33,13,2242,4,17.2143344713106,0,0,0
20.36,20,2887,5,8.107636271058528,0,1,0
34.74,16,1104,4,2.814629593959687,0,0,0
64.59,16,1139,3,8.293147949399371,0,1,0
139.94,12,2461,4,3.276151381993409,0,0,0
180.2,12,2891,5,5.369952992187752,0,0,0
30.87,13,372,8,10.573171194058192,0,0,0
96.47,2,86,13,121.17796395595815,0,1,1
98.73,23,848,4,3.6394041422502195,0,1,0
50.21,14,2910,1,1.2037449018769095,0,1,0
36.15,18,2340,2,1.7770746105052986,0,1,0
61.11,6,1695,6,3.2227924373659427,0,0,0
52.74,3,1713,2,1.558276685016362,0,1,0
173.91,13,601,3,9.231009348117105,0,0,0
44.88,16,1033,2,3.162386662012114,0,0,0
132.46,17,1135,4,14.485610260313301,0,1,0
30.01,14,1800,1,0.9279606684915906,0,1,0
69.81,18,1871,4,5.6879758152712965,0,0,0
77.67,17,2474,3,1.312116249588538,0,0,0
60.99,10,2018,3,13.386828430324398,1,0,0
19.23,19,1556,1,0.8192975593843661,0,0,0
85.52,7,673,1,9.93774738628517,0,0,0
110.67,18,91,8,4.546974299794183,0,0,0
28.48,13,1585,4,8.232390374468194,0,0,0
55.84,17,1739,3,2.2219639237529187,0,1,0
37.4,12,1487,2,18.792603283193287,0,0,0
48.15,11,1043,3,0.4895419218632977,0,0,0
93.54,16,1403,6,7.75548550990511,0,1,0
141.33,17,2334,2,4.177488613446742,0,0,0
58.1,10,1721,4,5.831782395811652,0,0,0
67.62,13,641,2,7.292326140591954,0,0,0
95.75,13,848,3,5.566365640130432,0,0,0
40.39,11,2965,3,13.122121818842242,0,1,0
86.21,16,2697,2,5.446800378828977,0,1,0
11.39,11,1182,1,0.7624438158929028,0,0,0
55.67,7,2007,2,3.5967717586721797,0,0,0
94.69,17,2498,4,9.11663495407676,0,0,0
110.86,15,2830,1,5.978915409773417,0,0,0
82.48,4,1537,4,0.5937712538790656,0,1,0
225.1,12,1556,2,0.053176097029100866,0,1,0
60.48,12,1095,4,10.628096671807292,0,1,0
53.89,14,1901,4,6.36276383504159,0,0,0
54.36,15,251,3,6.33217040042025,0,0,0
82.65,7,366,5,6.9605367962328195,0,0,0
149.59,11,807,5,15.015368269564222,1,1,0
40.09,13,504,5,3.6291769757823906,0,0,0
97.25,16,969,0,7.0454497240661444,0,0,0
59.82,13,1464,4,14.871291767444077,0,0,0
15.19,6,2019,4,7.642636673066747,1,1,0
55.67,18,195,3,7.50771154748268,0,1,0
41.34,18,142,3,6.836359614704582,0,1,0
83.02,11,1113,3,2.363083591817899,0,0,0
45.72,13,561,4,17.738427565836844,0,1,0
168.19,8,222,3,1.104201044924503,0,1,0
80.17,10,2685,2,18.93144000180984,0,0,0
143.4,8,2814,4,5.558580512887826,0,0,0
209.87,16,1934,1,10.1745894614771,0,1,0
46.17,14,1991,7,12.127206446786673,0,0,0
77.39,9,88,4,19.466076684305833,0,0,0
55.7,11,2340,3,5.780054349629754,0,1,0
57.4,16,310,2,0.7196097004059068,0,0,0
196.07,14,700,3,15.989434761967988,0,0,0
41.77,10,2936,2,8.440272765740128,0,1,0
55.51,15,2163,5,13.62572039938508,0,1,0
42.21,19,1312,4,24.72344924217916,0,0,0
73.52,10,2982,1,4.274498990286002,0,0,0
23.53,14,1227,3,1.4589773959566443,0,1,0
51.33,14,2320,4,6.312252121559079,0,0,0
27.05,23,927,5,1.0781248207956455,0,0,0
24.95,13,621,3,3.4664265953367295,0,0,0
322.62,1,252,7,96.11969225361446,0,0,1
70.97,12,1519,1,7.706911066041126,0,1,0
28.06,9,1083,2,1.6832452739549946,0,1,0
51.44,18,681,1,8.695324623708416,0,1,0
119.9,10,2962,2,4.151885555988597,0,0,0
122.8,9,2314,1,0.6780448765455684,0,1,0
95.27,13,1792,2,6.097320785329554,0,0,0
1118.8,3,352,11,207.33113391139213,1,1,1
105.11,12,1960,5,2.5756650948019426,0,0,0
17.31,5,2466,1,6.867701920338063,0,0,0
133.33,17,2808,4,16.015867866920626,0,0,0
47.04,17,896,1,13.852994595476302,1,0,0
132.32,12,2148,2,3.7057514674306624,0,0,0
56.55,7,2313,2,7.503815681738285,0,1,0
76.31,9,2128,4,16.803026769155487,0,1,0
141.96,12,101,6,11.262249047237724,0,0,0
144.46,15,2282,5,5.897779583783341,0,0,0
87.4,12,1204,4,21.144963198832407,0,1,0
133.47,5,504,6,23.297297353905083,0,0,0
82.19,19,2631,2,3.3781012870363774,0,0,0
60.99,11,1259,3,2.2723919979642155,0,0,0
151.01,16,576,3,9.72211187340113,0,1,0
154.8,7,2200,3,3.9313130433962566,0,1,0
81.31,14,275,3,12.118651036039825,0,1,0
177.9,15,2424,2,3.952671453416381,0,0,0
44.97,15,2591,5,4.271254338620106,0,0,0
107.37,15,500,6,5.464731372977344,0,0,0
40.05,14,816,1,4.263251993021928,1,1,0
3.81,11,2817,0,8.96372212528733,0,1,0
112.72,9,1806,4,5.82987259594416,0,0,0
51.26,14,221,5,7.54007109089031,0,0,0
15.74,13,1042,4,6.237836306394803,0,0,0
80.02,13,1232,1,17.49457779678398,0,0,0
56.64,12,2678,4,10.52411638612156,0,0,0
79.13,14,218,1,1.622828857543435,0,1,0
187.3,11,1761,0,4.369765311615056,0,1,0
7.59,13,602,4,0.9805503390306924,1,0,0
57.49,12,595,5,23.8990180386223,0,1,0
76.98,19,345,2,3.1141848462886257,0,0,0
52.85,22,2957,0,5.133513454193711,0,1,0
23.24,15,574,1,8.307854485928313,0,0,0
132.35,13,2837,5,20.795323595409933,0,0,0
62.59,12,142,2,8.402228976729184,1,0,0
174.14,15,636,1,9.90107176708318,0,0,0
44.24,12,551,0,4.539633929144509,0,0,0
141.19,11,761,2,2.489383785009156,0,1,0
39.72,11,132,1,1.253666675354069,0,0,0
128.56,20,185,4,5.147733165036937,0,1,0
378.83,14,2343,1,4.161498755056681,0,0,0
25.65,20,2957,3,12.611617554631898,0,0,0
74.53,13,2757,2,10.255501844575655,0,1,0
49.45,14,800,1,16.162156299900087,0,0,0
167.39,17,2917,1,0.8045443397150125,0,1,0
107.78,17,249,3,0.9602822861917959,0,0,0
811.36,1,350,8,233.33883389117577,1,1,1
239.35,12,448,1,1.8133485148444435,0,1,0
58.74,12,633,2,2.037381345698884,0,0,0
6.52,15,150,4,13.22197979848146,0,1,0
46.65,17,2802,4,7.26973529871429,0,1,0
120.66,9,2590,2,9.566966633734548,0,1,0
81.82,15,477,4,4.276882413618167,0,1,0
64.32,10,1729,7,11.298083370576347,0,0,0
33.98,15,1369,1,8.216565346908132,0,1,0
209.61,11,2493,7,5.744184391162026,0,1,0
59.25,12,1771,2,8.607186518980441,0,0,0
43.27,18,2929,3,16.57717981134676,0,1,0
63.41,9,1092,6,15.690560691742842,0,0,0
14.89,17,1930,4,4.631532209356125,0,1,0
2.97,11,2600,1,0.20679405617805546,0,1,0
90.71,18,2012,7,5.788486887168753,0,1,0
53.73,13,184,2,2.936196242434906,0,1,0
38.47,13,414,7,6.733561154175096,0,1,0
85.88,20,515,2,2.6797087986908323,0,1,0
5.43,15,2071,3,6.665336688391752,0,1,0
36.73,23,1340,4,2.1515707382024316,0,1,0
107.13,21,1885,4,1.1187963271298158,0,0,0
223.23,11,2874,4,10.536381396825918,0,0,0
115.74,15,1627,5,3.8251625221882906,0,0,0
56.41,12,1063,5,14.01508364971551,0,0,0
64.24,11,1948,1,1.9495414713500012,0,0,0
75.42,18,2021,3,6.901781771323561,0,0,0
63.33,11,996,1,2.030033783005619,0,1,0
61.38,17,1097,5,11.105591071936903,0,0,0
83.23,11,95,7,10.673617665738263,0,0,0
28.95,12,1064,3,8.039572466853704,0,0,0
83.74,17,2465,4,0.648687829996982,0,1,0
52.25,8,2368,3,0.6731330862426166,0,1,0
24.72,14,972,3,2.4427056358548205,0,1,0
114.22,15,1192,4,2.389720271272804,0,0,0
83.7,15,1987,6,11.196978214117415,0,0,0
154.09,14,2201,2,1.8535942658876357,0,0,0
57.41,12,1462,3,11.089712513764027,0,0,0
37.63,11,2625,5,16.279430237409084,0,1,0
179.11,21,62,5,17.980287798460413,0,1,0
156.1,0,241,5,488.3624986588264,0,1,1
44.11,8,1330,2,7.139229671907664,0,0,0
196.97,10,1062,2,24.202043459835963,0,0,0
82.51,6,2771,0,8.976161167132162,0,1,0
96.4,16,1332,7,16.146198286840036,0,1,0
31.26,14,556,3,5.526194199989337,0,0,0
89.64,13,2594,3,2.3896016463601386,0,0,0
62.92,15,1021,3,10.19703047720813,0,1,0
183.94,20,1310,4,18.262937852460038,0,0,0
102.83,22,2442,3,7.219420708351521,0,1,0
53.0,9,2895,3,3.856607344371217,0,0,0
94.73,17,1672,1,6.419180117699143,0,0,0
141.35,13,885,4,0.45389791377553834,0,1,0
56.23,21,766,1,6.999785231005431,0,0,0
50.99,8,81,4,0.04193173130066441,0,0,0
198.44,1,91,11,151.16479821535341,1,1,1
117.75,12,876,3,7.6008201182695085,0,0,0
89.38,12,2239,2,6.468730840195914,0,0,0
103.6,0,213,13,404.1493114149091,1,1,1
79.45,18,130,2,6.4914823756785385,0,1,0
17.77,19,169,0,5.137278353583914,0,1,0
124.29,12,1700,5,8.58916450026476,0,0,0
103.81,13,915,3,10.520643047951452,0,0,0
23.82,17,751,4,9.487919707513218,0,1,0
167.27,8,550,5,9.982005800839117,0,1,0
55.45,14,1879,5,9.937659921687107,0,1,0
118.65,19,1905,1,2.3814856362442387,0,1,0
77.2,9,875,4,5.6838619039379115,0,0,0
136.16,14,906,1,2.2959910002758663,0,0,0
89.61,9,200,6,3.2328163264297007,1,0,0
224.98,11,2514,1,9.622939191434451,0,0,0
156.63,8,2425,4,2.1479221353334426,0,0,0
38.99,15,2512,4,8.32883298665074,0,0,0
105.87,8,2821,4,4.963616900801023,0,0,0
140.33,16,1800,1,2.3773201363571355,0,0,0
15.62,9,1819,1,11.851676724078196,0,0,0
56.29,14,736,3,35.22777881976394,0,1,0
174.67,6,2035,1,0.8346404515244146,1,0,0
74.31,15,822,2,4.466878025346942,0,1,0
181.03,13,339,1,5.636156535293996,0,0,0
29.05,19,2804,4,9.387294699121748,0,0,0
66.75,10,595,10,3.630910504339017,0,0,0
9.14,19,728,2,3.765508259935139,0,0,0
248.51,13,648,2,9.409252657797763,0,0,0
47.07,16,1866,2,3.132042245029396,0,1,0
675.91,4,283,13,2.7502206237198266,0,1,1
189.8,15,2251,2,3.5009016607087426,0,1,0
153.63,17,1967,5,2.259817881296179,0,1,0
131.85,14,2319,4,25.93488447396121,0,0,0
21.17,6,1620,2,0.3873711627492975,0,0,0
223.13,18,1915,4,9.378778463583412,0,1,0
106.54,11,1103,2,3.6685107648003448,0,1,0
22.07,12,2412,2,6.868993955180718,0,1,0
18.11,10,33,5,24.481977513835986,0,1,0
38.76,12,2799,1,15.280330143038082,0,0,0
24.91,9,2586,6,3.5688195532163207,0,1,0
85.87,12,1807,4,9.484262840272509,0,0,0
69.76,11,2667,2,0.05014355189397879,0,0,0
84.41,16,602,4,2.400072655200833,1,1,0
98.56,15,1379,3,0.15202401746981575,0,1,0
30.0,20,2229,5,0.4458755048885692,0,1,0
165.74,15,95,0,4.332479726530334,1,0,0
174.61,13,1718,2,14.099859892448299,0,1,0
70.43,10,744,1,16.202309024751276,0,1,0
255.86,13,2192,1,18.47488550121456,0,0,0
88.44,16,272,1,8.618452782564868,1,0,0
82.49,13,967,3,0.48749312350082796,0,0,0
84.14,15,2093,3,2.4414693617125764,0,0,0
60.36,15,544,0,12.859456234522778,0,1,0
117.54,14,2788,0,2.351379386427356,0,1,0
44.49,16,2407,0,29.72220191357963,0,0,0
135.58,11,1432,1,0.4431076119183217,0,0,0
121.64,9,2437,1,7.923540948917179,0,0,0
317.33,19,65,3,2.6701682790821204,0,0,0
87.01,10,1619,3,0.46733518756657766,0,0,0
96.6,15,649,5,14.67289158226118,0,0,0
114.62,10,2872,1,2.958216066428119,0,0,0
182.88,13,1374,3,9.117067690034848,0,1,0
120.8,15,2972,5,7.543913555104573,0,0,0
191.61,23,1506,5,13.036229422064954,0,1,0
25.32,14,2033,2,22.786624393557698,0,1,0
91.97,21,1316,1,10.828214473810373,0,0,0
134.19,8,1438,3,13.00479737909435,0,1,0
238.67,0,390,7,379.0173347605804,1,1,1
138.75,14,2582,5,5.738649122752606,0,1,0
161.42,19,398,0,4.483756385344875,0,1,0
98.7,12,2769,5,3.5316310406823423,0,1,0
51.11,16,1962,2,0.9884032430112439,0,1,0
114.08,10,1091,1,11.949095527872831,0,0,0
272.97,12,1845,2,9.115995952281649,0,1,0
55.31,11,1404,4,2.8960917063986513,0,0,0
87.32,8,2399,0,10.269166761199127,0,0,0
3.53,15,2044,4,6.164150243901414,0,0,0
73.99,13,1941,2,11.600120266157258,0,0,0
161.05,18,1190,3,1.9671474460206229,0,0,0
49.12,12,1303,1,4.402962737988516,0,1,0
204.71,4,2291,5,5.132954724301868,0,0,0
134.3,9,1668,3,3.17644584478008,0,0,0
83.21,12,685,3,11.726708145771237,0,1,0
91.35,7,2185,1,13.520795670544068,1,0,0
161.0,16,836,4,6.6928311454901745,0,1,0
80.54,11,2016,1,7.193121216465206,0,0,0
104.8,10,550,4,10.01467133371553,0,0,0
106.43,14,2049,6,13.860400783715502,0,0,0
133.27,20,1493,1,10.552356483561805,0,0,0
41.31,16,1046,5,21.27043360514383,0,0,0
63.96,13,1957,0,4.678537784647873,0,1,0
67.31,19,2476,4,1.190143496118341,0,0,0
188.96,8,1632,3,15.750727547320048,0,0,0
59.95,9,754,4,7.991352470897045,0,1,0
109.2,6,845,1,0.33411831534517944,0,1,0
85.36,18,1599,5,4.094966744204523,0,0,0
31.82,10,1029,2,11.998120248615052,0,1,0
78.29,11,1603,7,0.817112902013605,0,1,0
67.7,16,2515,3,19.387726172851202,0,1,0
111.98,11,1279,2,6.82412148899576,0,1,0
30.29,12,2660,2,15.16769216903753,0,1,0
49.3,6,1152,4,17.557691244449714,0,1,0
36.84,14,756,5,3.244748948918038,0,1,0
46.85,12,2651,5,4.278435857040806,0,0,0
47.6,7,839,3,13.534086466058579,0,0,0
38.4,14,543,2,2.282771283872216,0,0,0
78.95,19,892,3,3.0244244041013157,0,0,0
85.58,4,346,3,2.7946767828645873,0,0,0
17.61,11,1623,5,9.49408753672273,0,0,0
57.07,21,1850,4,12.755750139869683,0,1,0
209.97,3,2210,3,15.220967332608092,0,0,0
194.77,16,296,6,6.628585601441026,0,0,0
15.75,10,2009,4,10.51586033191829,0,0,0
130.71,12,990,4,10.065283482189422,0,1,0
134.09,17,653,2,9.686797313298372,0,0,0
38.94,10,803,3,7.886424916386174,0,1,0
73.94,6,2846,1,1.3465966674983436,0,0,0
134.09,18,1517,3,3.662611909301513,1,0,0
110.23,13,2286,0,18.872492511970016,0,0,0
20.71,15,647,2,11.161962934007324,0,0,0
45.58,9,432,2,17.846292274984734,0,1,0
240.17,13,2135,2,0.6747837567751382,0,0,0
72.75,22,2133,1,8.205139510020063,0,1,0
69.59,14,170,4,5.132226320580051,0,1,0
96.67,15,479,4,5.462302049093806,0,0,0
33.66,16,2957,2,10.88808774791386,0,0,0
31.7,13,1642,1,1.944396562183961,0,0,0
193.71,6,2240,3,2.0830497314561653,0,0,0
87.19,16,1958,2,5.251228349527908,0,1,0
150.88,10,1781,1,0.26449748030596965,0,1,0
63.97,15,2175,2,15.020220038327036,0,0,0
145.28,15,2904,3,0.9048483349489258,0,0,0
98.27,11,1594,3,15.003866463541641,0,1,0
42.55,14,1449,3,0.8193026588526395,0,0,0
134.85,13,2840,3,21.85756272232447,0,0,0
26.86,13,1949,3,3.4162826916455917,1,0,0
84.62,16,1967,4,7.545667976058308,0,0,0
41.71,11,2374,6,5.779638514746981,0,1,0
111.71,11,2435,5,3.5939767563743095,0,0,0
45.62,18,2327,3,5.290449587426499,0,1,0
75.03,3,2932,3,17.506752397740165,0,1,0
53.34,13,2072,3,2.1913350368119113,0,1,0
82.21,11,1539,6,10.508918197180162,0,0,0
95.98,12,1434,2,9.180910454607545,0,0,0
17.04,20,2358,5,9.523260512768818,0,1,0
47.81,15,2706,1,8.013594914666115,0,1,0
44.07,18,959,1,14.4325927173045,0,0,0
74.14,16,2761,2,9.389351099788296,0,1,0
117.4,12,2068,0,22.666164969237975,0,1,0
57.81,16,495,4,2.138142326759092,0,0,0
25.33,6,2021,0,2.9477950049792634,0,1,0
44.63,15,907,3,0.2770912074762526,0,1,0
17.71,14,1097,0,8.010609694560877,0,0,0
15.64,5,1079,3,6.971586124003702,0,0,0
66.61,19,2666,6,4.280335503009348,0,1,0
137.25,11,2158,1,3.259684498924058,0,1,0
98.62,10,926,2,11.1689928777276,0,0,0
85.33,9,2316,3,6.073391332359804,0,0,0
64.14,7,2164,8,6.104236646688943,0,0,0
99.37,13,347,4,9.698990512401927,0,0,0
92.68,12,585,2,12.74767060738482,0,0,0
150.1,18,2456,5,13.578058655614907,0,0,0
34.28,11,2443,4,1.8246198111980858,0,0,0
11.84,15,455,1,9.53854901322154,0,1,0
49.89,11,1994,2,4.80101856294473,0,1,0
60.99,13,944,3,10.987507988726925,0,0,0
19.08,7,1225,2,4.82451475030542,0,1,0
69.9,15,890,9,3.5155715443578996,0,1,0
75.11,17,1379,5,3.0224734603165437,0,1,0
12.57,6,858,6,17.27149644193097,0,0,0
73.13,10,1285,1,11.650529214289463,0,0,0
112.41,16,246,5,9.738758628822382,0,1,0
62.82,10,39,3,5.645410366513609,0,1,0
127.73,10,2475,3,6.493652725005035,0,0,0
11.27,19,2409,3,11.535844806391754,0,1,0
72.91,8,1596,3,0.41821695279642324,0,0,0
9.7,20,49,7,1.7414310172504432,0,0,0
32.99,12,406,5,2.6640879545856895,0,1,0
55.71,15,728,2,3.7080833089954726,0,1,0
87.99,20,93,4,5.352992473809886,0,1,0
22.11,17,2929,4,10.439438165945376,0,0,0
18.34,12,551,5,16.721682157745235,0,0,0
93.75,11,2451,1,13.095134768591944,0,0,0
30.77,12,1345,4,2.932009627984552,0,0,0
56.97,12,1181,1,0.05112839385656631,0,0,0
65.28,16,833,5,15.464847509878803,0,0,0
71.55,9,825,2,6.884568739406873,1,0,0
87.7,11,2676,5,7.239408878745223,0,0,0
53.24,9,2929,1,2.0923984197809764,0,0,0
85.56,15,1741,4,8.961281164230076,0,1,0
85.51,10,228,1,4.070583207701079,0,1,0
70.96,13,719,3,3.2067444626918373,0,0,0
334.34,3,152,8,302.361063419324,1,1,1
200.01,11,705,1,1.9613253932106582,0,1,0
113.14,16,2367,2,12.701510399497224,0,1,0
29.1,19,2683,6,0.6254597112810387,0,0,0
71.83,10,397,1,13.899710597039496,0,0,0
210.31,21,576,5,21.37691091148156,0,0,0
16.7,15,1721,0,13.617337824637094,0,0,0
55.88,14,2479,3,9.578086383060446,0,0,0
77.08,15,756,3,4.271835483078975,0,0,0
5.75,15,1671,0,13.627828032402956,0,0,0
69.81,18,1463,3,14.156335947953714,0,1,0
28.5,10,756,4,6.896822946826841,0,0,0
702.63,0,133,8,195.98089687592702,1,1,1
27.4,18,1645,4,3.1537188010012964,0,0,0
65.87,13,2084,4,3.75612674149256,0,0,0
76.71,14,379,2,15.562817130284028,1,0,0
14.95,15,2775,3,18.66788767740333,0,0,0
27.37,14,2584,8,2.3188946573292615,0,0,0
50.15,14,550,4,3.2819915912448154,0,0,0
53.28,17,318,3,16.330896706509144,0,0,0
179.2,13,2311,5,2.2892466583720137,0,0,0
96.29,18,1672,1,24.248275776473545,0,0,0
70.5,9,2478,3,2.2224225904116333,0,1,0
23.46,12,1545,3,7.342014172312098,0,0,0
127.26,11,229,1,0.8426688750737945,0,1,0
91.05,10,39,2,10.292986420607596,0,0,0
68.5,17,100,6,9.334344270037517,0,0,0
29.2,9,2767,1,9.828246223597446,0,0,0
131.47,10,1648,1,5.713531251419356,0,1,0
137.7,12,1404,2,7.0307525836243965,0,0,0
10.14,15,54,4,1.6696226171892476,0,0,0
159.83,15,2990,3,0.30390829291863053,0,1,0
142.8,18,608,5,8.251777478064316,0,0,0
34.83,14,245,1,15.910664167251266,0,0,0
61.03,11,353,5,14.971955177421444,0,0,0
15.56,16,2117,1,3.4737162849856746,0,1,0
38.47,12,787,3,6.837101098344551,0,1,0
103.81,12,2208,6,11.313879185061907,0,0,0
70.09,17,2921,2,10.29977255616435,0,1,0
621.04,4,294,11,74.96223324012573,0,1,1
56.68,16,2882,3,0.05553665801418095,1,1,0
131.59,16,247,2,19.995687465811216,0,0,0
23.8,11,1430,7,8.078344081615306,0,1,0
107.7,16,593,3,7.010868244833259,0,1,0
48.41,15,2229,6,9.107280810074455,0,1,0
55.83,11,1603,3,3.822311667943408,0,0,0
42.14,9,1083,1,5.546810870030104,0,1,0
85.98,13,552,1,2.6838167746715254,0,1,0
29.45,15,2555,1,24.81239304496301,0,0,0
84.07,9,1410,2,6.197471253413093,0,0,0
29.81,23,1902,2,12.716658658598213,0,0,0
113.47,14,1438,7,29.215924206531454,0,0,0
65.06,17,589,4,16.19480636795584,0,0,0
13.36,12,2434,5,2.436664248641386,0,0,0
47.99,12,2766,2,9.359472303425616,0,0,0
78.48,11,1972,5,3.3779830230379817,0,0,0
106.24,15,1620,1,1.5128402684452347,0,1,0
27.51,9,43,3,1.0783625201613782,0,1,0
177.62,13,1701,3,6.58942379257931,0,1,0
71.65,12,1173,6,0.4785559294256787,0,1,0
72.01,7,2910,3,5.020682938532135,0,1,0
72.12,13,2321,3,8.696748798093019,0,1,0
28.78,19,1470,5,0.6523597636794616,0,1,0
25.46,11,474,4,12.032916203791274,0,1,0
25.8,11,1284,4,11.776150039131245,0,0,0
162.82,23,1158,2,5.200030809397127,0,0,0
70.71,14,2938,2,0.35703279188987214,0,0,0
282.93,12,326,6,1.0845539044440473,1,0,0
59.61,9,1442,0,4.3787916671924,0,1,0
85.69,13,2312,4,4.521408839272912,0,0,0
70.42,13,2964,4,0.2146700976607816,0,1,0
161.53,5,2054,1,12.481466316167797,0,1,0
15.98,18,1157,3,0.9616673129193698,0,0,0
164.98,9,2808,1,4.094083164779816,0,1,0
8.06,13,1656,2,0.3336449010641731,0,1,0
68.27,12,31,2,8.145911123297669,0,0,0
53.89,14,1179,3,5.6813624938525455,0,0,0
132.33,10,2113,3,4.256248751265657,0,0,0
142.75,1,1631,3,18.252896932176633,0,1,0
263.95,11,1732,2,10.182373957069927,0,1,0
63.9,16,1778,4,1.338202750103763,0,1,0
47.16,11,1689,3,2.9755720142192614,0,1,0
94.91,9,160,3,7.781947279556387,0,1,0
115.88,16,2594,3,21.15128025154062,0,0,0
59.78,13,529,4,1.4001600084828398,0,0,0
81.43,9,1861,3,10.194179808367434,0,0,0
4.75,13,1653,1,2.5585504522821036,0,0,0
42.49,15,1029,2,2.5042537542009136,0,0,0
56.11,14,1512,5,5.148832240570714,0,0,0
159.31,11,2128,3,7.875875034985141,0,1,0
35.93,11,86,3,0.3781983057176941,0,1,0
84.86,3,130,3,3.516011437986535,0,0,0
23.06,15,780,3,5.561774462521765,0,1,0
126.41,13,2822,3,6.895791256135153,0,1,0
30.96,13,2346,2,3.580263973835639,0,0,0
133.17,3,259,13,488.5223574422977,1,0,1
45.65,8,386,4,10.053839585076389,0,0,0
75.04,6,417,4,1.1282098011556334,0,0,0
119.35,16,2724,3,11.605319924659534,0,0,0
72.16,13,1158,4,16.201121917740707,0,0,0
134.28,16,2428,1,4.974256942227635,0,0,0
10.61,17,2307,3,21.209402770609255,0,0,0
69.56,16,1064,2,8.465222419341634,0,0,0
29.8,7,1378,3,1.2463753152770956,1,0,0
98.1,17,516,2,7.869200201620048,0,1,0
74.19,10,349,1,6.058295510067994,0,1,0
24.13,12,1335,2,7.880870137739576,1,1,0
151.14,14,745,2,3.4762898622292377,0,1,0
27.2,18,2574,6,8.874975695665949,0,1,0
16.86,9,2801,2,0.7624901586688342,0,1,0
46.38,16,2211,3,7.431995661457909,0,0,0
42.16,14,328,5,5.500143807299254,0,1,0
89.3,19,565,9,1.9671181238220212,0,1,0
90.57,15,506,3,5.012333584245271,0,0,0
17.03,9,1331,3,0.7869483591732438,0,1,0
160.82,8,634,5,3.0740788835058854,0,0,0
16.41,6,2458,2,6.230790208381427,0,1,0
62.71,15,279,4,13.620765760181634,0,1,0
80.68,9,1090,0,3.1752721824588255,0,0,0
135.76,3,535,1,7.886084122538966,0,1,0
68.94,11,467,1,10.736637609335514,0,1,0
25.33,8,2349,3,3.9206470820864308,0,0,0
155.82,9,1871,3,0.43509885028867945,1,0,0
78.26,15,2847,5,16.52172825265294,1,0,0
75.64,14,1276,3,12.453181037096769,0,1,0
14.89,17,2431,3,10.95875859820905,0,0,0
3.25,11,2269,4,28.07647045525014,0,1,0
93.89,8,2140,3,11.1051975687338,0,1,0
119.73,10,2545,3,8.48919298511061,1,0,0
22.0,17,1310,3,6.598987065238728,1,0,0
91.28,11,2511,5,5.477470838911065,0,0,0
31.41,14,1526,2,1.329576334184671,0,1,0
74.39,10,1789,1,10.577668968663176,0,0,0
107.52,10,411,4,1.4054818175393087,0,0,0
74.4,19,312,4,5.745988229596884,0,1,0
44.17,9,2381,4,12.173444945760814,0,0,0
59.94,10,2526,1,3.3207818547772145,0,0,0
57.67,14,1094,2,2.9295012983203508,0,0,0
36.76,15,2598,1,1.4636858657279315,0,0,0
84.54,10,326,5,8.953452178943873,0,0,0
286.33,16,1869,3,9.13963388312148,0,1,0
49.45,12,1523,1,0.6351899961264396,0,0,0
35.24,16,231,4,3.4395737235804327,0,1,0
12.25,11,2343,4,5.20076445875727,0,1,0
78.59,17,1570,1,5.4629637412966,0,1,0
44.03,11,557,1,4.303820335964498,0,0,0
186.99,12,2437,5,11.592915408129365,0,1,0
119.61,18,2385,2,0.37602125470483116,0,0,0
16.6,17,1497,5,7.879747572667448,0,1,0
62.95,10,2714,4,7.6887485048828434,0,0,0
42.96,14,2560,3,18.252324544813973,0,1,0
97.28,22,2182,3,3.8693251038941945,0,0,0
35.99,17,2042,5,3.35858336383164,0,1,0
107.7,21,2667,3,2.3267998881657994,0,1,0
44.98,21,2619,4,18.24723122257732,0,0,0
149.87,15,1026,4,1.4808650509255106,0,1,0
114.72,22,418,4,13.1513245936492,0,0,0
150.1,12,176,1,9.714804762048466,0,1,0
65.01,19,1056,4,10.600050947381702,1,1,0
122.38,9,627,1,10.441323353145677,0,0,0
63.15,12,2374,4,5.654566705056452,0,0,0
50.73,18,2119,2,2.332526764994941,0,1,0
98.66,16,433,5,14.002602586969731,0,1,0
25.68,10,2584,3,9.875498433992533,0,1,0
71.86,23,1515,2,19.63230845960478,0,0,0
132.06,14,1945,0,11.937933422226301,0,0,0
49.94,18,1257,6,9.910845712253433,0,1,0
34.44,19,47,4,11.792754611282145,0,1,0
28.31,11,572,4,3.3941884442896315,0,0,0
109.66,11,2254,4,11.57725612505794,0,1,0
23.7,11,1830,3,18.217574817315175,0,0,0
28.01,5,2901,6,6.202339261587252,0,1,0
64.69,14,2941,2,2.13400631552342,0,0,0
206.47,12,2373,2,8.38336989155615,0,1,0
41.52,9,691,3,1.4423609462866143,0,1,0
97.06,12,137,3,3.8110719071137655,0,0,0
115.59,16,1702,2,3.077571117897798,0,0,0
33.46,12,849,4,17.105142621736178,0,1,0
30.37,10,2780,5,7.695281699974467,0,0,0
134.5,10,2394,3,0.021668370155530248,0,0,0
101.54,14,1084,3,20.14348451577456,0,1,0
64.37,13,1197,5,5.122577317258133,0,0,0
51.98,5,2515,6,2.8047508087417397,0,0,0
159.29,9,774,4,1.6249017349262118,0,0,0
96.31,17,1018,3,6.2486623128836385,0,0,0
33.03,18,2782,4,4.185576859957716,0,1,0
47.52,15,1029,1,2.2612461095832748,0,0,0
25.96,12,2107,3,8.137756535087952,0,0,0
144.5,12,1794,2,9.787440129369429,0,1,0
17.44,15,1198,3,12.995885626465476,0,0,0
20.32,11,1560,3,1.7755157948521925,0,1,0
26.54,15,2484,4,6.657019996339911,0,1,0
27.34,23,2599,2,13.394087710920479,0,0,0
31.9,18,1983,3,7.442365283002204,1,0,0
36.31,17,1628,5,3.092669053983694,0,1,0
14.06,21,1627,5,12.810875736922762,0,0,0
65.8,18,985,9,4.346039074812684,0,1,0
86.97,8,1885,3,0.6031938048161916,0,0,0
73.8,13,584,4,5.191774910675002,0,0,0
261.05,18,1061,3,13.831418310386322,0,1,0
11.87,9,2758,1,9.436495502345995,0,0,0
164.69,14,598,3,5.078301050907903,0,0,0
20.07,12,740,3,4.922041954416741,0,0,0
47.45,14,173,4,4.7984220081474085,1,0,0
126.67,23,2193,1,0.271644010053846,0,0,0
299.74,17,2434,4,18.33370354325525,0,0,0
9.7,8,436,5,10.56298790564017,0,1,0
113.63,11,2090,4,3.5305689128160402,0,0,0
335.55,9,387,0,17.891158299744056,0,0,0
35.78,21,1002,5,13.43565998138427,0,1,0
9.35,5,2117,2,11.079457387246276,0,0,0
39.26,12,2983,3,8.536144436586994,0,1,0
197.98,10,1585,5,2.2276525530517874,0,0,0
70.89,13,2417,1,12.69936586632818,0,0,0
36.19,8,778,2,14.245496882951127,0,0,0
19.75,11,2707,3,11.492613134836208,0,1,0
113.52,13,33,2,6.757555946907395,0,0,0
38.01,13,121,4,4.248818064146885,0,0,0
96.5,19,1223,1,14.449893493552887,0,0,0
43.0,22,2995,2,19.236702613506566,0,1,0
27.26,8,1141,2,15.772967547171119,0,0,0
126.29,9,2379,1,7.651748463659348,0,0,0
186.04,14,1307,1,6.788545993003781,0,1,0
32.29,23,1794,2,12.220789376182665,0,0,0
105.14,17,316,2,2.7096694446175382,0,1,0
24.84,11,2955,3,12.875948077727406,0,1,0
31.23,12,1645,4,4.504559146770989,0,0,0
144.37,11,1523,3,14.736532783826215,0,0,0
86.59,8,2563,5,1.923330545458425,0,0,0
159.05,2,375,16,492.91787973706516,0,1,1
86.36,13,2731,1,6.787013004301122,0,0,0
14.33,15,2181,1,3.974225066215875,0,1,0
63.55,16,2326,2,10.141544181827447,0,0,0
11.27,8,1645,0,1.522455716393277,0,0,0
120.76,13,2758,2,3.972829517791194,0,0,0
44.06,20,2996,3,9.938032462127964,0,1,0
51.76,10,637,6,4.120538504407234,1,1,0
89.62,12,2436,3,1.3773162500773006,0,1,0
101.09,13,2756,2,11.204471749386908,0,0,0
67.39,17,944,1,1.7449484825488457,0,1,0
31.13,22,222,1,1.8418658490245194,1,0,0
175.47,11,515,2,10.17460657691669,0,0,0
153.64,17,2455,6,17.496739094156595,0,1,0
58.46,18,2954,2,5.139237867149438,0,1,0
37.37,8,2582,3,9.936220855368493,0,0,0
22.59,11,1668,6,13.28263356514633,0,0,0
101.28,13,385,3,0.9172777545849602,0,0,0
61.73,19,1331,0,26.449606363304902,0,1,0
41.71,11,2280,1,8.146579801328443,0,0,0
509.17,2,231,9,475.81597849549763,1,0,1
163.61,23,384,1,8.551618798222552,0,1,0
65.52,7,629,0,3.2915659171344465,0,0,0
27.2,14,920,1,6.679184055949197,0,0,0
28.4,11,2475,5,5.948933842517661,0,1,0
32.08,17,697,4,2.171221547840875,0,1,0
97.0,8,990,5,3.3047687060546878,0,0,0
163.9,12,1588,3,13.092123001047973,0,0,0
164.42,14,616,4,5.79662588264841,0,1,0
120.95,9,1888,0,1.655934128590168,0,0,0
156.24,16,2675,2,7.7371228087429795,0,1,0
67.19,7,1766,0,7.7506798644117545,0,1,0
52.03,9,1314,1,10.635858735455056,0,0,0
109.03,14,2594,5,3.907543769936421,0,1,0
264.44,19,2800,3,11.585002393995708,0,0,0
72.67,13,362,2,12.088532016046443,0,0,0
17.28,9,1757,4,0.5887351790672151,0,0,0
96.58,19,259,1,3.560699776770921,0,0,0
53.66,16,50,2,11.474827661959088,0,1,0
148.93,18,309,0,9.426175649881174,0,0,0
36.67,9,518,4,8.85960734504541,0,1,0
87.19,10,65,2,4.468627124493012,0,0,0
27.98,17,1901,2,1.6974715865110306,0,0,0
134.57,16,2894,3,5.654264981120352,0,1,0
97.55,6,1295,4,12.538722521291394,0,1,0
209.84,14,2583,2,1.9661563688210917,0,1,0
61.76,21,908,5,3.565879242793369,0,0,0
37.38,15,1117,3,3.2540157932345637,0,1,0
208.94,2,238,12,756.9257696086293,1,1,1
55.09,7,1955,1,3.289151262711215,0,1,0
52.28,14,1650,8,12.629204444326529,0,0,0
52.08,18,439,3,4.433029264797041,0,0,0
139.27,2,53,11,114.14477011428721,1,1,1
94.2,12,852,4,11.870783659125,0,1,0
72.87,16,120,4,22.06595785432013,0,0,0
43.74,14,882,3,4.868342604465452,0,1,0
133.53,21,2663,4,11.43414131807375,0,0,0
129.17,17,1868,4,13.293257124274692,0,1,0
148.92,6,2966,5,6.140379946772866,0,1,0
44.69,10,2919,5,12.813562209313007,0,0,0
65.75,19,1265,2,7.9248545243531705,0,0,0
71.39,16,356,4,11.296165261432431,0,1,0
25.35,5,1140,5,8.332192841356104,0,0,0
217.05,15,2804,2,1.7437792241942343,0,0,0
80.37,14,1348,2,16.452767532606643,0,0,0
102.96,12,43,3,8.945981409750042,0,0,0
49.66,14,2830,3,10.266600086563495,0,0,0
168.39,12,350,1,14.865627530985952,0,0,0
50.57,16,1050,5,7.8919076055021105,0,0,0
63.44,13,49,2,11.53334854015812,0,0,0
114.85,13,1129,2,5.557671366756719,0,0,0
86.58,14,2850,4,7.153019590851985,0,1,0
156.89,15,956,1,4.6102115511042205,0,0,0
26.09,11,1444,7,11.173120413823831,0,1,0
23.05,13,390,4,6.137055819933964,0,1,0
76.67,6,1761,2,13.499899131480323,0,0,0
59.96,20,1690,6,2.6345142531596726,0,1,0
35.96,17,1130,3,29.57286774068609,0,0,0
107.36,9,310,4,2.752550810700785,1,0,0
40.68,12,1425,5,5.958180109535784,0,0,0
28.77,16,2615,4,4.586971173077272,0,0,0
116.21,18,1540,3,2.4129912080937452,0,0,0
26.0,9,2936,2,7.905202572779123,1,0,0
88.22,7,2288,5,7.42571628114497,0,1,0
96.96,14,1086,5,6.640411918842373,0,0,0
86.36,8,1047,6,10.194979882533591,0,0,0
55.36,17,191,1,8.422461745791024,0,0,0
34.31,14,2073,6,3.2886666360545407,0,0,0
62.49,9,1623,3,8.249446882445142,1,0,0
16.29,19,2949,5,4.931769596686944,0,0,0
31.69,13,1861,2,3.311720635715794,1,0,0
37.3,9,1031,3,3.343300990493262,0,1,0
108.81,15,2516,1,7.641061402696684,0,1,0
50.2,22,331,1,6.365446811338403,0,1,0
165.78,6,1276,3,8.897891369650537,0,1,0
69.17,18,1988,3,10.342748276954742,0,1,0
69.53,16,280,2,23.994909651545385,0,0,0
41.99,6,2096,5,8.386520826168677,0,0,0
94.79,13,513,3,8.24882724704373,0,0,0
63.07,14,1537,5,6.831317915322717,0,1,0
76.46,14,1316,2,8.963672970229304,0,0,0
79.69,10,452,4,7.285684345187682,0,1,0
16.94,12,714,6,24.241012102104143,0,0,0
33.7,8,354,2,5.035780879795705,0,0,0
188.83,5,114,12,743.2806859863799,0,1,1
98.97,19,217,7,4.060244812848823,0,1,0
11.08,9,1145,3,3.753720660880299,0,0,0
63.98,10,2416,6,11.71812701949204,0,0,0
37.7,1,2661,0,0.5908754016225775,1,1,0
132.46,6,1334,3,4.12633070745863,0,0,0
75.02,11,1344,3,1.8138345495709505,1,1,0
34.08,9,2836,4,16.088019954362572,0,0,0
33.09,11,1006,5,18.22240825548917,0,0,0
73.16,21,2076,5,4.81303548753098,0,0,0
17.05,11,99,2,0.2487251808639659,0,0,0
124.0,9,1957,3,11.434468211121924,0,1,0
54.26,16,1766,2,1.2027340219288494,0,0,0
86.84,6,79,2,2.991149711501514,0,0,0
123.1,14,206,4,17.078458722295267,0,1,0
22.0,18,156,2,1.2255053973557581,0,1,0
103.59,11,1321,2,10.157486590397504,0,1,0
67.92,16,2526,3,7.309300774855831,0,0,0
151.16,10,784,3,6.048760872625216,0,1,0
75.31,13,1616,6,14.861957807998953,0,0,0
97.98,8,2338,3,22.76861156487497,0,1,0
98.14,20,324,2,0.11118640765011278,0,1,0
77.77,21,620,4,24.848313965258072,1,0,0
56.59,13,1881,6,5.830792589511583,0,0,0
146.86,12,2938,3,9.140592090631785,0,0,0
82.15,12,309,3,1.9418552871565038,0,0,0
77.44,9,2187,2,8.672164918825366,0,0,0
217.23,22,2544,2,9.221254480812057,0,1,0
170.63,12,463,3,0.9905111525243449,0,0,0
13.68,16,98,3,19.60129682535787,0,0,0
127.75,8,363,3,13.559516129385804,0,0,0
88.89,21,808,1,15.338263752944856,0,0,0
17.76,16,1969,1,4.264694882157178,0,1,0
27.83,13,1089,5,12.638985645515351,0,0,0
28.51,11,1068,3,6.533417828697435,0,1,0
136.18,16,2750,3,2.3521885255826387,1,0,0
35.9,12,2133,4,2.2681398600845877,0,0,0
136.23,15,1167,1,1.6484895509412092,0,0,0
85.64,14,1148,3,3.193809409243671,0,1,0
26.28,14,1668,2,16.189112129096006,0,1,0
23.84,17,2491,2,10.738871178408415,0,0,0
129.41,11,1463,3,14.160341104822116,0,0,0
104.44,13,1168,3,5.43341762339846,0,0,0
228.55,9,1155,2,1.1737517304433092,0,0,0
35.97,14,253,2,5.827454050013326,0,0,0
205.37,11,1501,2,9.363149255289255,0,0,0
22.98,15,1089,4,6.078015947584159,0,0,0
59.1,14,1484,8,9.7558641437003,0,1,0
108.76,7,2717,2,3.787876637567015,0,0,0
234.28,11,2419,0,3.755809141079043,0,1,0
87.88,10,2291,3,1.9170323617948646,0,0,0
149.0,17,2882,2,4.386415307620109,0,1,0
43.23,18,811,5,9.355907207292537,0,1,0
65.0,19,755,3,4.474741344804317,0,1,0
119.94,17,2416,5,16.95696295830286,0,0,0
97.4,17,226,1,14.247458539449623,0,0,0
57.69,13,699,1,3.7282132747028163,0,1,0
133.35,9,985,1,4.392991342119796,0,0,0
57.19,11,2519,2,13.101711676913158,0,0,0
73.35,15,1841,2,9.746881240378228,0,0,0
116.06,10,531,5,7.45827590762222,0,1,0
56.16,14,1621,5,0.7960084533280218,0,1,0
75.28,19,1180,4,12.934265977674146,0,1,0
37.87,17,598,4,8.359914734677407,0,0,0
39.67,16,1331,6,14.610345168486434,1,1,0
195.98,20,2846,2,3.3720126769419076,0,1,0
41.49,16,2394,5,7.837836625387029,0,0,0
195.74,18,2690,3,24.416642827313378,0,1,0
157.2,13,2895,3,5.839311543698274,0,0,0
103.67,11,1140,3,10.67821388398918,0,0,0
135.7,5,1398,2,5.415854044644535,0,0,0
99.99,11,147,0,6.982586546655262,0,1,0
108.55,18,749,3,5.050171933418112,0,0,0
39.85,11,2978,3,6.822140033631019,0,0,0
108.18,15,2299,3,2.1955272007287556,0,0,0
143.96,14,1664,1,6.435200753443347,0,1,0
45.67,17,2626,5,5.07709415219283,0,0,0
115.84,18,69,1,13.501809707936772,0,1,0
16.89,14,1737,2,0.5807576829598835,0,0,0
44.75,14,656,5,8.714747124277494,0,0,0
20.59,16,1597,5,4.728800264410319,0,1,0
23.01,14,357,2,13.399832403397664,0,0,0
66.94,17,909,1,30.342667809339925,0,1,0
25.72,17,2976,1,21.134576254816217,0,1,0
18.64,15,1386,2,3.0906834290341028,0,1,0
18.29,19,892,3,8.70807767738749,0,0,0
57.35,8,1626,5,12.779378022730521,0,0,0
20.96,6,805,3,10.468530333783109,0,1,0
15.53,13,432,4,5.948068909614448,0,1,0
48.32,16,1446,2,20.110771893095773,0,0,0
28.0,14,688,2,13.55418537704564,0,0,0
117.96,11,2176,3,9.629463461477886,0,1,0
87.23,13,2642,3,1.0844599635944983,0,0,0
63.41,14,1633,4,2.834964958391029,0,1,0
27.99,6,2378,2,14.171436380198763,0,0,0
23.34,14,1695,3,5.9548423216049065,1,1,0
48.52,23,163,5,7.478942451173561,0,0,0
41.01,23,2132,4,22.040531086639046,0,0,0
14.59,13,2593,5,6.695536422071832,0,1,0
159.18,7,2026,4,14.375082174958441,0,1,0
100.93,9,1400,2,3.9966294110884144,0,0,0
18.84,17,1697,5,5.407215878338019,0,0,0
17.25,12,1082,3,16.864252466301515,0,1,0
48.39,12,676,3,0.8661287501929174,0,1,0
9.34,14,2806,3,1.8019422154818852,0,0,0
56.0,9,703,5,11.959191395032732,0,0,0
29.01,5,2323,3,1.2192169496005647,0,0,0
56.3,11,1497,5,15.60605244646977,0,0,0
20.5,10,2995,1,4.06225650747538,0,0,0
78.03,13,2421,1,6.487527079352386,0,1,0
152.19,13,1151,2,2.389860959879206,0,0,0
82.53,12,1388,2,1.6109525163261589,0,0,0
15.93,22,176,2,2.535913196100764,0,1,0
110.05,8,1988,7,16.597797249678834,0,0,0
82.7,13,1481,4,0.21801942624779258,0,1,0
19.5,15,2335,2,15.828083453092113,0,0,0
65.81,15,34,4,8.65492904386537,0,1,0
85.3,12,331,3,1.6490158423519024,0,0,0
51.28,4,473,2,7.467965645166684,0,0,0
67.92,13,2615,1,1.4127000148345705,1,1,0
40.03,10,1118,2,11.234653681856091,0,0,0
40.94,16,865,1,11.069872547528684,0,1,0
134.76,10,1853,4,2.84795845370166,0,0,0
55.86,11,2306,1,7.468205686069,1,0,0
71.13,21,225,4,0.497005754173256,0,1,0
54.05,17,48,6,0.7351574861496539,0,1,0
26.52,16,432,4,3.185029226045713,0,1,0
129.11,13,698,3,8.90633559968098,0,1,0
15.05,11,1939,3,7.146154501045087,0,1,0
22.95,13,1859,1,6.8158429996247625,0,1,0
24.32,9,2844,1,10.66491551219819,0,0,0
39.99,12,1865,3,0.5844752451019772,0,1,0
87.75,15,820,5,3.9023642989423077,0,1,0
67.01,14,2879,1,6.931966831095279,0,1,0
242.98,14,217,6,0.3841740441111181,0,0,0
16.47,17,2315,3,3.1018440394457887,0,0,0
27.19,13,614,3,15.70901193654023,1,1,0
52.62,14,868,2,8.385895245426562,0,0,0
128.85,17,260,6,7.913504995536533,0,0,0
59.0,18,887,4,6.730897449496219,1,0,0
31.77,6,1728,2,2.517567494856398,0,0,0
86.17,23,987,4,2.325682482571791,0,1,0
94.55,11,854,5,1.1855358792616286,0,1,0
39.8,14,836,2,3.7877503311104856,0,0,0
27.25,11,650,3,2.765647634894414,0,0,0
201.28,12,1035,2,10.772698655877308,0,1,0
144.91,9,2095,4,2.56024656797519,0,0,0
81.64,13,2825,3,0.5525241387080548,0,0,0
69.55,16,127,1,1.2647812255917419,0,1,0
126.04,9,1886,1,6.892421223670091,0,0,0
156.55,7,1067,4,3.9012298219428363,0,1,0
122.3,17,2862,2,2.4118407889266065,0,0,0
17.51,14,2246,0,7.7242551479044215,0,0,0
51.0,16,1256,4,11.056649757479562,0,0,0
33.83,16,2032,3,3.1922894921823115,0,0,0
44.08,14,718,4,0.8354168931364141,0,1,0
82.54,15,788,2,12.403994733561774,0,1,0
19.88,11,2276,0,0.9147300295438763,0,1,0
56.25,16,2065,4,2.317267669798161,0,0,0
31.58,21,2935,0,5.482442631327893,0,0,0
41.0,13,1841,0,6.893297510365086,0,0,0
108.03,9,1584,5,4.293612452159993,0,0,0
18.04,13,2362,4,6.715651111110876,0,0,0
76.22,9,1128,2,1.4293776635901896,0,1,0
68.56,13,1005,2,6.736674181361571,0,1,0
64.96,15,2039,1,6.3442445581673645,0,0,0
11.82,14,1324,3,14.509654138339252,0,0,0
52.6,18,220,5,8.171491750118875,0,0,0
82.19,11,1498,1,7.905966529687703,0,0,0
45.95,19,1754,0,2.756244223461742,0,0,0
114.92,13,817,0,6.897328950153337,0,0,0
95.4,14,2389,4,11.333610047620871,0,0,0
97.77,20,2993,7,2.4205000279086946,1,0,0
81.06,19,2190,2,11.579624313987036,0,1,0
42.24,12,943,2,14.238679383766277,0,0,0
58.4,20,2765,2,4.08671369445866,0,0,0
90.7,13,2511,5,12.278810703482952,0,0,0
30.79,13,1291,3,3.535658150985336,0,1,0
9.46,11,2437,4,13.249585945373623,0,0,0
25.71,12,2374,4,10.331895162517775,0,1,0
115.29,20,1713,3,11.349226831754105,0,0,0
139.47,17,1410,9,11.74645542862158,0,0,0
36.44,20,2420,0,12.030901543874961,0,1,0
10.28,13,531,0,0.7417189598937677,0,1,0
91.39,15,61,2,3.278095059321604,0,1,0
220.82,20,235,7,5.175797782931735,1,1,0
33.14,16,1533,5,15.295408775133431,0,0,0
85.47,13,2129,4,0.05587155390093468,1,0,0
56.36,16,799,4,18.566167527156367,0,1,0
118.68,16,2557,1,6.369938089160277,0,1,0
15.99,20,277,3,1.0245944111225418,0,0,0
15.39,13,1521,3,15.207515751636427,0,0,0
96.61,14,2428,4,6.805364585662282,0,1,0
56.22,9,2840,1,0.2972169140761496,0,1,0
88.39,9,1910,1,3.7145184964258133,0,0,0
73.61,8,2128,1,11.516976034032247,0,0,0
119.38,18,1501,3,0.38247462325903214,0,0,0
66.32,19,413,3,1.169606453834974,0,1,0
91.39,14,2181,7,15.263527705085789,0,1,0
32.1,13,2244,7,6.915050055399474,0,0,0
64.08,12,2929,7,7.230714651826474,0,0,0
19.76,16,856,3,1.2535835132586186,1,0,0
173.28,14,519,0,11.116516653641003,0,0,0
121.23,4,1176,3,5.542500823278939,1,0,0
36.32,10,1828,6,14.959729874088982,1,0,0
24.06,11,1583,2,4.655548261556508,0,1,0
52.2,14,1646,1,14.940335631034909,0,1,0
37.47,17,2572,2,11.996328523163562,0,1,0
130.24,17,820,1,21.352933729850506,0,0,0
76.46,12,755,3,10.21845951081068,0,1,0
71.93,8,2641,4,6.903515699113753,0,0,0
258.1,6,2047,3,7.452478129233857,1,0,0
43.64,22,2870,4,3.852495423234256,0,0,0
48.29,17,1882,3,5.499422521606608,0,0,0
57.64,23,462,0,5.7776096718886585,0,0,0
63.8,11,130,4,2.7674875864678423,0,0,0
185.09,9,1337,4,12.162179850647176,0,1,0
19.94,11,1425,2,8.186416408750976,0,1,0
137.84,18,2397,3,6.611936783963573,0,0,0
131.1,10,2502,1,1.841010303534416,0,0,0
71.16,18,391,1,20.943551568342556,0,1,0
72.39,7,2322,2,1.5390665073479584,0,1,0
57.86,14,41,7,4.6483643091121145,0,1,0
15.86,12,2680,3,6.3337946456713095,0,1,0
76.85,18,379,4,18.59737689497766,0,0,0
69.3,18,809,4,2.752113044410467,0,1,0
127.01,12,1530,1,6.534423074728556,0,1,0
28.28,17,1836,3,16.94468106928607,0,1,0
230.28,16,2889,5,1.484663788605351,0,0,0
64.02,19,279,2,6.083760546621303,0,0,0
108.81,9,1506,3,11.827963738130592,0,1,0
67.78,10,1672,4,0.9623277270132844,0,0,0
191.35,14,1272,2,16.84033047915459,0,0,0
73.55,8,2560,2,0.3138458100657875,0,1,0
95.09,13,1544,4,13.893225808171247,0,0,0
113.21,12,167,3,11.630793259914833,0,0,0
13.96,19,1544,2,9.401877069810036,0,1,0
114.04,17,2151,2,1.4894414535188458,0,1,0
105.89,16,2720,6,14.472342204645681,0,0,0
80.03,8,2957,1,1.7755590850479641,0,1,0
74.06,17,1081,3,8.520004516312348,0,1,0
4.59,14,52,4,5.0201047108655255,0,0,0
25.68,13,2559,4,8.842231701155107,0,0,0
82.71,13,2395,1,16.160763250197782,0,1,0
150.44,18,94,2,7.485807423956645,0,0,0
114.22,20,1644,2,1.133048796059847,0,0,0
155.27,9,2674,5,1.4679392906272515,0,0,0
34.22,16,2386,5,0.2841159908712063,0,0,0
123.61,12,2894,4,7.6591359915795,0,0,0
35.49,14,2389,2,3.3863259095507985,0,1,0
17.95,11,1044,2,9.673616862146698,0,1,0
53.41,12,1886,1,10.561612894225837,0,0,0
37.8,11,1576,3,7.941264257028375,0,1,0
146.6,7,2825,1,3.034070912081442,1,0,0
49.47,12,1549,3,9.13347936615032,0,0,0
101.13,10,1561,1,8.556717443679199,1,0,0
22.47,19,1343,0,19.017550645593793,0,0,0
102.99,17,484,3,1.3180508908375557,1,0,0
5.29,21,62,1,14.100348466476845,0,1,0
121.3,14,363,3,10.822076430051506,0,0,0
26.67,3,1338,3,7.961059818140681,1,1,0
62.99,15,940,2,2.3890903380714725,0,0,0
97.85,18,1942,3,14.693476440710658,0,1,0
91.36,16,2400,6,11.111075438500812,0,0,0
146.07,6,2261,3,0.6007117988523678,0,0,0
130.15,15,2849,6,11.216152238445193,0,0,0
85.25,10,1553,1,4.383366829094463,0,1,0
82.63,12,1220,0,9.178424455301803,0,0,0
104.69,17,954,1,0.4525171071985703,0,1,0
87.17,5,2401,4,0.8962440268974232,0,0,0
24.02,20,2343,3,5.8322091379276095,0,0,0
154.24,18,2455,1,15.90248747734327,0,0,0
40.84,17,2085,1,2.0409087049762937,0,0,0
109.64,15,2588,2,5.3664528869941215,0,0,0
34.5,16,200,1,2.3817151712076736,0,0,0
40.47,11,960,4,15.582987261123215,0,0,0
101.26,16,860,2,4.105269555045355,0,0,0
71.58,11,248,7,5.584081822344865,0,0,0
100.72,10,768,2,12.368652235589892,0,1,0
84.46,14,2759,2,13.224824246417615,0,0,0
59.2,11,652,3,7.264547310884469,0,0,0
18.86,11,2302,2,15.897133166781584,0,1,0
94.51,12,1243,3,0.21641139205445814,0,0,0
51.62,16,170,5,1.878757017109689,0,1,0
76.8,17,1182,6,7.827672048380489,0,0,0
86.87,15,1887,5,2.2496152457223433,0,1,0
81.45,20,875,2,6.171495963907276,0,0,0
149.3,9,1759,5,1.7942344383683433,0,0,0
107.48,16,954,4,4.481178364642485,0,0,0
85.38,19,2814,7,3.6555150876147375,0,0,0
25.11,15,2932,1,9.74619284853178,0,0,0
20.55,18,1936,3,3.6419595773407796,0,1,0
52.31,16,1618,3,17.61558041354167,0,1,0
238.16,18,1758,5,4.943306109971407,0,0,0
67.3,16,173,3,1.5007013286691313,0,1,0
44.3,16,1681,3,1.6292373380049172,0,0,0
70.39,11,652,2,1.7021802286400831,0,1,0
39.86,12,1880,4,3.7972929693923114,0,1,0
25.1,18,1262,3,12.349352554386414,0,0,0
54.08,12,2390,2,16.63799710625156,0,0,0
29.52,13,1239,3,6.317722033590254,0,0,0
78.49,11,1496,3,1.90951283199135,0,0,0
48.08,11,2636,5,4.484728839842939,0,1,0
62.35,13,944,4,8.583812555539915,0,1,0
29.36,9,2446,1,5.5200921364318045,0,0,0
59.68,23,1465,2,1.884677930587607,0,0,0
35.48,9,1200,5,3.362285029433232,0,0,0
126.05,14,2407,2,2.0811440038860565,0,0,0
8.27,12,307,3,0.765959194957607,0,1,0
55.33,7,2004,5,13.865101085368526,0,0,0
109.15,15,2063,1,2.52378940184569,0,1,0
10.33,17,192,4,11.995709624252711,0,1,0
108.5,13,1814,3,23.203502168392916,0,0,0
19.52,2,735,0,3.6738091119374605,0,0,0
26.52,9,964,1,4.670097815777746,0,1,0
144.65,15,2913,3,0.8009423885144216,0,0,0
30.88,8,208,3,10.429359872850377,0,0,0
19.97,18,1256,3,12.145936037122492,0,0,0
146.47,13,894,4,7.333514540618248,1,0,0
18.76,15,2635,0,6.2508784692795665,0,1,0
14.26,13,1490,5,10.67748137303549,0,1,0
153.94,14,2112,3,5.972175723045663,0,0,0
142.16,9,1480,6,2.9901448836668125,0,0,0
88.17,22,1296,2,4.614992751880903,0,0,0
64.91,18,1962,4,0.3913267876301427,0,0,0
26.95,14,2374,0,12.739521111577808,0,1,0
30.99,4,2466,3,5.742306385255775,0,1,0
268.77,20,1242,4,3.110758906245681,0,1,0
132.43,18,2503,2,3.5477424412818497,0,1,0
116.72,11,2523,6,3.1694629320279404,0,0,0
14.63,6,2530,2,5.883105197032863,0,1,0
39.32,11,2810,4,7.044883374334619,1,1,0
70.32,7,710,5,0.3644914943130404,0,0,0
157.99,10,2355,3,8.330446036531749,0,1,0
44.7,17,488,3,2.2233704481681666,0,0,0
98.24,20,296,1,5.774569638687209,0,0,0
27.35,14,2331,3,17.644225886351357,0,0,0
8.64,12,1107,1,1.796365475862014,0,1,0
116.59,15,2688,2,9.535070666062772,0,0,0
93.39,15,2835,2,3.2970712847695585,0,1,0
51.93,7,1127,3,12.738637022959825,0,0,0
7.71,15,1013,2,3.3845288914260836,1,0,0
23.63,19,2358,1,7.713198467952296,0,0,0
82.33,14,1690,1,4.621040548785482,0,1,0
39.95,17,112,3,6.680557468928422,0,0,0
42.74,21,1225,1,8.561946195447607,0,0,0
111.99,16,2571,1,6.084181094428452,0,0,0
10.85,22,175,1,2.005760765609346,0,0,0
159.3,14,189,4,3.3044543061898466,0,1,0
58.02,13,888,1,6.543074062718332,0,0,0
49.56,22,584,3,12.99671174493487,0,0,0
69.33,11,2802,8,11.168010828838103,0,0,0
144.76,16,1716,1,7.068500087128809,0,0,0
11.76,15,267,5,10.2183637486938,0,0,0
61.68,15,2830,4,8.057395868014822,0,0,0
162.84,11,2286,5,8.793521341688148,0,1,0
108.81,17,561,3,0.42448213384282774,0,0,0
100.53,10,2958,6,5.580120831585183,0,0,0
36.23,10,930,4,10.672172500533122,0,0,0
75.96,13,1293,8,1.6234757943131513,0,0,0
82.27,17,1515,0,17.692886989886848,0,0,0
33.54,18,404,3,0.7609194793937162,0,0,0
200.08,16,2807,1,4.720549762058981,0,1,0
50.86,8,921,4,1.3118968305901944,0,0,0
96.38,11,2175,4,6.615807419403764,0,0,0
118.07,23,2840,2,12.09489665088328,0,1,0
47.96,11,2719,3,9.07615263352942,0,0,0
311.72,11,2616,2,0.7211707031506327,0,0,0
121.86,16,841,4,7.308555337872488,0,0,0
187.05,16,700,9,2.243065860951183,0,0,0
13.32,15,1687,3,11.908593150881071,0,0,0
122.45,10,2894,3,0.825387324303124,0,0,0
68.48,7,1438,2,1.6341329960787476,0,0,0
37.84,16,350,5,8.686650526839685,0,0,0
110.63,11,349,4,3.1553625122488307,0,1,0
69.31,17,898,2,1.6594705119685789,0,0,0
93.37,17,899,3,10.942224836738468,0,0,0
29.93,19,68,2,3.718808639857068,0,0,0
100.88,9,1832,4,7.319293641540298,0,1,0
43.74,13,1082,1,14.772945354246032,0,0,0
187.15,15,188,3,3.0577653355729852,0,0,0
146.64,15,2402,2,15.207112768292173,0,0,0
296.5,2,377,8,23.38049733176632,1,1,1
13.47,11,1574,1,3.3624014162604503,0,0,0
89.12,16,1116,1,5.357525686718487,0,0,0
79.32,5,1927,1,1.3063060628253735,0,0,0
14.89,17,68,1,3.2337473274027175,0,0,0
52.43,17,205,4,4.20726028254723,0,0,0
88.35,9,1154,5,1.0944790184599862,0,0,0
45.96,11,2227,1,8.150883262351753,0,1,0
181.34,12,1553,1,6.697282683494102,0,0,0
42.84,19,1244,5,2.6113157859125025,0,0,0
75.86,11,2156,5,5.0638889297502985,0,0,0
48.61,13,1684,3,4.696757817053799,0,1,0
8.42,17,1020,4,6.751566935635057,0,1,0
76.92,15,711,5,4.092977857946875,0,1,0
108.71,15,1649,2,1.8344539657026346,0,0,0
151.81,14,1313,0,3.645986029375799,0,0,0
17.5,12,2468,1,8.96873390254252,0,0,0
149.03,14,2176,3,8.569631151009862,0,1,0
199.69,10,1207,6,3.1284706858255387,0,0,0
109.23,20,230,1,10.559476097802435,0,0,0
96.79,11,1241,4,2.030583374513125,0,1,0
37.47,20,506,5,0.32425094762140283,0,1,0
76.52,17,497,1,6.340342531205106,0,0,0
137.88,13,158,6,10.267686451433445,0,0,0
77.94,15,1320,2,2.169216569080443,1,0,0
123.33,20,2084,3,0.08539944472913596,0,0,0
163.05,13,244,2,7.763844972504318,0,0,0
142.62,13,574,4,4.534120515468414,0,1,0
105.61,15,1246,2,1.6573667008778123,0,0,0
70.58,10,539,4,4.512994009709752,0,1,0
71.38,12,1843,3,31.319650794151286,0,0,0
49.24,14,2513,5,1.3427874761973486,0,0,0
32.85,18,2318,4,2.2001258303813827,0,0,0
29.3,17,489,5,11.04315894855878,0,0,0
68.6,12,2494,7,11.904160096457439,0,0,0
108.59,9,2534,3,25.231416069069244,0,0,0
50.03,9,1317,5,6.6880685462740015,0,1,0
62.01,16,2084,4,20.37630209140753,0,0,0
95.42,10,2330,4,0.22500787177958337,0,0,0
57.95,8,2844,2,22.6269968010522,0,0,0
117.89,11,2684,1,8.139449664864049,0,1,0
46.4,10,136,4,6.99006551380083,1,1,0
117.89,13,1313,4,6.344378265559252,1,1,0
5.65,17,732,7,3.482732105428866,0,1,0
42.89,15,2832,4,12.452505633308633,0,1,0
33.61,13,2454,3,10.74086037966828,0,0,0
22.76,11,2502,5,6.0278482449774025,0,0,0
124.6,13,2765,1,12.242932555209306,0,0,0
73.01,18,108,1,6.280994804134749,0,1,0
117.87,12,1665,1,0.42072935632088004,0,0,0
26.48,11,513,2,2.8604378134646273,0,0,0
14.88,18,1795,2,6.7838839246100395,0,0,0
22.03,10,1261,2,0.20112741588127125,0,0,0
216.69,23,286,1,10.493162656784413,0,0,0
58.82,12,730,3,2.646930323687098,0,0,0
16.09,15,897,0,4.113617186428144,0,1,0
109.52,8,424,4,9.348267749946919,0,1,0
25.22,15,1299,7,10.2742154803894,0,0,0
68.74,12,1758,2,0.6841858279833426,0,0,0
8.27,16,1068,3,3.461300329514202,0,0,0
81.24,12,1762,3,0.6048607979797174,0,0,0
116.4,18,2212,3,3.007688075219235,0,0,0
49.72,12,642,0,15.92477842570799,0,0,0
32.04,16,86,2,9.39649242265036,0,1,0
62.87,14,2214,3,18.426928524637468,0,0,0
96.02,20,1369,2,0.1520045022278298,1,0,0
93.85,9,424,1,0.7812197238701257,0,0,0
11.44,10,1757,3,7.975940681093544,0,0,0
226.04,2,295,7,663.0871992905957,0,1,1
87.11,7,1955,5,7.3525700363676645,0,0,0
254.78,16,937,1,5.58683458615297,0,1,0
39.81,20,2087,2,13.977708453707471,0,0,0
51.79,13,1009,4,0.5420391114293253,0,1,0
192.19,9,2532,6,2.026440004276105,0,0,0
109.24,13,2904,1,2.741989191884591,0,0,0
59.4,6,1389,0,1.3566702697598245,0,1,0
52.79,11,239,2,0.7583457039493178,0,0,0
36.56,17,585,1,13.166383091210708,0,0,0
49.68,15,1586,2,15.293802382368984,0,0,0
105.38,10,1473,3,5.732895650085839,0,0,0
47.55,12,2192,6,15.17753333213723,0,1,0
15.91,8,2876,3,3.8587409360809186,0,0,0
41.62,20,332,6,6.481973030201715,0,0,0
43.18,15,2913,2,16.392981180071363,0,1,0
33.21,15,1911,1,0.13759700912798767,0,1,0
119.32,6,2058,0,6.4399769571108845,0,0,0
48.06,11,2477,3,4.731069855514431,0,1,0
25.64,18,2116,5,17.758806143161433,0,0,0
15.79,6,1812,4,5.992032197538248,0,1,0
208.1,7,1172,3,1.205224609225784,0,1,0
150.99,10,1594,2,8.217421531966181,0,1,0
20.52,20,2979,1,4.719909015614446,1,1,0
182.84,12,1294,2,5.29096340463235,1,0,0
28.26,17,2768,1,14.35655046004053,1,1,0
29.61,12,2930,2,10.448542600505156,0,1,0
137.41,23,2707,1,15.837948631396676,0,0,0
15.38,21,70,3,10.287031248599275,0,0,0
54.27,18,850,3,6.418434431207901,0,0,0
29.13,20,2918,2,0.7458946089613905,0,1,0
92.64,16,1924,0,2.976166770656357,0,0,0
88.81,16,2701,0,0.6951895592312995,0,0,0
94.69,11,274,2,2.8960283579374186,1,0,0
15.58,18,1020,2,10.57221172471715,0,0,0
83.86,16,2624,4,0.991322171336857,0,0,0
29.63,22,2714,2,4.665710518550204,0,0,0
137.33,19,2685,3,1.0650483956043537,0,1,0
37.4,15,197,4,0.7928340222417098,0,0,0
24.49,6,1334,6,0.5331041174964231,0,0,0
56.38,15,517,4,4.971124889876385,0,1,0
34.01,17,2727,4,2.419098133447782,0,0,0
118.61,9,1227,2,17.453791254850138,0,0,0
12.6,15,925,4,2.2263510532326283,0,1,0
41.32,15,241,2,5.77378716040085,0,1,0
75.15,13,1212,4,3.270515685022211,0,0,0
27.92,7,1162,2,5.6837341163139925,0,1,0
154.06,17,603,5,10.59786529410618,0,0,0
35.74,18,2655,2,12.874464773210597,0,1,0
39.2,18,2096,3,14.79946454750269,0,1,0
152.17,13,480,5,2.606211901079146,0,1,0
102.07,13,953,4,8.390142086588638,0,0,0
74.05,8,2309,1,2.7545862221964725,0,1,0
94.91,14,2099,2,2.6495998741537146,0,0,0
50.37,5,2390,3,14.426104895956858,0,0,0
258.05,15,2806,2,8.50023036298167,0,1,0
53.75,15,1879,1,3.886073603892215,1,0,0
154.57,19,2568,4,4.38136900598052,0,1,0
42.74,17,2471,2,5.057235730509454,0,0,0
111.13,11,701,6,1.4243332332974101,0,1,0
95.13,12,1465,1,7.1714540516915335,0,0,0
157.95,14,2219,3,2.810142730817969,0,0,0
5.72,18,2258,2,8.214745465455827,0,1,0
179.31,17,528,3,5.192175876784804,0,0,0
129.17,14,907,2,11.760703269227406,0,0,0
5.4,11,763,2,4.351069282658169,0,1,0
75.54,10,1957,4,16.243974443479495,0,0,0
46.12,17,2440,2,10.997450258861427,0,1,0
57.6,18,174,2,7.895576627079318,0,0,0
108.13,13,1626,3,0.4714412954603251,0,1,0
165.31,16,841,6,14.013474060112731,0,0,0
151.38,14,312,5,20.23545870384668,0,0,0
69.59,10,2990,3,0.3018454474910257,0,0,0
63.14,14,1297,5,2.1846462712151835,0,0,0
48.88,9,910,4,0.1353430989183977,0,1,0
245.81,16,1120,1,2.5482855969794636,0,1,0
31.63,9,516,7,7.419317083759088,0,1,0
75.76,18,2719,3,8.11182701241109,0,0,0
20.93,13,1888,3,7.0105307086300055,0,0,0
144.23,12,1447,2,20.549587847335985,0,0,0
121.41,19,2312,2,13.660898588763446,0,1,0
71.88,11,1420,3,2.1736041290593793,0,0,0
49.2,2,1164,6,11.070804170081036,1,0,0
122.26,18,1050,4,14.153206254228852,0,1,0
27.16,15,949,5,7.866254972307985,0,0,0
21.56,19,2146,0,4.834268069910303,0,0,0
7.94,10,1984,1,6.207900070325334,0,0,0
123.65,15,651,3,0.07229933563017532,0,0,0
66.95,13,2790,2,3.362955148074486,0,0,0
82.86,15,1535,3,0.09544414833155912,0,0,0
96.9,12,2219,4,6.881645670367151,0,1,0
59.52,11,2036,4,11.763655917703101,0,1,0
92.66,11,2776,3,11.819120799271417,0,0,0
33.23,20,2313,4,2.637768011953315,0,0,0
41.34,18,2635,1,19.281008498072598,0,0,0
89.35,9,2746,3,1.5341370877558056,0,0,0
151.55,15,403,3,15.429032761923715,0,1,0
40.05,10,695,2,9.040378705582867,0,0,0
84.36,13,2157,3,5.680231142071482,0,1,0
102.57,9,664,3,1.0125233042214834,0,1,0
67.05,14,2400,5,6.794362982868382,0,0,0
70.36,15,544,2,0.45317266127036415,0,0,0
68.83,11,152,2,13.660731738654762,0,0,0
117.91,15,812,3,4.709243141788967,0,1,0
132.03,13,1578,4,0.37815145751948886,0,1,0
108.91,11,1336,1,9.61289948112297,0,0,0
125.5,13,1480,1,5.156384458464226,0,0,0
113.66,15,2549,0,12.674761654327142,0,1,0
93.85,10,2034,3,5.911401795897822,0,0,0
33.4,10,1721,3,1.5847343344540015,0,1,0
168.16,12,2652,1,2.0957377392071104,0,0,0
224.84,18,1247,0,7.547633238601996,0,0,0
3.39,23,1574,3,0.48340076607667637,0,0,0
137.62,12,2898,3,10.752318696927945,0,0,0
55.58,13,2732,2,9.139067437612958,0,0,0
99.33,12,1838,1,16.679604146226957,1,0,0
97.21,13,190,5,1.9982949106419667,0,0,0
105.26,16,503,0,12.638619535254808,0,1,0
218.28,11,1623,6,2.1570396278243615,0,1,0
39.83,15,46,3,1.9950346624628206,0,0,0
8.92,15,449,1,19.660409742512876,0,0,0
451.83,2,353,7,826.1801921708523,1,1,1
419.89,0,123,12,93.55262293869839,1,0,1
212.11,13,1670,3,5.20315787148431,0,0,0
3.7,11,2822,3,1.1025582962149434,0,1,0
109.44,11,331,4,5.348785659087816,0,1,0
108.33,16,270,3,3.3722722080530922,0,0,0
11.22,12,2279,4,6.049588810854672,0,0,0
19.98,12,1646,3,7.555367864949323,0,0,0
35.99,14,851,3,15.472156524634062,0,0,0
207.62,17,1136,6,6.777396079995675,0,1,0
87.49,13,2752,2,1.9295139652641344,0,1,0
10.59,11,794,6,4.865837747326106,0,1,0
23.03,14,1163,1,1.5287598638617226,1,0,0
96.27,16,2488,3,10.684781709851707,0,0,0
51.89,15,2001,2,9.69067070604185,0,1,0
101.77,12,2566,5,11.313587786690924,0,0,0
52.9,13,2119,4,0.7965772430732168,0,0,0
29.08,14,2795,6,20.955034546657892,0,1,0
110.69,13,301,3,23.44844455236529,0,1,0
77.97,11,1132,5,3.5149522680059135,0,1,0
17.28,15,1275,4,13.733546302680491,0,0,0
178.02,15,795,3,0.8151139777942911,0,0,0
45.45,17,826,2,2.617009698251456,0,1,0
57.16,12,1048,3,9.204950606185772,0,1,0
85.08,18,1574,7,9.836065710326672,0,0,0
25.0,16,1767,2,3.078057406908683,0,0,0
20.89,10,148,4,8.177295310489097,0,1,0
177.4,16,1081,3,11.988026589848058,0,0,0
76.52,13,1730,2,0.5585223224725704,0,1,0
97.79,16,1058,4,1.1945620047286574,0,0,0
30.17,11,1588,2,11.436800228827604,0,0,0
110.24,10,1658,2,5.154147473601762,0,1,0
46.82,18,1667,7,13.126234055969958,0,0,0
72.1,19,166,4,10.141967656154458,1,0,0
59.86,14,1009,4,2.9070130051539604,1,1,0
244.22,12,122,2,17.578949657429977,0,1,0
28.14,14,1640,3,9.468730370890416,0,1,0
262.94,13,153,2,4.719675963004732,0,0,0
98.5,12,2634,2,2.368660115282126,0,0,0
170.83,12,1566,1,6.460025841685289,0,0,0
36.59,12,2134,3,8.360537862495919,0,1,0
40.68,11,40,3,10.843250415169809,0,0,0
89.09,12,1420,2,21.272053629169157,0,1,0
82.72,16,1805,2,13.394565471553145,0,0,0
87.04,15,2147,1,9.673244318232353,0,0,0
62.24,14,992,3,17.920055092433216,0,1,0
118.48,18,1605,2,3.8075027724599266,1,1,0
59.35,8,683,4,3.1140528261527667,0,0,0
37.44,18,1934,0,12.223640479013817,0,1,0
46.14,18,328,2,18.664351203476233,0,0,0
52.56,19,1219,3,4.152747743083095,0,0,0
89.3,12,2457,0,6.092338526467816,0,1,0
213.78,7,389,3,1.9257340125997864,0,0,0
85.92,19,1328,6,0.5816272074802749,0,0,0
95.0,6,1390,1,0.5158406985229522,0,1,0
63.57,13,952,2,7.958238325948518,0,1,0
25.69,17,1293,3,8.320722740452824,0,0,0
211.38,15,829,6,1.3173054178465886,0,0,0
96.91,10,1446,4,6.518024960812671,0,0,0
129.73,12,2362,3,0.47087540432614006,0,1,0
50.62,13,1878,5,11.496230604331103,0,1,0
80.58,17,696,2,7.86366259829804,0,0,0
104.6,11,2819,1,3.7280424718437493,0,1,0
27.17,15,2340,3,13.617882678746994,0,1,0
31.33,7,686,2,4.158879362214396,0,0,0
372.84,1,319,10,12.83695786003841,0,1,1
42.16,10,85,2,13.869208965344564,0,1,0
41.84,9,740,5,8.818007481411696,0,0,0
62.62,18,501,1,9.804724478579809,0,0,0
109.92,15,1368,2,17.442636952072853,0,1,0
146.14,18,2746,4,3.2478047643536527,0,0,0
100.58,9,347,1,1.7895165792386658,0,0,0
752.06,3,397,9,418.47828900635614,1,0,1
38.19,7,972,2,4.634557827119259,0,0,0
115.2,13,1406,2,0.9302093462468086,0,0,0
113.78,20,443,4,25.196039221560522,0,0,0
1.79,15,2073,1,14.903044330283597,0,1,0
29.81,12,1530,5,16.459085436625347,0,1,0
54.18,15,1053,2,0.9963541702979333,0,0,0
86.1,14,2348,5,6.289905649749966,0,1,0
68.98,13,447,1,15.455273920179737,0,1,0
55.86,13,1872,3,3.4406303088497627,0,0,0
130.8,16,254,1,6.57224270419669,0,0,0
22.04,10,1253,3,8.627178226554758,0,0,0
42.74,11,973,3,3.9617469950118958,1,0,0
78.24,11,1257,3,6.915164862411197,0,0,0
25.72,10,1537,1,8.220991834398959,0,1,0
44.85,16,1253,4,8.904847044504791,0,1,0
42.76,12,1431,2,10.617802999464022,0,0,0
32.01,9,1951,1,12.143342636127228,0,0,0
86.65,16,576,1,7.283917863055676,1,1,0
13.16,10,436,6,12.47437143181191,0,0,0
65.12,10,2085,2,4.441714146254865,0,1,0
97.34,11,489,2,9.071950508143857,0,0,0
120.15,21,2842,4,11.974179530666547,0,0,0
122.85,16,1304,4,5.615894493497024,0,1,0
73.21,16,693,1,11.46190105175953,0,0,0
34.36,19,1219,4,14.209527738620059,0,1,0
107.77,8,2318,4,8.09903960897963,0,1,0
11.66,19,2201,0,3.49906761827436,0,0,0
149.76,17,1370,3,1.5051555348319132,0,1,0
96.41,7,1973,4,0.7564123861440786,0,1,0
102.56,19,1529,1,8.533491290039075,0,1,0
38.66,10,1597,1,3.385458625943115,0,0,0
134.28,18,1997,3,0.3421836442918291,0,0,0
44.19,9,1269,2,4.068736983420249,0,0,0
93.57,11,578,4,15.596944580057313,0,0,0
193.53,15,2803,4,4.841845992908972,0,0,0
89.11,20,1277,4,3.346056874049287,0,0,0
15.79,11,2799,3,9.688206408835605,0,0,0
25.97,18,2885,4,8.312744323688673,0,0,0
136.76,16,1742,4,6.791036967535312,0,1,0
101.91,7,325,4,4.3205274066432,0,1,0
165.45,17,2149,1,8.360651075055467,0,0,0
107.05,18,1487,1,7.415767175816315,1,0,0
73.27,18,628,3,15.675018119120733,0,1,0
59.81,16,1606,3,6.676349138526703,0,1,0
61.71,19,293,6,4.782564895593805,0,0,0
38.94,16,2493,4,0.6012998596393997,0,0,0
23.43,10,604,2,3.262958219739807,0,0,0
16.37,14,1861,1,5.6100906816723555,1,1,0
146.5,19,1282,4,4.4411639387359045,0,0,0
8.37,14,2444,3,8.883333153614537,0,1,0
80.01,19,2250,2,3.099650146036188,0,0,0
22.54,11,718,5,4.686299261067212,0,1,0
145.68,15,561,4,2.484881535690697,0,0,0
37.81,14,2040,2,0.692673792704352,0,0,0
73.81,15,1131,7,4.9495786237909165,0,0,0
68.73,17,2125,2,9.369961584593668,0,1,0
62.68,20,2766,2,6.071136036699652,0,0,0
5.9,13,1006,6,0.08701008031007174,0,1,0
113.85,16,848,4,9.002357030916924,0,0,0
73.29,16,2208,4,3.950216452361194,0,1,0
137.12,6,2981,5,9.46999172032361,0,0,0
10.7,18,1683,2,5.209683246106824,0,1,0
71.35,14,2542,4,16.612122968840218,0,0,0
34.58,14,139,0,14.572461995068066,0,0,0
36.25,16,1678,0,2.552815638505252,0,1,0
149.04,22,2788,2,14.058755586258478,0,1,0
70.36,14,1695,5,3.52521034486686,0,0,0
73.12,20,741,2,2.0144052010898426,0,0,0
95.41,14,1572,7,13.206267443146443,0,1,0
17.43,13,939,3,10.305260640313033,0,1,0
13.58,16,1818,8,3.695718468502694,0,0,0
94.47,10,1539,4,2.1708250673945155,0,1,0
80.24,22,999,3,10.463388378765082,0,0,0
83.85,15,593,3,5.965390852640148,0,0,0
84.3,17,338,5,11.89665555954284,0,1,0
178.63,15,2095,2,3.0801962706001156,1,1,0
189.48,9,1538,4,10.098324487168627,0,1,0
84.58,17,2054,4,11.761449277789213,0,0,0
76.22,12,66,5,4.28519220894974,0,0,0
74.63,14,2448,5,12.068656697381382,0,0,0
54.77,9,2056,7,9.93072240183302,0,0,0
51.83,13,615,2,5.774648719272742,0,1,0
36.08,11,1015,3,6.291115811155884,0,0,0
94.43,12,2630,4,3.7018525026963154,0,0,0
59.98,15,2093,3,3.6646921963710373,0,0,0
30.73,18,1128,4,7.100919785308164,0,0,0
48.73,16,151,4,8.947580672517638,0,1,0
66.88,11,764,2,3.257962566809666,0,1,0
151.62,17,2327,2,4.84288201235218,0,1,0
184.81,14,1945,4,6.609595259739416,0,0,0
67.39,15,2658,2,2.063320683799776,0,0,0
37.87,11,1298,3,0.20113816811223195,0,1,0
213.2,10,197,3,2.8220185441539947,0,0,0
131.13,11,1278,5,0.8892836765589358,0,0,0
68.82,17,672,0,2.654569748852297,0,0,0
111.49,13,598,6,0.4473762740347089,0,0,0
185.8,13,802,4,3.973360649175815,0,1,0
195.36,14,649,2,6.3084280955246825,1,0,0
138.46,14,2838,2,0.2891530621579186,0,0,0
144.97,14,2669,0,9.030722340693181,0,0,0
85.25,5,132,8,16.47498789998103,0,0,0
71.13,14,471,5,3.085569853165564,0,0,0
5.07,15,2767,4,3.0065904817790687,0,0,0
14.39,23,2736,3,4.4525599397269495,0,1,0
45.86,19,37,3,1.907516756544247,0,0,0
95.32,6,710,4,9.339527692797047,0,0,0
94.67,12,1840,1,5.442986375159311,0,0,0
85.55,9,1755,5,16.42432542928517,0,0,0
28.13,14,2121,3,3.737224992851809,0,1,0
96.72,12,1532,1,15.231446072028811,0,0,0
41.59,10,702,8,24.555201464170107,0,1,0
51.36,13,1023,3,3.324899054442602,0,1,0
94.53,13,146,2,2.6684060990927074,0,1,0
26.15,12,159,3,17.086113075032394,0,1,0
9.37,23,992,4,8.480439170163312,0,0,0
187.86,11,1662,1,4.797888819941043,0,0,0
13.0,16,62,0,5.112772884607245,0,1,0
35.05,18,1373,2,9.791928165681377,0,0,0
16.36,10,293,2,1.7965742548682808,0,0,0
136.98,15,864,9,11.778005287657937,0,0,0
214.35,17,182,4,10.857208713734384,0,1,0
62.16,12,2638,7,7.203273362086209,0,1,0
122.3,13,2638,3,4.234784615037974,0,1,0
172.11,10,145,4,7.186924826094119,0,0,0
28.07,13,2944,3,9.610422928529534,0,0,0
62.49,7,1253,2,4.071826658076542,0,1,0
17.25,13,2935,4,12.239542093668039,0,1,0
86.64,5,345,2,3.273009509937561,0,0,0
34.55,15,62,3,11.583750427762382,0,1,0
78.28,19,2124,1,1.9151742735121546,0,0,0
71.16,10,331,3,3.5017411442850643,0,0,0
37.26,17,622,5,4.916720511021211,0,0,0
64.25,12,445,3,5.663110900199921,0,0,0
135.21,21,1218,1,12.814878276773243,0,1,0
102.37,10,2781,1,19.952320141280282,0,0,0
36.51,11,1254,5,0.33013009874395394,0,0,0
33.39,8,1984,2,1.1367688089294465,0,0,0
174.5,16,2258,2,11.303536939129526,0,0,0
38.05,12,2781,2,13.333066527476452,0,1,0
68.44,17,1462,2,0.129393983741509,0,0,0
12.68,18,1763,5,13.033787164375179,0,0,0
48.46,19,389,4,6.826806456043285,0,0,0
122.61,13,548,2,7.4624905698550865,0,0,0
140.74,8,1399,2,7.682350191223657,0,1,0
88.05,14,808,2,6.518469284926115,0,1,0
149.6,14,1312,2,10.623416337599576,0,0,0
103.58,10,1438,3,4.4658460402159434,0,0,0
5.84,17,1156,3,9.86841158026159,0,0,0
54.39,18,969,4,5.300188438507369,0,0,0
85.19,17,2385,4,2.2883319891093903,0,1,0
88.79,14,633,2,13.182008470885187,0,1,0
96.57,18,1472,5,3.2571400357619282,0,1,0
127.69,20,1633,3,10.416370625408666,1,0,0
54.07,16,943,5,12.392890190909895,0,0,0
65.54,11,2194,2,10.675200706461323,0,1,0
23.52,10,1390,4,1.8988683698145232,0,0,0
39.94,15,1712,5,2.7435996765018498,0,1,0
68.95,14,2828,1,6.801866150307095,0,0,0
106.85,16,732,0,18.121392976583394,0,1,0
30.86,19,2346,1,7.723849934655897,1,0,0
111.73,16,2462,2,8.306007416351488,0,0,0
126.07,11,1303,4,3.8525418188384624,0,0,0
29.95,11,2479,0,8.583362189043376,0,1,0
58.46,9,1559,5,3.8697738145718366,0,0,0
66.75,11,2524,3,5.422529256003176,0,0,0
49.33,18,52,5,19.285248896374668,0,0,0
27.93,17,1741,0,7.1911707143328325,0,0,0
76.99,14,1768,3,8.0756850108422,0,0,0
117.42,12,1897,3,2.249488442408002,0,0,0
71.1,21,114,2,11.063108877657763,1,0,0
127.9,4,1932,2,2.8689588282234375,0,1,0
108.71,14,272,2,5.037318957968443,0,0,0
51.15,8,2573,3,0.412401156155644,0,1,0
143.9,19,1619,2,2.4975685212975325,0,1,0
81.69,9,490,3,6.383936209980733,0,1,0
96.68,15,1689,0,6.338059449401209,0,1,0
34.3,10,551,3,1.3806413479706223,0,0,0
108.18,14,1655,2,10.726498936120898,0,0,0
121.49,23,2505,3,3.0324040475258047,0,1,0
70.34,12,2039,8,4.965590442135287,0,1,0
88.74,13,2743,1,11.505236634959207,0,1,0
78.9,18,2419,3,12.153003597743307,0,1,0
67.12,12,1609,3,4.168931793820281,0,0,0
37.31,11,1200,4,10.359487849012057,0,1,0
30.07,11,1402,3,11.836592461508681,0,1,0
2.94,14,934,1,4.312497679026724,1,0,0
63.31,9,1385,3,7.262891777052115,1,1,0
21.58,13,2128,4,4.808088594999054,0,0,0
110.73,9,1405,3,0.3948096757238462,0,0,0
153.23,14,2784,4,4.8352011355155575,0,1,0
124.9,12,481,2,2.1519683456236063,0,0,0
57.22,23,2109,0,19.73430583829194,0,1,0
83.18,13,2023,3,5.91731682325233,0,1,0
120.98,16,1097,4,13.031662123589387,0,1,0
17.66,20,2368,4,5.585172488871371,0,1,0
82.67,11,289,1,5.7228724713950365,0,0,0
46.49,13,2475,3,9.661121049092145,0,1,0
69.02,12,2530,8,5.355549123852504,0,0,0
169.76,19,393,5,8.677116291151748,0,0,0
124.91,12,982,5,9.261959682752762,0,1,0
65.66,14,1550,3,3.928140229411234,0,1,0
85.59,13,2036,2,12.044485738057823,0,1,0
10.02,21,501,4,7.093959506830817,0,0,0
23.71,16,748,2,9.01174621043782,0,0,0
37.7,12,1951,2,11.158633966822663,0,0,0
169.07,18,124,3,1.2778643782783004,0,1,0
28.29,7,2662,6,14.194409884996377,0,1,0
37.31,15,634,1,12.502019511517993,0,1,0
20.52,13,613,4,1.3991510109019147,0,1,0
104.54,13,48,5,14.618178106218712,0,0,0
158.72,11,1124,0,12.835954155336115,0,0,0
39.9,17,2695,2,2.5596862573788597,1,1,0
48.84,9,69,3,1.6758730088668994,0,1,0
32.76,13,471,8,4.675365091225012,0,0,0
31.84,10,488,2,9.375131957760882,0,1,0
106.05,14,1916,5,5.2059740017055125,0,0,0
69.21,14,2212,1,10.631670297194388,0,1,0
96.44,12,465,6,6.587375682333579,0,0,0
47.08,10,2265,2,12.403413925414808,0,1,0
191.43,13,2891,5,0.04195820205576606,0,0,0
113.38,17,1588,4,0.7127897219347741,0,1,0
106.84,19,2437,6,11.219370317091839,0,1,0
74.54,9,2109,1,6.163258374890566,0,1,0
250.51,15,2687,2,1.282703063902055,0,1,0
30.8,18,2369,0,1.769862397844658,1,1,0
198.1,13,1697,3,1.5989668504135466,0,0,0
77.07,12,2102,3,2.7811611666518656,0,0,0
16.61,12,2726,3,2.2675161232072742,0,0,0
73.13,10,2544,3,2.132029976484768,0,0,0
43.46,20,1594,2,21.192733393702092,0,1,0
144.49,13,2371,0,12.650907117518532,0,1,0
77.19,19,1945,1,16.34233086058706,0,0,0
80.27,11,783,0,6.0130991468148025,1,0,0
170.01,12,1257,5,10.749642090107503,0,0,0
43.86,13,1148,3,13.31980555453888,0,0,0
83.57,13,1239,2,0.08542876726287485,0,1,0
60.12,10,2711,1,12.25592563971809,0,1,0
37.4,13,168,7,17.75802986847956,0,0,0
68.45,14,1751,4,16.29756680552989,0,1,0
36.04,10,359,0,4.780962566030803,0,1,0
61.39,8,1130,1,2.4112720219751393,0,1,0
20.58,13,2379,5,8.648588690825484,0,1,0
108.6,9,353,5,1.08337213273726,0,0,0
13.41,19,1776,3,5.904012815500902,0,0,0
35.74,12,634,1,7.908146661732143,0,0,0
103.19,12,2373,1,1.4164478042661024,0,1,0
22.19,19,1607,6,6.339921722551541,0,1,0
51.19,9,715,1,1.1807554601509596,0,0,0
64.84,13,2596,1,1.6250743242368046,0,0,0
38.98,2,1387,1,19.695897540083262,0,1,0
157.21,17,2400,8,10.74836471825299,0,1,0
57.64,11,197,2,0.3503461914012984,0,0,0
19.17,16,1827,3,13.721160513069652,0,1,0
89.27,5,2669,2,5.610094454890165,0,1,0
15.21,22,1628,1,4.31021728520162,0,0,0
24.9,11,2071,4,5.179249622259061,1,0,0
47.5,22,1587,1,4.765928606439921,0,1,0
73.89,18,351,6,1.132441865563477,0,0,0
41.42,7,2567,3,7.6533447224027285,0,0,0
54.3,16,693,5,12.576334644470425,0,1,0
68.45,13,143,0,2.703697579026993,0,1,0
266.33,3,910,4,10.302099317991143,0,0,0
72.35,18,2469,5,10.074476247159911,0,1,0
166.14,20,1368,3,11.15910297643288,0,0,0
243.6,20,2610,2,6.5724859653097605,0,1,0
52.59,22,976,1,16.46653333564094,0,0,0
1.0,16,1444,4,9.722715536684264,0,1,0
33.81,11,1047,3,21.304347117954674,0,1,0
116.15,15,539,3,3.000271209695764,0,0,0
164.42,19,839,3,2.606687801316049,0,0,0
318.11,4,37,14,391.381227548392,1,1,1
20.53,8,731,4,13.116384181979818,0,1,0
73.81,13,1611,3,3.165975466768508,0,1,0
154.98,12,273,3,19.314664793878634,0,0,0
54.99,9,549,4,1.5329430506917832,0,1,0
25.59,13,2748,1,3.443330585724664,0,0,0
149.51,7,1894,1,0.3307473408307686,0,0,0
56.56,15,296,4,18.725051242725716,0,1,0
109.4,7,762,1,4.431698424791817,0,0,0
16.65,13,1207,6,0.07407939177770473,0,0,0
33.07,12,2309,5,3.040665873879137,0,1,0
111.47,11,206,2,7.409508166470164,0,0,0
178.19,15,222,5,14.549698780981089,0,1,0
32.91,23,2672,3,4.0859368477581,0,0,0
61.59,16,2460,2,3.266916580699257,0,0,0
68.4,10,2477,4,22.775641226694948,0,0,0
45.67,10,1595,3,24.981874085863055,0,1,0
87.74,4,1562,5,11.279935149461027,0,1,0
219.02,18,900,3,5.873465554931414,0,1,0
88.22,12,2591,5,5.51716095197534,0,0,0
